"StationID_Master"	"ChemSampleID"	"Arsenic_inorg_f_ug_L"	"Arsenic_inorg_uf_ug_L"	"CaCO3_uf_mg_L"	"Calcium_uf_mg_L"	"Carbon_f_mg_L"	"Carbon_uf_mg_L"	"Chloride_uf_mg_L"	"Copper_uf_ug_L"	"CrossSectionalArea_calc"	"Depth_ft"	"DO_f_%"	"DO_f_mg_L"	"Ecoli_uf_CFU_100"	"Flow_cfs"	"Flow_ft_sec"	"Hardness_CaCO3_MgCO3_calc_mg_L"	"HydrogenCarbonate_uf_mg_L"	"Kjeldahl_N_uf_mg_L"	"Lead_cmpdsInorg_uf_mg_L"	"Magnesium_uf_mg_L"	"Manganese_uf_ug_L"	"Mercury_elemental_uf_mg_L"	"NH3_N_uf_mg_L"	"NO3NO2_uf_mg_L"	"pH_SU"	"Phosphorus_uf_mg_L"	"Potassium_uf_mg_L"	"Sodium_uf_mg_L"	"SpecCond_umhos_cm"	"StreamWidth_ft"	"Sulfate_uf_mg_L"	"TDS_f_mg_L"	"Temp_degC"	"TSS_susp_mg_L"	"Turbidity_NTU"
"1"	"LCBEN002.57"	"LCBEN002.57_2006-11-15"	NA	NA	0.862903225806452	0.9064039408867	NA	NA	NA	NA	NA	0.0285714285714286	0.270588235294118	0.701960784313725	0.291139240506329	0.0992647058823529	0.46078431372549	0.880239520958084	0.903225806451613	NA	NA	0.798657718120805	NA	NA	0.193548387096774	NA	0.6	0.253246753246753	0.246153846153846	0.941747572815534	0.802919708029197	0.127962085308057	0.486910994764398	0.849593495934959	0.0942028985507246	NA	0.0205761316872428
"2"	"LCBEN002.57"	"LCBEN002.57_2007-04-05"	NA	NA	0.67741935483871	0.768472906403941	NA	NA	NA	NA	0.104651162790698	0.233333333333333	0.164705882352941	0.533333333333333	NA	0.1875	0.294117647058824	0.70059880239521	0.741935483870968	0.1328125	NA	0.677852348993289	NA	NA	NA	NA	0.661818181818182	0.292207792207792	0.223076923076923	0.859223300970874	0.726277372262774	0.175355450236967	NA	0.845528455284553	0.380434782608696	NA	0.0864197530864197
"3"	"LCBEN002.57"	"LCBEN002.57_2007-05-09"	NA	NA	0.653225806451613	0.724137931034483	NA	NA	NA	NA	NA	0.257142857142857	0.0941176470588235	0.749019607843137	NA	0.419117647058824	0.617647058823529	0.67065868263473	0.717741935483871	NA	NA	0.597315436241611	NA	NA	NA	NA	0.709090909090909	0.292207792207792	0.576923076923077	0.79126213592233	0.682481751824818	0.364928909952607	0	0.711382113821138	0.0760869565217391	NA	0.358024691358025
"4"	"LCBIL000.01"	"LCBIL000.01_2009-09-22"	1	0.833333333333333	0.887096774193548	0.866995073891626	NA	NA	0.932584269662921	NA	0.546511627906977	0.538095238095238	0.945098039215686	0.584313725490196	0.316455696202532	0.356617647058824	0.166666666666667	0.934131736526946	0.870967741935484	NA	NA	0.973154362416107	0.961832061068702	NA	NA	NA	0.872727272727273	NA	NA	0.941747572815534	0.923357664233577	0.559241706161137	0.612565445026178	0.910569105691057	0.865942028985507	0.847953216374269	0.975308641975309
"5"	"LCBIL000.01"	"LCBIL000.01_2010-03-09"	NA	NA	0.693548387096774	0.788177339901478	NA	NA	0.764044943820225	NA	NA	1	0.176470588235294	0.396078431372549	0.316455696202532	0.996323529411765	1	0.802395209580838	0.637096774193548	NA	NA	0.852348993288591	0.526717557251908	NA	NA	NA	0.792727272727273	NA	NA	0.825242718446602	0.715328467153285	1	0.575916230366492	0.695121951219512	0.0833333333333333	0.625730994152047	0.876543209876543
"6"	"LCBIL000.01"	"LCBIL000.01_2010-05-06"	0.571428571428571	0.333333333333333	0.887096774193548	0.950738916256158	NA	NA	0.932584269662921	NA	0.755813953488372	0.876190476190476	0.992156862745098	0.811764705882353	NA	0.753676470588235	0.431372549019608	0.934131736526946	0.870967741935484	NA	NA	0.953020134228188	0.549618320610687	NA	NA	NA	0.974545454545454	NA	NA	0.922330097087379	0.854014598540146	0.71563981042654	0.732984293193717	1	0.77536231884058	0.538011695906433	0.736625514403292
"7"	"LCBIL000.15"	"LCBIL000.15_2013-09-17"	NA	NA	NA	0.935960591133005	NA	NA	0.887640449438202	NA	0.517441860465116	0.371428571428571	0.486274509803922	0.0627450980392157	0.772151898734177	0.367647058823529	NA	0.916167664670659	NA	0.6875	NA	0.953020134228188	0.824427480916031	NA	0.516129032258065	NA	0.905454545454545	NA	NA	0.956310679611651	0.883211678832117	0.635071090047393	0.267015706806283	0.894308943089431	0.847826086956522	0.883040935672515	0.864197530864197
"8"	"LCBIL000.15"	"LCBIL000.15_2013-11-13"	NA	NA	NA	0.940886699507389	NA	NA	0.97752808988764	NA	0.674418604651163	0.733333333333333	0.458823529411765	0.596078431372549	NA	0.779411764705882	NA	0.952095808383233	NA	0.8828125	NA	0.979865771812081	0.358778625954198	NA	NA	NA	0.92	NA	0.938461538461538	0.956310679611651	0.948905109489051	0.635071090047393	0.759162303664921	0.926829268292683	0.253623188405797	0.339181286549708	0.481481481481481
"9"	"LCBIL000.15"	"LCBIL000.15_2014-03-24"	NA	NA	NA	0.96551724137931	NA	NA	1	NA	0.779069767441861	0.771428571428571	0.949019607843137	0.96078431372549	NA	0.639705882352941	NA	0.976047904191617	NA	NA	NA	0.993288590604027	0.122137404580153	NA	NA	NA	0.956363636363636	NA	0.969230769230769	0.970873786407767	0.970802919708029	0.819905213270142	0.759162303664921	0.943089430894309	0.58695652173913	0.146198830409357	0.271604938271605
"10"	"LCBIL000.15"	"LCBIL000.15_2014-05-13"	0.571428571428571	0.5	NA	0.970443349753695	NA	NA	0.966292134831461	NA	0.372093023255814	0.176190476190476	0.109803921568627	0.47843137254902	0.550632911392405	0.286764705882353	NA	0.994011976047904	NA	0.671875	NA	1	0.541984732824427	NA	NA	NA	0.861818181818182	0.0714285714285714	NA	0.975728155339806	0.985401459854015	0.62085308056872	0.759162303664921	0.959349593495935	0.485507246376812	0.567251461988304	0.320987654320988
"11"	"LCBIL005.75"	"LCBIL005.75_2007-04-05"	NA	NA	0.846774193548387	NA	0.454545454545455	0.363636363636364	0.865168539325843	NA	NA	NA	0.529411764705882	0.764705882352941	NA	0.213235294117647	NA	NA	0.814516129032258	0.2734375	NA	NA	NA	NA	0	0.285714285714286	0.778181818181818	0.487012987012987	NA	NA	0.861313868613139	NA	0.832460732984293	0.861788617886179	0.431159420289855	0.385964912280702	0.60082304526749
"12"	"LCBIL005.75"	"LCBIL005.75_2007-06-27"	NA	NA	NA	NA	0.136363636363636	0.272727272727273	NA	NA	NA	NA	0.56078431372549	0.141176470588235	NA	0.0330882352941176	NA	NA	NA	0.1953125	NA	NA	NA	NA	NA	0.4	0.127272727272727	0.142857142857143	NA	NA	0.886861313868613	NA	NA	NA	0.735507246376812	NA	NA
"13"	"LCBIL005.75"	"LCBIL005.75_2007-07-25"	NA	NA	NA	NA	0.227272727272727	0.318181818181818	NA	NA	NA	NA	0.0627450980392157	0.0823529411764706	NA	0.0735294117647059	NA	NA	NA	NA	NA	NA	NA	NA	NA	0.585714285714286	0.167272727272727	0.558441558441558	NA	NA	0.937956204379562	NA	NA	NA	0.782608695652174	NA	NA
"14"	"LCBIL005.75"	"LCBIL005.75_2007-08-27"	NA	NA	NA	NA	0.318181818181818	0.5	NA	NA	NA	NA	0.419607843137255	0.556862745098039	NA	0.176470588235294	NA	NA	NA	0.9921875	NA	NA	NA	NA	NA	0.2	0.461818181818182	0.649350649350649	NA	NA	0.843065693430657	NA	NA	NA	0.608695652173913	NA	NA
"15"	"LCBIL005.75"	"LCBIL005.75_2007-10-30"	NA	NA	0.887096774193548	NA	0.318181818181818	0	0.887640449438202	NA	NA	NA	0.505882352941176	0.513725490196078	NA	0.0845588235294118	NA	NA	0.935483870967742	NA	NA	NA	NA	NA	NA	0.871428571428571	0.501818181818182	0.0974025974025974	NA	NA	0.941605839416058	NA	0.759162303664921	0.930894308943089	0.173913043478261	NA	0.259259259259259
"16"	"LCBIL005.75"	"LCBIL005.75_2008-04-15"	NA	NA	NA	NA	NA	NA	NA	NA	NA	NA	0.498039215686275	0.301960784313725	NA	0.551470588235294	NA	NA	NA	0.2734375	NA	NA	NA	NA	NA	0.171428571428571	0.585454545454545	NA	NA	NA	0.784671532846715	NA	NA	0.813008130081301	0.420289855072464	NA	NA
"17"	"LCBIL005.75"	"LCBIL005.75_2008-07-15"	NA	NA	NA	NA	NA	NA	NA	NA	NA	NA	0.305882352941176	0.12156862745098	NA	0.363970588235294	NA	NA	NA	NA	NA	NA	NA	NA	NA	NA	0.476363636363636	NA	NA	NA	0.77007299270073	NA	NA	NA	0.507246376811594	NA	NA
"18"	"LCBIL005.75"	"LCBIL005.75_2008-09-21"	NA	NA	NA	NA	NA	NA	NA	NA	NA	NA	0.235294117647059	0.117647058823529	NA	0.573529411764706	NA	NA	NA	NA	NA	NA	NA	NA	NA	NA	0.818181818181818	NA	NA	NA	0.788321167883212	NA	NA	0.817073170731707	0.702898550724638	NA	NA
"19"	"LCBIL005.75"	"LCBIL005.75_2015-05-14"	NA	NA	NA	NA	NA	NA	NA	NA	NA	NA	NA	NA	0.594936708860759	NA	NA	NA	NA	NA	NA	NA	NA	NA	NA	NA	NA	0.220779220779221	NA	NA	NA	NA	NA	NA	NA	NA	NA
"20"	"LCBIL005.75"	"LCBIL005.75_2015-09-01"	NA	NA	NA	NA	NA	NA	NA	NA	NA	NA	NA	NA	NA	NA	NA	NA	NA	NA	NA	NA	NA	NA	0.806451612903226	NA	NA	0.266233766233766	NA	NA	NA	NA	NA	NA	0.561594202898551	NA	NA
"21"	"LCCOL003.03"	"LCCOL003.03_2013-10-09"	NA	NA	NA	0.866995073891626	NA	NA	0.629213483146067	NA	0.511627906976744	0.580952380952381	0.458823529411765	0.450980392156863	NA	0.625	NA	0.868263473053892	NA	NA	NA	0.845637583892617	0.129770992366412	NA	NA	NA	0.829090909090909	NA	NA	0.825242718446602	0.748175182481752	0.568720379146919	0.952879581151832	0.821138211382114	0.278985507246377	0.0292397660818713	0.337448559670782
"22"	"LCCOL003.03"	"LCCOL003.03_2013-12-04"	NA	NA	NA	0.817733990147783	NA	NA	0.651685393258427	NA	0.424418604651163	0.404761904761905	0.349019607843137	0.972549019607843	0.259493670886076	0.705882352941177	NA	0.760479041916168	NA	0.6640625	0.888888888888889	0.751677852348993	NA	NA	NA	0.642857142857143	0.669090909090909	NA	NA	0.79126213592233	0.737226277372263	0.421800947867299	0.952879581151832	0.780487804878049	0.0289855072463768	0.0701754385964912	0.156378600823045
"23"	"LCCOL003.03"	"LCCOL003.03_2014-04-14"	NA	NA	NA	0.783251231527094	NA	NA	0.595505617977528	NA	0.424418604651163	0.271428571428571	0.203921568627451	0.56078431372549	0.0949367088607595	0.459558823529412	NA	0.730538922155689	NA	0.9765625	NA	0.718120805369127	0.0687022900763359	NA	NA	NA	0.803636363636364	0.681818181818182	0.484615384615385	0.805825242718447	0.700729927007299	0.57345971563981	0.947643979057592	0.735772357723577	0.340579710144928	0.152046783625731	0.139917695473251
"24"	"LCCOL003.03"	"LCCOL003.03_2014-05-21"	NA	NA	NA	0.847290640394089	NA	NA	0.49438202247191	NA	0.203488372093023	0.0761904761904762	0.603921568627451	0.164705882352941	NA	0.176470588235294	NA	0.826347305389222	NA	0.7734375	0.444444444444444	0.838926174496644	0.236641221374046	NA	NA	NA	0.789090909090909	0.792207792207792	0.653846153846154	0.878640776699029	0.791970802919708	0.37914691943128	0.853403141361257	0.83739837398374	0.793478260869565	0.421052631578947	0.477366255144033
"25"	"LCELR000.13"	"LCELR000.13_2006-11-15"	NA	NA	0.580645161290323	0.586206896551724	NA	NA	NA	NA	0.424418604651163	0.476190476190476	0.670588235294118	0.854901960784314	0.227848101265823	0.488970588235294	0.450980392156863	0.395209580838323	0.596774193548387	0.0078125	NA	0.342281879194631	NA	NA	NA	0.128571428571429	0.727272727272727	NA	0.776923076923077	0.771844660194175	0.543795620437956	0.464454976303318	NA	0.536585365853659	0.0144927536231884	NA	0.226337448559671
"26"	"LCELR000.13"	"LCELR000.13_2007-03-27"	NA	NA	0.709677419354839	0.142857142857143	NA	NA	NA	NA	0.720930232558139	0.771428571428571	0.0745098039215686	0.741176470588235	0.227848101265823	0.893382352941177	0.892156862745098	0.0778443113772455	0.758064516129032	0.515625	NA	0.0939597315436242	NA	NA	NA	NA	0.341818181818182	0.142857142857143	0.576923076923077	0.199029126213592	0.182481751824818	0.682464454976303	NA	0.276422764227642	0.148550724637681	NA	0.905349794238683
"27"	"LCELR000.13"	"LCELR000.13_2007-06-12"	NA	NA	0.580645161290323	0.586206896551724	NA	NA	NA	NA	0.337209302325581	0.119047619047619	0.125490196078431	0.372549019607843	0.987341772151899	0.602941176470588	0.745098039215686	0.431137724550898	0.580645161290323	0.421875	NA	0.342281879194631	NA	NA	NA	NA	0.716363636363636	0.292207792207792	0.861538461538462	0.800970873786408	0.58029197080292	0.682464454976303	NA	0.609756097560976	0.369565217391304	NA	0.847736625514403
"28"	"LCELR000.13"	"LCELR000.13_2015-08-17"	NA	NA	NA	0.25615763546798	NA	NA	0.0898876404494382	NA	0.88953488372093	0.719047619047619	0.925490196078431	0.349019607843137	0.79746835443038	0.915441176470588	NA	NA	NA	NA	NA	NA	0.480916030534351	NA	NA	NA	0.385454545454545	0.344155844155844	0.815384615384615	0.548543689320388	0.306569343065693	0.938388625592417	0.031413612565445	0.288617886178862	0.86231884057971	0.105263157894737	0.440329218106996
"29"	"LCELR005.67"	"LCELR005.67_2013-09-26"	NA	NA	NA	0.201970443349754	NA	NA	NA	0.857142857142857	0.616279069767442	0.447619047619048	0.345098039215686	0.250980392156863	0.79746835443038	0.735294117647059	0.57843137254902	0.11377245508982	NA	0.65625	NA	0.0939597315436242	0.251908396946565	NA	0.774193548387097	NA	0.0290909090909091	NA	NA	0.383495145631068	0.14963503649635	0.739336492890995	NA	0.0528455284552846	0.188405797101449	0.228070175438596	0.580246913580247
"30"	"LCELR005.67"	"LCELR005.67_2013-10-29"	NA	NA	NA	0.201970443349754	NA	NA	NA	NA	0.162790697674419	0.257142857142857	0.584313725490196	0.737254901960784	0.259493670886076	0.452205882352941	NA	0.137724550898204	NA	NA	NA	0.154362416107383	0.358778625954198	NA	NA	NA	0.138181818181818	NA	NA	0.509708737864078	0.237226277372263	0.246445497630332	NA	0.203252032520325	0.0797101449275362	0.333333333333333	0.650205761316872
"31"	"LCELR005.67"	"LCELR005.67_2014-04-29"	NA	NA	NA	NA	NA	NA	0.0674157303370786	NA	0.453488372093023	0.580952380952381	NA	NA	NA	0.555147058823529	NA	NA	NA	0.8671875	NA	NA	0.793893129770992	NA	NA	NA	0.0945454545454545	0.441558441558442	0.761538461538461	0.194174757281553	0.171532846715328	0.364928909952607	0.0471204188481675	0.182926829268293	0.221014492753623	0.368421052631579	0.641975308641975
"32"	"LCELR007.19"	"LCELR007.19_2006-11-14"	NA	NA	0.137096774193548	0.0886699507389163	NA	NA	NA	NA	NA	NA	0.666666666666667	0.63921568627451	NA	0.338235294117647	NA	0.0239520958083832	0.153225806451613	0.015625	NA	0.0134228187919463	NA	NA	NA	NA	0.850909090909091	0.0584415584415584	0.738461538461539	0.300970873786408	0.0985401459854015	NA	0.109947643979058	0.121951219512195	0.0543478260869565	NA	0.609053497942387
"33"	"LCELR007.19"	"LCELR007.19_2007-04-19"	NA	NA	0	0.00985221674876847	NA	NA	NA	NA	0.593023255813954	0.633333333333333	0.223529411764706	0.831372549019608	0.487341772151899	0.639705882352941	0.490196078431373	0	0.0161290322580645	0.2265625	NA	NA	0.870229007633588	NA	NA	NA	0.0981818181818182	0.142857142857143	0.430769230769231	0.0728155339805825	0.0510948905109489	0.582938388625592	NA	0.0650406504065041	0.206521739130435	NA	0.654320987654321
"34"	"LCELR007.19"	"LCELR007.19_2007-06-13"	NA	NA	0.120967741935484	0.0788177339901478	NA	NA	NA	NA	0.186046511627907	0.0761904761904762	0.184313725490196	0.219607843137255	0.430379746835443	0.158088235294118	0.254901960784314	0.0239520958083832	0.137096774193548	0.2578125	NA	0.00671140939597315	NA	NA	NA	NA	0.327272727272727	0.5	0.915384615384615	0.300970873786408	0.135036496350365	0.407582938388626	NA	0.146341463414634	0.72463768115942	NA	0.349794238683128
"35"	"LCELR008.70"	"LCELR008.70_2009-09-10"	NA	NA	0.137096774193548	0.0591133004926108	NA	NA	NA	NA	0.25	0.247619047619048	0.576470588235294	0.349019607843137	0.670886075949367	0.345588235294118	0.529411764705882	NA	0.120967741935484	NA	NA	NA	0.282442748091603	NA	0.258064516129032	NA	0.0436363636363636	NA	NA	0.252427184466019	0.124087591240876	0.478672985781991	0.0732984293193717	0.0975609756097561	0.108695652173913	0.298245614035088	0.48559670781893
"36"	"LCELR008.70"	"LCELR008.70_2010-06-24"	NA	NA	0.0725806451612903	0.0541871921182266	NA	NA	NA	NA	NA	NA	NA	NA	NA	0.797794117647059	NA	NA	0.0483870967741935	NA	NA	NA	0.251908396946565	NA	NA	NA	0.0872727272727273	NA	NA	0.383495145631068	0.109489051094891	NA	0.109947643979058	0.121951219512195	0.952898550724638	0.181286549707602	0.423868312757202
"37"	"LCELR008.70"	"LCELR008.70_2013-09-25"	NA	NA	NA	0.0591133004926108	NA	NA	NA	NA	0.412790697674419	0.695238095238095	0.368627450980392	0.184313725490196	0.39873417721519	0.591911764705882	NA	NA	NA	0.4453125	NA	NA	0.618320610687023	NA	0.903225806451613	NA	0.101818181818182	NA	NA	0.179611650485437	0.0182481751824818	0.293838862559242	0.0471204188481675	0.00813008130081301	0.286231884057971	0.672514619883041	0.740740740740741
"38"	"LCELR008.70"	"LCELR008.70_2013-10-29"	NA	NA	NA	0.118226600985222	NA	NA	NA	NA	0.372093023255814	0.752380952380952	0.894117647058824	0.913725490196078	0.0189873417721519	0.441176470588235	NA	NA	NA	NA	NA	NA	0.282442748091603	NA	NA	NA	0.214545454545455	NA	NA	0.383495145631068	0.131386861313869	0.232227488151659	0.0942408376963351	0.117886178861789	0.166666666666667	0.134502923976608	0.292181069958848
"39"	"LCELR008.70"	"LCELR008.70_2014-04-29"	NA	NA	NA	NA	NA	NA	0.0224719101123595	NA	0.0988372093023256	0.314285714285714	NA	NA	NA	0.345588235294118	NA	NA	NA	NA	NA	NA	0.106870229007634	NA	NA	NA	0.0727272727272727	0.227272727272727	0.769230769230769	0.0679611650485437	0.0145985401459854	0.127962085308057	0.151832460732984	0.0487804878048781	0.0326086956521739	0.304093567251462	0.489711934156379
"40"	"LCFIS003.86"	"LCFIS003.86_2009-09-29"	NA	NA	0.693548387096774	0.724137931034483	NA	NA	0.831460674157303	NA	NA	NA	0.403921568627451	0.658823529411765	0.430379746835443	0.128676470588235	NA	0.622754491017964	0.637096774193548	NA	NA	0.469798657718121	NA	NA	NA	0.714285714285714	0.92	0.935064935064935	0.961538461538462	0.907766990291262	0.704379562043796	NA	NA	0.654471544715447	0.655797101449275	0.555555555555556	0.353909465020576
"41"	"LCFIS003.86"	"LCFIS003.86_2010-05-04"	NA	NA	0.0725806451612903	0.349753694581281	NA	NA	0.98876404494382	NA	0.941860465116279	0.828571428571429	0.392156862745098	0.247058823529412	0.316455696202532	0.974264705882353	0.980392156862745	0.25748502994012	0.0483870967741935	NA	NA	0.275167785234899	0.786259541984733	NA	NA	NA	0.341818181818182	0.811688311688312	NA	0.810679611650485	0.408759124087591	0.966824644549763	0.282722513089005	0.504065040650406	0.47463768115942	0.970760233918129	0.97119341563786
"42"	"LCFIS003.86"	"LCFIS003.86_2010-06-29"	NA	NA	0.508064516129032	0.61576354679803	NA	NA	0.932584269662921	NA	0.27906976744186	0.176190476190476	0.819607843137255	0.301960784313725	0.645569620253165	0.327205882352941	0.303921568627451	0.562874251497006	0.459677419354839	NA	NA	0.523489932885906	NA	NA	0.258064516129032	NA	0.901818181818182	NA	NA	0.91747572815534	0.656934306569343	0.407582938388626	0.109947643979058	0.682926829268293	0.746376811594203	0.216374269005848	0.246913580246914
"43"	"LCHAL004.59"	"LCHAL004.59_2007-06-04"	NA	NA	0.153225806451613	0.172413793103448	NA	NA	NA	NA	0.366279069767442	0.314285714285714	0.541176470588235	0.596078431372549	NA	0.102941176470588	0.0588235294117647	0.137724550898204	0.169354838709677	0.8984375	NA	0.161073825503356	0.755725190839695	NA	NA	NA	0.0909090909090909	0.909090909090909	0.692307692307692	0.529126213592233	0.211678832116788	0.421800947867299	0.0261780104712042	0.333333333333333	0.764492753623188	NA	0.530864197530864
"44"	"LCHAL008.83"	"LCHAL008.83_2007-06-04"	NA	NA	0.0967741935483871	0.108374384236453	NA	NA	NA	NA	NA	0.771428571428571	0.643137254901961	0.717647058823529	0.917721518987342	0.00367647058823529	0	0.0419161676646707	0.129032258064516	0.5546875	NA	0.0335570469798658	0.916030534351145	NA	NA	0.242857142857143	0.116363636363636	0.915584415584416	0.915384615384615	0.485436893203884	0.135036496350365	0.042654028436019	0.366492146596859	0.25609756097561	0.757246376811594	0.91812865497076	0.987654320987654
"45"	"LCHAL008.83"	"LCHAL008.83_2007-06-05"	NA	NA	0.0725806451612903	0.0443349753694581	NA	NA	NA	NA	NA	NA	0.443137254901961	0.917647058823529	0.0949367088607595	0.0147058823529412	NA	0.0179640718562874	0.104838709677419	0.2265625	NA	0.0134228187919463	NA	NA	NA	NA	0.16	0.5	0.915384615384615	0.252427184466019	0.0985401459854015	NA	0.392670157068063	0.146341463414634	0.282608695652174	0.467836257309941	0.967078189300412
"46"	"LCHAL008.83"	"LCHAL008.83_2013-09-26"	NA	NA	NA	0.118226600985222	NA	NA	NA	NA	0.0523255813953488	0.138095238095238	0.349019607843137	0.203921568627451	0.582278481012658	0.297794117647059	NA	NA	NA	0.609375	NA	NA	0.687022900763359	NA	0.838709677419355	NA	0.0254545454545455	NA	NA	0.300970873786408	0.0839416058394161	0.161137440758294	0.298429319371728	0.0203252032520325	0.257246376811594	0.730994152046784	0.790123456790123
"47"	"LCHAL008.83"	"LCHAL008.83_2013-10-29"	NA	NA	NA	0.0985221674876847	NA	NA	NA	NA	0.0232558139534884	0.157142857142857	0.349019607843137	0.392156862745098	0.354430379746835	0.0477941176470588	NA	NA	NA	0.421875	NA	NA	0.458015267175573	NA	NA	NA	0.00363636363636364	NA	NA	0.383495145631068	0.127737226277372	0.0568720379146919	0.366492146596859	0.134146341463415	0.304347826086957	0.935672514619883	0.979423868312757
"48"	"LCHAL008.83"	"LCHAL008.83_2014-03-17"	NA	NA	NA	NA	NA	NA	0.0337078651685393	NA	0.238372093023256	0.466666666666667	0.133333333333333	0.866666666666667	NA	0.536764705882353	NA	NA	NA	0.9609375	NA	NA	0.893129770992366	NA	NA	NA	0.0618181818181818	0.733766233766234	0.807692307692308	0.058252427184466	0.0875912408759124	0.18957345971564	0.109947643979058	0.170731707317073	0.16304347826087	0.988304093567251	0.395061728395062
"49"	"LCHAL010.20"	"LCHAL010.20_2007-06-07"	NA	NA	NA	NA	NA	NA	NA	NA	NA	NA	0.564705882352941	0.372549019607843	NA	0.0330882352941176	NA	NA	NA	NA	NA	NA	NA	NA	NA	NA	0.00727272727272727	NA	NA	NA	0.116788321167883	NA	NA	NA	0.141304347826087	NA	NA
"50"	"LCLCR360.06"	"LCLCR360.06_2006-11-15"	NA	NA	0.379032258064516	0.334975369458128	NA	NA	NA	NA	0.802325581395349	0.719047619047619	0.854901960784314	0.945098039215686	NA	0.8125	0.558823529411765	0.209580838323353	0.459677419354839	0.0234375	NA	0.161073825503356	NA	NA	NA	0.114285714285714	0.869090909090909	NA	0.815384615384615	0.300970873786408	0.299270072992701	0.834123222748815	0.151832460732984	0.353658536585366	0	NA	0.226337448559671
"51"	"LCLCR360.06"	"LCLCR360.06_2007-03-27"	NA	NA	0.604838709677419	0.167487684729064	NA	NA	NA	NA	0.953488372093023	0.904761904761905	0.203921568627451	0.764705882352941	NA	0.948529411764706	0.911764705882353	0.0898203592814371	0.604838709677419	0.2734375	NA	0.0939597315436242	NA	NA	NA	NA	0.261818181818182	0.142857142857143	0.692307692307692	0.300970873786408	0.193430656934307	0.928909952606635	NA	0.317073170731707	0.260869565217391	NA	0.728395061728395
"52"	"LCLCR360.06"	"LCLCR360.06_2007-06-05"	NA	NA	0.209677419354839	0.133004926108374	NA	NA	NA	NA	0.837209302325581	0.752380952380952	0.149019607843137	0.290196078431373	0.613924050632911	0.886029411764706	0.784313725490196	0.0658682634730539	0.241935483870968	0.515625	NA	0.0469798657718121	NA	NA	NA	0.371428571428571	0.676363636363636	0.5	0.9	0.553398058252427	0.175182481751825	0.900473933649289	NA	0.191056910569106	0.63768115942029	0.690058479532164	0.909465020576132
"53"	"LCLVL001.32"	"LCLVL001.32_2006-11-14"	NA	NA	0.0403225806451613	0.0295566502463054	NA	NA	NA	NA	NA	NA	0.474509803921569	0.741176470588235	0.0949367088607595	0.128676470588235	NA	0.00598802395209581	0.0725806451612903	0	NA	NA	NA	NA	NA	NA	0.134545454545455	NA	0.576923076923077	0.179611650485437	0.0328467153284672	NA	0.340314136125654	0.0813008130081301	0.0036231884057971	0.573099415204678	0.646090534979424
"54"	"LCLVL001.32"	"LCLVL001.32_2007-04-19"	NA	NA	0.0403225806451613	0.0443349753694581	NA	NA	NA	NA	NA	NA	0.0509803921568627	0.850980392156863	NA	0.433823529411765	NA	0.0119760479041916	0.0403225806451613	0.0703125	NA	0	NA	NA	NA	NA	0.338181818181818	0.292207792207792	0.515384615384615	0.121359223300971	0.0510948905109489	NA	NA	0.0934959349593496	0.0615942028985507	NA	0.888888888888889
"55"	"LCLVL001.32"	"LCLVL001.32_2007-06-13"	NA	NA	0.0403225806451613	0.0295566502463054	NA	NA	NA	NA	0.226744186046512	0.314285714285714	0.23921568627451	0.364705882352941	NA	0.227941176470588	0.274509803921569	NA	0.0483870967741935	0.1953125	NA	NA	NA	NA	NA	NA	0.232727272727273	0.623376623376623	0.692307692307692	0.150485436893204	0.0912408759124088	0.208530805687204	0.151832460732984	0.0772357723577236	0.528985507246377	0.573099415204678	0.45679012345679
"56"	"LCLVL001.32"	"LCLVL001.32_2009-05-19"	NA	NA	NA	NA	NA	NA	NA	NA	0.505813953488372	0.676190476190476	0.517647058823529	0.180392156862745	0.449367088607595	0.654411764705882	0.568627450980392	NA	NA	NA	NA	NA	NA	NA	NA	NA	0.167272727272727	NA	NA	NA	0.0401459854014599	0.402843601895735	NA	NA	0.66304347826087	NA	0.818930041152263
"57"	"LCLVL001.32"	"LCLVL001.32_2009-09-22"	NA	NA	0.104838709677419	0.0985221674876847	NA	NA	NA	NA	NA	0.176190476190476	0.768627450980392	0.847058823529412	NA	0.143382352941176	NA	NA	0.0887096774193548	NA	NA	NA	0.251908396946565	NA	NA	NA	0.24	NA	NA	0.300970873786408	0.113138686131387	0.175355450236967	0.214659685863874	0.0569105691056911	0.384057971014493	0.327485380116959	0.510288065843621
"58"	"LCLVL001.32"	"LCLVL001.32_2010-06-03"	NA	NA	NA	NA	NA	NA	NA	NA	0.482558139534884	0.633333333333333	0.101960784313725	0.0705882352941176	0.310126582278481	0.724264705882353	0.803921568627451	NA	NA	NA	NA	NA	NA	NA	NA	NA	0.970909090909091	NA	NA	NA	0.0109489051094891	0.350710900473934	NA	0.0040650406504065	0.394927536231884	NA	NA
"59"	"LCLVL001.32"	"LCLVL001.32_2010-06-24"	NA	NA	0.0241935483870968	0.0147783251231527	NA	NA	NA	NA	NA	NA	NA	NA	NA	0.5	NA	NA	0.0161290322580645	NA	NA	NA	0.213740458015267	NA	NA	NA	0.0363636363636364	NA	NA	0.199029126213592	0.0656934306569343	NA	0.308900523560209	0.121951219512195	NA	0.713450292397661	0.563786008230453
"60"	"LCLVL001.32"	"LCLVL001.32_2013-09-25"	NA	NA	NA	0.0788177339901478	NA	NA	NA	NA	0.22093023255814	0.304761904761905	0.733333333333333	0.450980392156863	0.537974683544304	0.459558823529412	NA	NA	NA	0.5703125	NA	NA	0.49618320610687	NA	0.741935483870968	NA	0.08	NA	NA	0.199029126213592	0.0218978102189781	0.222748815165877	0.282722513089005	0.0121951219512195	0.246376811594203	0.760233918128655	0.748971193415638
"61"	"LCLVL001.32"	"LCLVL001.32_2013-10-29"	NA	NA	NA	0.0591133004926108	NA	NA	NA	NA	0.0872093023255814	0.580952380952381	0.67843137254902	0.894117647058824	0.0189873417721519	0.158088235294118	NA	NA	NA	NA	NA	NA	0.183206106870229	NA	NA	NA	0.156363636363636	NA	NA	0.199029126213592	0.0802919708029197	0.0616113744075829	0.267015706806283	0.0365853658536585	0.0108695652173913	0.497076023391813	0.497942386831276
"62"	"LCLVL001.32"	"LCLVL001.32_2015-09-03"	NA	NA	NA	NA	NA	NA	0.0112359550561798	NA	0.00581395348837209	0.342857142857143	0.662745098039216	0.250980392156863	0.424050632911392	0.264705882352941	NA	NA	NA	0.2734375	NA	NA	0.633587786259542	NA	NA	NA	0.0654545454545455	0.584415584415584	0.661538461538462	0.237864077669903	0.0364963503649635	0.0853080568720379	0.0732984293193717	0.158536585365854	0.568840579710145	0.590643274853801	0.757201646090535
"63"	"LCMAM002.05"	"LCMAM002.05_2010-06-24"	NA	NA	0.725806451612903	0.832512315270936	NA	NA	NA	NA	NA	0.0142857142857143	0.364705882352941	0.325490196078431	0.379746835443038	0.143382352941176	NA	0.748502994011976	0.685483870967742	NA	NA	0.550335570469799	0.458015267175573	NA	NA	NA	0.476363636363636	0.941558441558442	NA	0.922330097087379	0.722627737226277	0.0995260663507109	0.74869109947644	0.768292682926829	0.869565217391304	0.783625730994152	0.666666666666667
"64"	"LCMIN018.05"	"LCMIN018.05_2007-06-26"	NA	NA	0.508064516129032	0.492610837438424	NA	NA	NA	NA	0.244186046511628	0.0285714285714286	0.0352941176470588	0.0666666666666667	0.746835443037975	0.209558823529412	0.313725490196078	0.455089820359281	0.540322580645161	0.0546875	NA	0.429530201342282	NA	NA	NA	0.257142857142857	0.476363636363636	0.779220779220779	0.346153846153846	0.669902912621359	0.521897810218978	0.739336492890995	NA	0.565040650406504	0.985507246376812	0.760233918128655	0.703703703703704
"65"	"LCMLK001.18"	"LCMLK001.18_2006-11-14"	NA	NA	0.645161290322581	0.768472906403941	NA	NA	NA	NA	NA	0.271428571428571	0.854901960784314	0.933333333333333	NA	0.0257352941176471	0.0392156862745098	0.688622754491018	0.701612903225806	0.046875	NA	0.496644295302013	NA	NA	0.161290322580645	NA	0.563636363636364	NA	0.115384615384615	0.820388349514563	0.64963503649635	0.0947867298578199	0.455497382198953	0.703252032520325	0.0217391304347826	0.573099415204678	0.185185185185185
"66"	"LCMLK001.18"	"LCMLK001.18_2007-04-10"	NA	NA	0.741935483870968	0.866995073891626	NA	NA	NA	NA	0.0290697674418605	0.0619047619047619	0.0862745098039216	0.227450980392157	NA	0.0257352941176471	0.0392156862745098	0.796407185628742	0.838709677419355	0.1953125	NA	0.731543624161074	NA	NA	0.0645161290322581	NA	0.825454545454545	0.142857142857143	0.107692307692308	0.864077669902913	0.806569343065693	0.127962085308057	0.340314136125654	0.796747967479675	0.641304347826087	0.637426900584795	0.308641975308642
"67"	"LCMLK001.18"	"LCMLK001.18_2007-05-22"	NA	NA	0.637096774193548	0.788177339901478	NA	NA	NA	NA	0.0174418604651163	0.20952380952381	0.145098039215686	0.47843137254902	NA	0.1875	0.705882352941177	0.70059880239521	0.693548387096774	0.1796875	NA	0.597315436241611	NA	NA	NA	NA	0.890909090909091	0.5	0.192307692307692	0.825242718446602	0.693430656934307	0.042654028436019	0.863874345549738	0.75609756097561	0.52536231884058	0.912280701754386	NA
"68"	"LCMRS043.17"	"LCMRS043.17_2006-11-14"	NA	NA	0.975806451612903	0.985221674876847	NA	NA	NA	NA	NA	0.019047619047619	0.611764705882353	0.627450980392157	0.0949367088607595	0.0220588235294118	0.215686274509804	0.958083832335329	0.975806451612903	NA	NA	0.865771812080537	NA	NA	0.0645161290322581	0.1	0.807272727272727	0.402597402597403	0.0384615384615385	0.990291262135922	0.981751824817518	0.033175355450237	0.968586387434555	0.971544715447154	0.134057971014493	0.742690058479532	0.135802469135802
"69"	"LCMRS043.17"	"LCMRS043.17_2007-03-28"	NA	NA	0.959677419354839	0.9064039408867	NA	NA	NA	NA	NA	NA	0.0862745098039216	0.545098039215686	0.0949367088607595	NA	NA	0.784431137724551	0.959677419354839	0.421875	NA	0.570469798657718	0.763358778625954	NA	NA	0.557142857142857	0.309090909090909	0.694805194805195	0.0769230769230769	0.854368932038835	0.638686131386861	NA	NA	0.666666666666667	0.0688405797101449	0.894736842105263	0.835390946502058
"70"	"LCMRS043.17"	"LCMRS043.17_2007-05-23"	NA	NA	0.983870967741935	0.995073891625616	NA	NA	NA	NA	0.36046511627907	0.90952380952381	0.0196078431372549	0.0274509803921569	NA	0.227941176470588	0.0588235294117647	0.982035928143713	0.983870967741935	0.15625	NA	0.885906040268456	0.916030534351145	NA	NA	NA	0.916363636363636	0.915584415584416	0.0846153846153846	0.985436893203884	0.989051094890511	0.0805687203791469	0.910994764397906	0.983739837398374	0.876811594202899	0.982456140350877	NA
"71"	"LCNUT023.45"	"LCNUT023.45_2006-03-15"	NA	NA	NA	NA	NA	NA	NA	NA	NA	NA	NA	NA	NA	0.702205882352941	NA	NA	NA	NA	NA	NA	NA	NA	NA	NA	0.385454545454545	NA	NA	NA	0.974452554744526	NA	NA	NA	0.181159420289855	NA	0.390946502057613
"72"	"LCNUT026.83"	"LCNUT026.83_2006-04-12"	NA	NA	NA	NA	NA	NA	NA	NA	NA	NA	NA	NA	NA	0.323529411764706	NA	NA	NA	NA	NA	NA	NA	NA	NA	NA	0.698181818181818	NA	NA	NA	0.813868613138686	NA	NA	NA	0.0253623188405797	NA	0.037037037037037
"73"	"LCNUT026.83"	"LCNUT026.83_2008-03-13"	NA	NA	NA	NA	NA	NA	NA	NA	NA	NA	0.435294117647059	0.52156862745098	NA	0.805147058823529	NA	NA	NA	NA	NA	NA	NA	NA	NA	NA	0.767272727272727	NA	NA	NA	0.828467153284672	NA	NA	NA	0.123188405797101	0.801169590643275	0.831275720164609
"74"	"LCNUT026.83"	"LCNUT026.83_2008-03-27"	NA	NA	NA	NA	NA	NA	NA	NA	NA	NA	0.486274509803922	0.576470588235294	NA	0.904411764705882	NA	NA	NA	NA	NA	NA	NA	NA	NA	NA	0.36	NA	NA	NA	0.41970802919708	NA	NA	NA	0.235507246376812	0.976608187134503	0.888888888888889
"75"	"LCNUT026.83"	"LCNUT026.83_2008-05-20"	NA	NA	NA	NA	NA	NA	NA	NA	NA	NA	0.313725490196078	0.101960784313725	NA	0.397058823529412	NA	NA	NA	NA	NA	NA	NA	NA	NA	NA	0.64	NA	NA	NA	0.857664233576642	NA	NA	NA	0.463768115942029	NA	0.172839506172839
"76"	"LCNUT026.83"	"LCNUT026.83_2009-03-25"	NA	NA	NA	NA	NA	NA	NA	NA	NA	NA	0.63921568627451	0.929411764705882	NA	0.676470588235294	NA	NA	NA	NA	NA	NA	NA	NA	NA	NA	0.64	NA	NA	NA	0.602189781021898	NA	NA	NA	0.0072463768115942	0.596491228070175	0.415637860082305
"77"	"LCPAD001.30"	"LCPAD001.30_2010-06-22"	NA	NA	0.766129032258065	0.866995073891626	NA	NA	NA	NA	NA	0.176190476190476	NA	NA	NA	0.1875	0.323529411764706	0.760479041916168	0.717741935483871	NA	NA	0.597315436241611	NA	NA	NA	NA	0.843636363636364	0.844155844155844	NA	0.864077669902913	0.733576642335766	0.322274881516588	0.544502617801047	0.727642276422764	0.811594202898551	0.0175438596491228	0.0617283950617284
"78"	"LCROS000.25"	"LCROS000.25_2013-09-17"	NA	NA	NA	0.679802955665025	NA	NA	NA	NA	0.284883720930233	0.295238095238095	0.996078431372549	0.996078431372549	0.607594936708861	0.761029411764706	0.970588235294118	0.640718562874252	NA	NA	NA	0.664429530201342	0.442748091603053	NA	NA	NA	0.414545454545455	NA	NA	0.62621359223301	0.667883211678832	0.246445497630332	0.151832460732984	0.74390243902439	0.695652173913043	0.95906432748538	0.921810699588477
"79"	"LCROS000.25"	"LCROS000.25_2013-10-28"	NA	NA	NA	0.753694581280788	NA	NA	NA	NA	NA	0.342857142857143	0.333333333333333	0.443137254901961	NA	0.172794117647059	NA	0.70059880239521	NA	NA	NA	0.691275167785235	NA	NA	NA	NA	0.494545454545455	NA	NA	0.737864077669903	0.660583941605839	0.018957345971564	0.109947643979058	0.48780487804878	0.264492753623188	0.233918128654971	0.469135802469136
"80"	"LCROS000.25"	"LCROS000.25_2014-03-17"	NA	NA	NA	0.669950738916256	NA	NA	NA	NA	0.313953488372093	0.247619047619048	0.129411764705882	0.776470588235294	NA	0.400735294117647	NA	0.616766467065868	NA	NA	NA	0.590604026845638	NA	NA	NA	NA	0.323636363636364	NA	NA	0.660194174757282	0.624087591240876	0.530805687203792	0.308900523560209	0.715447154471545	0.318840579710145	0.239766081871345	0.860082304526749
"81"	"LCROS000.25"	"LCROS000.25_2014-04-28"	NA	NA	NA	0.724137931034483	NA	NA	0.292134831460674	NA	0.0581395348837209	0.0285714285714286	NA	NA	0.0886075949367089	0.0625	NA	0.652694610778443	NA	NA	NA	0.563758389261745	0.137404580152672	NA	NA	NA	0.781818181818182	0.142857142857143	0.630769230769231	0.699029126213592	0.642335766423358	0.232227488151659	0.209424083769634	0.678861788617886	0.768115942028985	0.666666666666667	0.761316872427984
"82"	"LCRUD003.45"	"LCRUD003.45_2006-11-27"	NA	NA	0.983870967741935	0.990147783251232	NA	NA	NA	NA	0.0872093023255814	0.404761904761905	0.0392156862745098	0.52156862745098	0.721518987341772	0.0477941176470588	0.0882352941176471	0.982035928143713	0.991935483870968	0.0234375	NA	0.932885906040268	NA	NA	NA	NA	0.4	0.603896103896104	0	0.980582524271845	0.978102189781022	0.151658767772512	0.0157068062827225	0.963414634146341	0.0652173913043478	NA	0.152263374485597
"83"	"LCRUD003.45"	"LCRUD003.45_2007-03-06"	NA	NA	0.967741935483871	0.975369458128079	NA	NA	NA	NA	0.302325581395349	0.552380952380952	0.792156862745098	0.956862745098039	NA	0.5	0.509803921568627	0.958083832335329	0.959677419354839	0.109375	NA	0.87248322147651	NA	NA	0.129032258064516	NA	0.669090909090909	0.694805194805195	0.146153846153846	0.956310679611651	0.956204379562044	0.265402843601896	NA	0.934959349593496	0.119565217391304	NA	0.238683127572016
"84"	"LCRUD003.45"	"LCRUD003.45_2007-05-23"	NA	NA	1	1	NA	NA	0.786516853932584	NA	0.0406976744186047	0.138095238095238	0.0784313725490196	0.270588235294118	0.411392405063291	0.176470588235294	0.392156862745098	1	1	0.4453125	NA	0.979865771812081	0.938931297709924	NA	0.258064516129032	NA	0.909090909090909	0.811688311688312	0.184615384615385	0.995145631067961	0.992700729927007	0.104265402843602	0.984293193717278	0.98780487804878	0.489130434782609	0.637426900584795	0.798353909465021
"85"	"LCRUD007.23"	"LCRUD007.23_2007-06-27"	NA	NA	0.887096774193548	0.940886699507389	NA	NA	NA	NA	NA	NA	0.294117647058824	0.494117647058824	0.981012658227848	NA	NA	0.904191616766467	0.903225806451613	0.15625	NA	0.832214765100671	NA	NA	NA	0.328571428571429	0.854545454545454	0.896103896103896	0.738461538461539	0.941747572815534	0.824817518248175	NA	NA	0.878048780487805	0.967391304347826	0.467836257309941	0.617283950617284
"86"	"LCRUD007.23"	"LCRUD007.23_2010-06-23"	NA	NA	0.814516129032258	0.9064039408867	NA	NA	0.449438202247191	NA	NA	NA	0.541176470588235	0.792156862745098	0.867088607594937	0.617647058823529	0.872549019607843	0.856287425149701	0.774193548387097	NA	NA	0.785234899328859	NA	NA	NA	NA	0.949090909090909	NA	NA	0.864077669902913	0.751824817518248	0.431279620853081	0.366492146596859	0.804878048780488	0.583333333333333	0.16374269005848	0.613168724279835
"87"	"LCRUD008.43"	"LCRUD008.43_2009-09-30"	NA	NA	0.814516129032258	0.866995073891626	NA	NA	NA	NA	0.0813953488372093	0.119047619047619	0.113725490196078	0.0862745098039216	0.19620253164557	0.0919117647058824	0.215686274509804	0.81437125748503	0.774193548387097	NA	NA	0.771812080536913	0.145038167938931	NA	NA	NA	0.676363636363636	NA	NA	0.883495145631068	0.967153284671533	0.28436018957346	0.230366492146597	0.951219512195122	0.739130434782609	0.204678362573099	NA
"88"	"LCRUD008.43"	"LCRUD008.43_2010-05-05"	NA	NA	0.548387096774194	0.665024630541872	NA	NA	NA	NA	0.418604651162791	0.314285714285714	0.482352941176471	0.486274509803922	NA	0.746323529411765	0.852941176470588	0.544910179640719	0.5	NA	NA	0.429530201342282	NA	NA	NA	NA	0.541818181818182	NA	NA	0.703883495145631	0.496350364963504	0.559241706161137	0.732984293193717	0.471544715447154	0.373188405797101	0.684210526315789	0.724279835390947
"89"	"LCRUD008.43"	"LCRUD008.43_2010-07-01"	NA	NA	0.814516129032258	0.9064039408867	NA	NA	0.528089887640449	NA	NA	NA	0.384313725490196	0.12156862745098	0.848101265822785	0.602941176470588	NA	0.862275449101796	0.774193548387097	0.9296875	NA	0.805369127516778	0.549618320610687	NA	NA	NA	0.792727272727273	0.792207792207792	0.992307692307692	0.922330097087379	0.799270072992701	NA	0.308900523560209	0.788617886178862	0.615942028985507	0.871345029239766	0.88477366255144
"90"	"LCSLR003.72"	"LCSLR003.72_2007-06-21"	NA	NA	0.798387096774194	0.788177339901478	NA	NA	NA	NA	0.465116279069767	0.404761904761905	0.431372549019608	0.623529411764706	0.227848101265823	0.297794117647059	0.107843137254902	0.730538922155689	0.838709677419355	0.078125	NA	0.684563758389262	NA	NA	NA	NA	0.887272727272727	0.5	0.815384615384615	0.883495145631068	0.744525547445255	0.57345971563981	NA	0.760162601626016	0.909420289855073	NA	0.288065843621399
"91"	"LCSLR003.72"	"LCSLR003.72_2009-09-29"	NA	NA	0.806451612903226	0.817733990147783	NA	NA	NA	NA	0.691860465116279	0.657142857142857	0.156862745098039	0.329411764705882	0.227848101265823	0.492647058823529	0.137254901960784	0.772455089820359	0.766129032258065	NA	NA	0.74496644295302	NA	NA	NA	NA	0.4	0.948051948051948	0.976923076923077	0.922330097087379	0.470802919708029	0.725118483412322	NA	0.170731707317073	0.543478260869565	0.0526315789473684	0.0452674897119342
"92"	"LCSLR003.72"	"LCSLR003.72_2010-05-06"	NA	NA	0.403225806451613	0.492610837438424	NA	NA	NA	NA	0.901162790697674	0.833333333333333	0.537254901960784	0.368627450980392	NA	0.933823529411765	0.833333333333333	0.37125748502994	0.338709677419355	NA	NA	0.308724832214765	NA	NA	NA	NA	0.509090909090909	NA	NA	0.684466019417476	0.295620437956204	0.895734597156398	0.408376963350785	0.447154471544715	0.496376811594203	0.187134502923977	0.329218106995885
"93"	"LCSLR003.72"	"LCSLR003.72_2010-06-30"	NA	NA	0.758064516129032	NA	NA	NA	NA	NA	0.63953488372093	0.228571428571429	0.301960784313725	0.0980392156862745	0.0949367088607595	0.5	0.264705882352941	0.754491017964072	0.701612903225806	NA	NA	0.738255033557047	0.183206106870229	NA	NA	NA	0.861818181818182	NA	NA	0.912621359223301	0.718978102189781	0.796208530805687	NA	NA	0.692028985507246	0.0467836257309941	0.209876543209877
"94"	"LCWAN000.54"	"LCWAN000.54_2007-07-25"	NA	NA	NA	NA	0.863636363636364	0.909090909090909	NA	NA	NA	NA	0.00392156862745098	0.00784313725490196	NA	0.808823529411765	NA	NA	NA	0.2734375	NA	NA	NA	NA	0.67741935483871	0.442857142857143	0.989090909090909	0.603896103896104	NA	NA	0.894160583941606	NA	NA	NA	0.858695652173913	NA	NA
"95"	"LCWAN000.54"	"LCWAN000.54_2007-08-27"	NA	NA	NA	NA	0.909090909090909	0.772727272727273	NA	NA	NA	NA	0.619607843137255	0.407843137254902	NA	0.338235294117647	NA	NA	NA	0.984375	NA	NA	NA	NA	NA	NA	0.985454545454545	0.194805194805195	NA	NA	0.846715328467153	NA	NA	NA	0.931159420289855	NA	NA
"96"	"LCWAN000.54"	"LCWAN000.54_2008-04-15"	NA	NA	NA	NA	NA	NA	NA	NA	NA	NA	0.752941176470588	0.466666666666667	NA	0.0625	NA	NA	NA	NA	NA	NA	NA	NA	NA	0.0142857142857143	0.934545454545455	NA	NA	NA	0.95985401459854	NA	NA	0.967479674796748	0.456521739130435	NA	NA
"97"	"LCWAN000.54"	"LCWAN000.54_2008-07-15"	NA	NA	NA	NA	NA	NA	NA	NA	NA	NA	0.952941176470588	0.341176470588235	NA	0.227941176470588	NA	NA	NA	NA	NA	NA	NA	NA	NA	NA	1	NA	NA	NA	0.81021897810219	NA	NA	NA	0.927536231884058	NA	NA
"98"	"LCWAN000.54"	"LCWAN000.54_2008-09-21"	NA	NA	NA	NA	NA	NA	NA	NA	NA	NA	0.12156862745098	0.0313725490196078	NA	0.286764705882353	NA	NA	NA	0.609375	NA	NA	NA	NA	NA	NA	0.981818181818182	NA	NA	NA	0.864963503649635	NA	NA	0.886178861788618	0.894927536231884	NA	NA
"99"	"LCWAN000.54"	"LCWAN000.54_2009-08-26"	NA	NA	NA	NA	NA	NA	NA	NA	NA	NA	NA	NA	NA	0.0441176470588235	NA	NA	NA	NA	NA	NA	NA	NA	NA	NA	NA	NA	NA	NA	NA	NA	NA	NA	NA	NA	NA
"100"	"LCWAN000.58"	"LCWAN000.58_2007-04-05"	NA	NA	0.951612903225806	NA	0.818181818181818	0.863636363636364	0.730337078651685	NA	NA	NA	0.247058823529412	0.619607843137255	NA	0.588235294117647	NA	NA	0.903225806451613	NA	NA	NA	NA	NA	NA	NA	0.938181818181818	0.0649350649350649	NA	NA	0.963503649635037	NA	0.581151832460733	0.979674796747967	0.365942028985507	NA	0.325102880658436
"101"	"LCWAN000.58"	"LCWAN000.58_2007-06-27"	NA	NA	NA	NA	0.727272727272727	0.727272727272727	NA	NA	NA	NA	0.968627450980392	0.380392156862745	NA	0.742647058823529	NA	NA	NA	0.7578125	NA	NA	NA	NA	NA	NA	0.261818181818182	NA	NA	NA	0.894160583941606	NA	NA	NA	0.920289855072464	NA	NA
"102"	"LCWAN000.58"	"LCWAN000.58_2007-10-30"	NA	NA	0.887096774193548	NA	0.772727272727273	0.681818181818182	0.853932584269663	NA	NA	NA	0.749019607843137	0.603921568627451	NA	0.150735294117647	NA	NA	0.870967741935484	NA	NA	NA	NA	NA	NA	NA	0.96	0.116883116883117	NA	NA	0.875912408759124	NA	0.706806282722513	0.865853658536585	0.242753623188406	NA	0.263374485596708
"103"	"LCWAN000.58"	"LCWAN000.58_2009-08-26"	NA	NA	NA	NA	0.954545454545455	0.772727272727273	NA	NA	NA	NA	0.0117647058823529	0.00392156862745098	NA	NA	NA	NA	NA	0.8125	NA	NA	NA	NA	NA	NA	0.996363636363636	NA	NA	NA	0.839416058394161	NA	NA	NA	0.800724637681159	NA	NA
"104"	"LCWAN002.60"	"LCWAN002.60_2007-04-03"	NA	NA	0.879032258064516	NA	0.545454545454545	0.636363636363636	0.730337078651685	NA	NA	NA	0.686274509803922	0.827450980392157	0.39873417721519	0.330882352941176	NA	NA	0.830645161290323	0.484375	NA	NA	NA	NA	NA	0.742857142857143	0.941818181818182	0.668831168831169	NA	NA	0.912408759124088	NA	0.832460732984293	0.890243902439024	0.481884057971014	0.801169590643275	0.843621399176955
"105"	"LCWAN002.60"	"LCWAN002.60_2007-06-27"	NA	NA	NA	NA	0.0454545454545455	0.181818181818182	NA	NA	NA	NA	0.956862745098039	0.447058823529412	NA	0.264705882352941	NA	NA	NA	0.4453125	NA	NA	NA	NA	NA	0.214285714285714	0.261818181818182	NA	NA	NA	0.832116788321168	NA	NA	NA	0.83695652173913	NA	NA
"106"	"LCWAN002.60"	"LCWAN002.60_2007-07-25"	NA	NA	NA	NA	0	1	NA	NA	NA	NA	0.0666666666666667	0.149019607843137	NA	0.253676470588235	NA	NA	NA	0.2734375	NA	NA	NA	NA	NA	0.271428571428571	0.610909090909091	0.766233766233766	NA	NA	0.868613138686131	NA	NA	NA	0.634057971014493	NA	NA
"107"	"LCWAN002.60"	"LCWAN002.60_2007-08-27"	NA	NA	NA	NA	0.181818181818182	0.5	NA	NA	NA	NA	0.243137254901961	0.207843137254902	NA	0.297794117647059	NA	NA	NA	0.2734375	NA	NA	NA	NA	NA	0.414285714285714	0.443636363636364	0.649350649350649	NA	NA	0.908759124087591	NA	NA	NA	0.797101449275362	NA	NA
"108"	"LCWAN002.60"	"LCWAN002.60_2007-10-30"	NA	NA	0.862903225806452	NA	0.0909090909090909	0	0.730337078651685	NA	NA	NA	0.643137254901961	0.572549019607843	NA	0.213235294117647	NA	NA	0.903225806451613	NA	NA	NA	NA	NA	NA	0.485714285714286	0.298181818181818	0.116883116883117	NA	NA	0.85036496350365	NA	0.455497382198953	0.882113821138211	0.199275362318841	0.385964912280702	0.559670781893004
"109"	"LCWAN002.60"	"LCWAN002.60_2008-04-15"	NA	NA	NA	NA	NA	NA	NA	NA	NA	NA	0.972549019607843	0.780392156862745	NA	0.547794117647059	NA	NA	NA	NA	NA	NA	NA	NA	NA	0.914285714285714	0.894545454545455	NA	NA	NA	0.945255474452555	NA	NA	0.939024390243902	0.478260869565217	NA	NA
"110"	"LCWAN002.60"	"LCWAN002.60_2008-07-15"	NA	NA	NA	NA	NA	NA	NA	NA	NA	NA	0.176470588235294	0.0392156862745098	NA	0.555147058823529	NA	NA	NA	NA	NA	NA	NA	NA	NA	NA	0.556363636363636	NA	NA	NA	0.901459854014598	NA	NA	NA	0.789855072463768	NA	NA
"111"	"LCWAN002.60"	"LCWAN002.60_2008-09-21"	NA	NA	NA	NA	NA	NA	NA	NA	NA	NA	0.254901960784314	0.0745098039215686	NA	0.375	NA	NA	NA	NA	NA	NA	NA	NA	NA	NA	0.741818181818182	NA	NA	NA	0.930656934306569	NA	NA	0.922764227642276	0.760869565217391	NA	NA
"112"	"LCWAN002.60"	"LCWAN002.60_2015-05-14"	NA	NA	NA	NA	NA	NA	NA	NA	NA	NA	NA	NA	0.449367088607595	NA	NA	NA	NA	NA	NA	NA	NA	NA	NA	NA	NA	0.00649350649350649	NA	NA	NA	NA	NA	NA	NA	NA	NA
"113"	"LCWAN002.60"	"LCWAN002.60_2015-09-01"	NA	NA	NA	NA	NA	NA	NA	NA	NA	NA	NA	NA	NA	NA	NA	NA	NA	NA	NA	NA	NA	NA	1	0.485714285714286	NA	0.74025974025974	NA	NA	NA	NA	NA	NA	0.677536231884058	NA	NA
"114"	"LCWAN004.71"	"LCWAN004.71_2007-04-03"	NA	NA	0.854838709677419	NA	0.681818181818182	0.590909090909091	0.887640449438202	NA	NA	NA	0.988235294117647	0.980392156862745	0.886075949367089	0.158088235294118	NA	NA	0.67741935483871	0.2734375	NA	NA	NA	NA	0.225806451612903	NA	0.978181818181818	0.37012987012987	NA	NA	0.916058394160584	NA	0.921465968586387	0.82520325203252	0.717391304347826	0.321637426900585	0.691358024691358
"115"	"LCWAN004.71"	"LCWAN004.71_2008-04-15"	NA	NA	NA	NA	NA	NA	NA	NA	NA	NA	0.0705882352941176	0.0509803921568627	NA	0.279411764705882	NA	NA	NA	0.2734375	NA	NA	NA	NA	NA	0.0142857142857143	0.563636363636364	NA	NA	NA	0.952554744525547	NA	NA	0.955284552845528	0.405797101449275	NA	NA
"116"	"LCWAN004.71"	"LCWAN004.71_2008-07-15"	NA	NA	NA	NA	NA	NA	NA	NA	NA	NA	0.0313725490196078	0.0156862745098039	NA	0.474264705882353	NA	NA	NA	NA	NA	NA	NA	NA	NA	NA	0.218181818181818	NA	NA	NA	0.87956204379562	NA	NA	NA	0.844202898550725	NA	NA
"117"	"LCWAN004.71"	"LCWAN004.71_2008-09-21"	NA	NA	NA	NA	NA	NA	NA	NA	NA	NA	0.282352941176471	0.0588235294117647	NA	0.485294117647059	NA	NA	NA	NA	NA	NA	NA	NA	NA	NA	0.6	NA	NA	NA	0.91970802919708	NA	NA	0.91869918699187	0.88768115942029	NA	NA
"118"	"LCWLR000.92"	"LCWLR000.92_2006-11-13"	NA	NA	0.330645161290323	0.133004926108374	NA	NA	NA	NA	0.843023255813954	0.833333333333333	0.741176470588235	0.717647058823529	NA	0.856617647058823	0.588235294117647	0.0658682634730539	0.411290322580645	NA	NA	0.0469798657718121	NA	NA	NA	0.3	0.734545454545455	0.00649350649350649	0.861538461538462	0.529126213592233	0.175182481751825	0.862559241706161	0.214659685863874	0.191056910569106	0.072463768115942	0.637426900584795	0.567901234567901
"119"	"LCWLR000.92"	"LCWLR000.92_2007-03-26"	NA	NA	0.629032258064516	0.142857142857143	NA	NA	NA	NA	0.895348837209302	0.833333333333333	0.196078431372549	0.709803921568627	NA	0.9375	0.803921568627451	0.0778443113772455	0.653225806451613	0.109375	NA	0.0671140939597315	NA	NA	NA	0.0714285714285714	0.454545454545455	0.292207792207792	0.776923076923077	0.300970873786408	0.193430656934307	0.881516587677725	NA	0.410569105691057	0.344202898550725	0.467836257309941	0.65843621399177
"120"	"LCWLR000.92"	"LCWLR000.92_2007-06-12"	NA	NA	0.161290322580645	0.12807881773399	NA	NA	NA	NA	0.813953488372093	0.514285714285714	0.196078431372549	0.282352941176471	0.670886075949367	0.867647058823529	0.666666666666667	0.0538922155688623	0.169354838709677	0.2265625	NA	0.0335570469798658	NA	NA	NA	0.314285714285714	0.618181818181818	0.5	0.9	0.446601941747573	0.164233576642336	0.919431279620853	NA	0.0853658536585366	0.721014492753623	0.789473684210526	0.744855967078189
"121"	"LCWLR000.92"	"LCWLR000.92_2008-03-13"	NA	NA	NA	NA	NA	NA	NA	NA	NA	NA	0.835294117647059	0.815686274509804	NA	0.922794117647059	NA	NA	NA	NA	NA	NA	NA	NA	NA	NA	0.629090909090909	NA	NA	NA	0.160583941605839	NA	NA	NA	0.0434782608695652	NA	0.823045267489712
"122"	"LCWLR000.92"	"LCWLR000.92_2008-03-28"	NA	NA	NA	NA	NA	NA	NA	NA	NA	NA	0.654901960784314	0.862745098039216	NA	0.970588235294118	NA	NA	NA	NA	NA	NA	NA	NA	NA	NA	0.410909090909091	NA	NA	NA	0.0255474452554745	NA	NA	NA	0.202898550724638	0.637426900584795	0.897119341563786
"123"	"LCWLR000.92"	"LCWLR000.92_2008-05-21"	NA	NA	NA	NA	NA	NA	NA	NA	NA	NA	0.415686274509804	0.301960784313725	NA	0.981617647058823	NA	NA	NA	NA	NA	NA	NA	NA	NA	NA	0.283636363636364	NA	NA	NA	0.0072992700729927	NA	NA	NA	0.170289855072464	0.953216374269006	0.94238683127572
"124"	"LCWLR000.92"	"LCWLR000.92_2009-03-25"	NA	NA	NA	NA	NA	NA	NA	NA	NA	NA	0.698039215686274	0.784313725490196	NA	0.944852941176471	NA	NA	NA	NA	NA	NA	NA	NA	NA	NA	0.530909090909091	NA	NA	NA	0.0291970802919708	NA	NA	NA	0.0579710144927536	0.824561403508772	0.925925925925926
"125"	"LCWLR000.92"	"LCWLR000.92_2009-05-19"	NA	NA	NA	0.0591133004926108	NA	NA	NA	NA	0.965116279069767	0.876190476190476	0.725490196078431	0.403921568627451	0.221518987341772	0.959558823529412	0.950980392156863	NA	NA	NA	NA	0.0134228187919463	0.900763358778626	NA	NA	NA	0.0509090909090909	NA	NA	NA	0.0474452554744526	0.971563981042654	NA	NA	0.536231884057971	NA	0.983539094650206
"126"	"LCWLR000.92"	"LCWLR000.92_2009-10-05"	NA	NA	NA	NA	NA	NA	NA	NA	NA	NA	0.843137254901961	0.874509803921569	NA	0.827205882352941	NA	NA	NA	NA	NA	NA	NA	NA	NA	NA	0.963636363636364	NA	NA	NA	0.218978102189781	NA	NA	0.138211382113821	0.539855072463768	NA	0.176954732510288
"127"	"LCWLR000.92"	"LCWLR000.92_2010-04-15"	NA	NA	NA	NA	NA	NA	NA	NA	NA	NA	0.682352941176471	0.964705882352941	NA	0.955882352941177	NA	NA	NA	NA	NA	NA	NA	NA	NA	NA	0.894545454545455	NA	NA	NA	0.116788321167883	NA	NA	0.0447154471544715	0.293478260869565	0.859649122807018	0.864197530864197
"128"	"LCWLR000.92"	"LCWLR000.92_2010-04-27"	NA	NA	NA	NA	NA	NA	NA	NA	NA	NA	0.650980392156863	0.949019607843137	NA	0.966911764705882	NA	NA	NA	NA	NA	NA	NA	NA	NA	NA	0.676363636363636	NA	NA	NA	0.072992700729927	NA	NA	0.016260162601626	0.376811594202899	0.637426900584795	0.781893004115226
"129"	"LCWLR000.92"	"LCWLR000.92_2010-06-02"	NA	NA	NA	NA	NA	NA	NA	NA	NA	NA	0.384313725490196	0.172549019607843	NA	0.988970588235294	NA	NA	NA	NA	NA	NA	NA	NA	NA	NA	0.792727272727273	NA	NA	NA	NA	NA	NA	NA	0.731884057971015	0.906432748538012	0.687242798353909
"130"	"LCWLR000.92"	"LCWLR000.92_2011-08-15"	NA	NA	0.233870967741935	0.266009852216749	0.5	0.227272727272727	NA	NA	0.715116279069767	0.552380952380952	0.898039215686275	0.890196078431372	0.841772151898734	0.849264705882353	0.843137254901961	0.149700598802395	0.185483870967742	NA	NA	0.0671140939597315	0.748091603053435	NA	0.580645161290323	NA	0.469090909090909	NA	0.938461538461538	0.62621359223301	0.259124087591241	0.81042654028436	NA	0.386178861788618	0.565217391304348	0.543859649122807	0.386831275720165
"131"	"LCWLR000.92"	"LCWLR000.92_2011-10-25"	NA	NA	0.217741935483871	0.16256157635468	0.272727272727273	0.136363636363636	NA	NA	0.697674418604651	0.404761904761905	0.113725490196078	0.494117647058824	0.0949367088607595	0.830882352941177	0.666666666666667	0.0239520958083832	0.161290322580645	NA	NA	NA	NA	NA	NA	0.357142857142857	0.64	NA	NA	0.529126213592233	0.240875912408759	0.815165876777251	0.151832460732984	0.227642276422764	0.329710144927536	NA	0.11522633744856
"132"	"LCWLR000.92"	"LCWLR000.92_2012-04-25"	NA	NA	0.0241935483870968	0.0886699507389163	NA	NA	NA	NA	0.883720930232558	0.580952380952381	0.101960784313725	0.545098039215686	NA	0.941176470588235	0.901960784313726	NA	0.0161290322580645	0.90625	NA	NA	0.854961832061069	NA	NA	0.985714285714286	0.0109090909090909	0.928571428571429	NA	0.121359223300971	0.145985401459854	0.995260663507109	0.151832460732984	0.142276422764228	0.510869565217391	0.941520467836257	0.864197530864197
"133"	"LCWLR000.92"	"LCWLR000.92_2012-06-20"	NA	NA	0.306451612903226	0.285714285714286	NA	NA	NA	NA	0.779069767441861	0.704761904761905	0.505882352941176	0.380392156862745	0.89873417721519	0.794117647058823	0.509803921568627	0.149700598802395	0.25	0.7109375	NA	0.0939597315436242	0.33587786259542	NA	NA	NA	0.352727272727273	NA	NA	0.645631067961165	0.255474452554745	0.853080568720379	0.0418848167539267	0.589430894308943	0.460144927536232	NA	0.411522633744856
"134"	"LCWLR000.92"	"LCWLR000.92_2013-06-10"	NA	NA	NA	0.113300492610837	NA	NA	NA	NA	0.808139534883721	0.676190476190476	0.913725490196078	0.266666666666667	0.354430379746835	0.878676470588235	0.607843137254902	NA	NA	0.390625	NA	NA	0.305343511450382	NA	NA	NA	0.883636363636364	0.948051948051948	NA	0.597087378640777	0.142335766423358	0.876777251184834	0.0732984293193717	0.166666666666667	0.942028985507246	0.619883040935672	0.37037037037037
"135"	"LCWLR000.92"	"LCWLR000.92_2015-08-17"	NA	NA	NA	0.157635467980296	NA	NA	0.0561797752808989	NA	0.912790697674419	0.90952380952381	0.913725490196078	0.411764705882353	0.70253164556962	0.900735294117647	NA	NA	NA	NA	NA	NA	0.274809160305344	NA	NA	NA	0.32	0.253246753246753	0.838461538461538	0.29126213592233	0.215328467153285	0.909952606635071	0.031413612565445	0.223577235772358	0.818840579710145	0.0935672514619883	0.950617283950617
"136"	"LCWLR001.23"	"LCWLR001.23_2013-09-17"	NA	NA	NA	0.221674876847291	NA	NA	NA	NA	0.959302325581395	0.804761904761905	0.980392156862745	0.984313725490196	0.639240506329114	0.977941176470588	0.990196078431373	0.125748502994012	NA	0.46875	NA	0.120805369127517	0.603053435114504	NA	NA	0.857142857142857	0.381818181818182	NA	NA	0.368932038834951	0.317518248175182	0.985781990521327	0.424083769633508	0.426829268292683	0.681159420289855	0.748538011695906	0.679012345679012
"137"	"LCWLR001.23"	"LCWLR001.23_2013-10-28"	NA	NA	NA	0.192118226600985	NA	NA	NA	NA	0.86046511627907	0.514285714285714	0.443137254901961	0.470588235294118	0.0189873417721519	0.867647058823529	NA	0.0898203592814371	NA	NA	NA	0.0604026845637584	NA	NA	NA	0.485714285714286	0.749090909090909	NA	NA	0.58252427184466	0.233576642335766	0.976303317535545	0.109947643979058	0.211382113821138	0.177536231884058	0.274853801169591	0.197530864197531
"138"	"LCWLR001.23"	"LCWLR001.23_2014-03-17"	NA	NA	NA	0.349753694581281	NA	NA	0.292134831460674	NA	0.866279069767442	0.538095238095238	0.227450980392157	0.772549019607843	NA	0.908088235294118	NA	0.269461077844311	NA	0.9140625	NA	NA	0.572519083969466	NA	NA	0.885714285714286	0.552727272727273	0.636363636363636	0.853846153846154	0.592233009708738	0.416058394160584	0.962085308056872	0.392670157068063	0.369918699186992	0.351449275362319	0.754385964912281	0.765432098765432
"139"	"LCWLR004.09"	"LCWLR004.09_2009-09-09"	NA	NA	0.104838709677419	0.0147783251231527	NA	NA	NA	NA	0.680232558139535	0.514285714285714	0.419607843137255	0.113725490196078	0.493670886075949	0.753676470588235	0.637254901960784	NA	0.0887096774193548	NA	NA	NA	0.526717557251908	NA	0.612903225806452	NA	0.181818181818182	0.883116883116883	NA	0.0728155339805825	0.062043795620438	0.777251184834123	0.109947643979058	0.0731707317073171	0.391304347826087	0.614035087719298	0.683127572016461
"140"	"LCWLR004.09"	"LCWLR004.09_2010-06-23"	NA	NA	0.00806451612903226	0.00492610837438424	NA	NA	NA	NA	0.848837209302326	0.89047619047619	0.0470588235294118	0.682352941176471	0.816455696202532	0.889705882352941	0.705882352941177	NA	0	NA	NA	NA	0.358778625954198	NA	NA	0.771428571428571	0.0145454545454545	NA	NA	0.00485436893203883	0.0583941605839416	0.805687203791469	0.151832460732984	0.0284552845528455	0.333333333333333	0.760233918128655	NA
"141"	"LCWLR005.05"	"LCWLR005.05_2010-06-03"	NA	NA	NA	NA	NA	NA	NA	NA	0.976744186046512	0.966666666666667	0.227450980392157	0.176470588235294	0.708860759493671	0.963235294117647	0.96078431372549	NA	NA	NA	NA	NA	NA	NA	NA	NA	0.589090909090909	NA	NA	NA	0	0.914691943127962	NA	0	0.554347826086957	NA	NA
"142"	"LCWLR007.37"	"LCWLR007.37_2009-09-10"	NA	NA	0.120967741935484	0.0147783251231527	NA	NA	NA	NA	0.662790697674419	0.466666666666667	0.466666666666667	0.490196078431373	0.367088607594937	0.761029411764706	0.598039215686274	NA	0.104838709677419	NA	NA	NA	NA	NA	NA	0.771428571428571	0.0327272727272727	NA	NA	0.0728155339805825	0.0766423357664234	0.767772511848341	NA	0.040650406504065	0.159420289855072	0.380116959064327	0.0493827160493827
"143"	"LCWLR007.37"	"LCWLR007.37_2010-06-22"	NA	NA	0.0161290322580645	0	NA	NA	NA	NA	0.75	0.633333333333333	0.188235294117647	0.713725490196078	0.367088607594937	0.897058823529412	0.882352941176471	NA	0.00806451612903226	NA	NA	NA	NA	NA	NA	0.8	0.749090909090909	NA	NA	0.252427184466019	0.0437956204379562	0.786729857819905	0.151832460732984	0.0284552845528455	0.471014492753623	0.374269005847953	0.39917695473251
"144"	"LCWLR007.37"	"LCWLR007.37_2013-10-29"	NA	NA	NA	0.0295566502463054	NA	NA	NA	NA	0.529069767441861	0.371428571428571	0.658823529411765	0.784313725490196	NA	0.775735294117647	NA	NA	NA	NA	NA	NA	NA	NA	0.967741935483871	0.728571428571429	0.574545454545455	NA	NA	0.150485436893204	0.0656934306569343	0.672985781990521	0.214659685863874	0.024390243902439	0.217391304347826	0.0175438596491228	0.102880658436214
"145"	"LCWLR007.37"	"LCWLR007.37_2014-03-17"	NA	NA	NA	NA	NA	NA	0.0449438202247191	NA	0.726744186046512	0.8	0.0509803921568627	0.674509803921569	NA	0.790441176470588	NA	NA	NA	0.9296875	NA	NA	0.427480916030534	NA	NA	NA	0.232727272727273	0.461038961038961	0.846153846153846	0.169902912621359	0.105839416058394	0.753554502369668	0.230366492146597	0.0853658536585366	0.152173913043478	0.286549707602339	NA
"146"	"LCWLR007.37"	"LCWLR007.37_2014-04-30"	NA	NA	NA	NA	NA	NA	0	NA	0.534883720930233	0.752380952380952	NA	NA	NA	0.823529411764706	NA	NA	NA	0.59375	0.111111111111111	NA	0.66412213740458	NA	NA	0.971428571428571	0.0181818181818182	0.402597402597403	0.730769230769231	0	0.00364963503649635	0.431279620853081	0.151832460732984	0.0609756097560976	0.0181159420289855	0.87719298245614	0.835390946502058
"147"	"SPBIG007.41"	"SPBIG007.41_2014-06-03"	NA	NA	NA	0.41871921182266	NA	NA	0.112359550561798	NA	NA	0	0.27843137254902	0.0431372549019608	0.879746835443038	0.0110294117647059	NA	NA	NA	0.5703125	NA	NA	0.419847328244275	NA	NA	1	0.418181818181818	0.0324675324675325	0.00769230769230769	0.572815533980582	0.273722627737226	0.014218009478673	0.486910994764398	0.154471544715447	0.840579710144927	0.409356725146199	0.576131687242798
"148"	"SRBEV007.28"	"SRBEV007.28_2007-07-31"	NA	NA	0.580645161290323	0.724137931034483	NA	NA	NA	NA	0.686046511627907	0.695238095238095	0.380392156862745	0.43921568627451	0.670886075949367	0.731617647058823	0.470588235294118	0.688622754491018	0.580645161290323	NA	NA	0.697986577181208	NA	NA	NA	NA	0.814545454545455	NA	0.507692307692308	0.597087378640777	0.664233576642336	0.706161137440758	0.832460732984293	0.723577235772358	0.855072463768116	NA	0.588477366255144
"149"	"SRBEV007.28"	"SRBEV007.28_2007-10-22"	NA	NA	0.556451612903226	0.679802955665025	NA	NA	NA	NA	NA	0.0761904761904762	0.964705882352941	0.988235294117647	0.291139240506329	0.555147058823529	NA	0.682634730538922	0.556451612903226	0.2734375	NA	0.697986577181208	NA	NA	NA	NA	0.709090909090909	0.487012987012987	0.169230769230769	0.529126213592233	0.645985401459854	0.582938388625592	0.717277486910995	0.699186991869919	0.398550724637681	NA	0.0987654320987654
"150"	"SRBEV007.28"	"SRBEV007.28_2008-04-22"	NA	NA	0.225806451612903	NA	NA	NA	NA	NA	0.988372093023256	0.990476190476191	0.411764705882353	0.752941176470588	NA	0.952205882352941	0.666666666666667	0.347305389221557	0.258064516129032	0.2578125	NA	NA	NA	NA	NA	NA	0.545454545454545	0.584415584415584	NA	NA	0.346715328467153	0.890995260663507	0.900523560209424	0.443089430894309	0.590579710144927	0.385964912280702	0.62962962962963
"151"	"SRBEV007.28"	"SRBEV007.28_2008-06-18"	NA	NA	0.483870967741935	NA	NA	NA	NA	NA	NA	NA	0.0156862745098039	0.0901960784313725	0.525316455696203	0.683823529411765	NA	0.634730538922156	0.524193548387097	NA	NA	NA	NA	NA	NA	NA	0.592727272727273	0.75974025974026	NA	NA	0.631386861313869	NA	0.848167539267016	0.658536585365854	0.597826086956522	NA	0.637860082304527
"152"	"SRBEV007.28"	"SRBEV007.28_2008-10-22"	NA	NA	NA	NA	NA	NA	NA	NA	0.581395348837209	0.476190476190476	0.454901960784314	0.423529411764706	NA	0.738970588235294	0.823529411764706	NA	NA	NA	NA	NA	NA	NA	NA	NA	0.461818181818182	NA	NA	NA	0.576642335766423	0.663507109004739	NA	0.995934959349594	0.25	NA	NA
"153"	"SRBEV007.28"	"SRBEV007.28_2016-02-25"	0	NA	NA	0.571428571428571	NA	NA	0.685393258426966	NA	0.854651162790698	0.804761904761905	0.886274509803922	0.796078431372549	NA	0.852941176470588	NA	0.508982035928144	NA	0.484375	NA	0.543624161073825	0.33587786259542	NA	NA	NA	0.149090909090909	0.779220779220779	0.238461538461538	0.432038834951456	0.572992700729927	0.886255924170616	0.926701570680628	0.67479674796748	0.36231884057971	0.502923976608187	0.954732510288066
"154"	"SRBGY002.86"	"SRBGY002.86_2010-07-27"	NA	NA	0.42741935483871	0.58128078817734	NA	NA	NA	NA	0.25	0.257142857142857	0.313725490196078	0.529411764705882	0.860759493670886	0.382352941176471	0.411764705882353	0.431137724550898	0.387096774193548	NA	NA	0.369127516778524	0.396946564885496	NA	NA	NA	0.418181818181818	NA	NA	0.669902912621359	0.510948905109489	0.350710900473934	0.256544502617801	0.451219512195122	0.699275362318841	0.508771929824561	0.769547325102881
"155"	"SRBGY002.86"	"SRBGY002.86_2010-10-12"	NA	NA	0.459677419354839	0.522167487684729	NA	NA	NA	NA	NA	0.0285714285714286	0.325490196078431	0.552941176470588	0.0189873417721519	0.286764705882353	0.480392156862745	0.395209580838323	0.435483870967742	NA	NA	0.36241610738255	0.885496183206107	NA	NA	NA	0.305454545454545	NA	NA	0.713592233009709	0.5	0.530805687203792	0.0680628272251309	0.455284552845528	0.670289855072464	0.678362573099415	0.139917695473251
"156"	"SRBGY002.86"	"SRBGY002.86_2011-04-20"	NA	NA	0.362903225806452	0.364532019704433	NA	NA	NA	NA	NA	NA	0.635294117647059	0.831372549019608	0	0.264705882352941	NA	0.245508982035928	0.306451612903226	NA	NA	0.25503355704698	0.641221374045801	NA	NA	NA	0.363636363636364	NA	NA	0.713592233009709	0.39051094890511	NA	0.0942408376963351	0.556910569105691	0.673913043478261	0.818713450292398	0.711934156378601
"157"	"SRBGY002.86"	"SRBGY002.86_2014-06-11"	NA	NA	NA	0.576354679802956	NA	NA	0.49438202247191	NA	0.122093023255814	0.176190476190476	0.627450980392157	0.505882352941176	1	0.0735294117647059	NA	0.491017964071856	NA	NA	NA	NA	0.320610687022901	NA	NA	0.442857142857143	0.469090909090909	0.558441558441558	0.415384615384615	0.694174757281553	0.558394160583942	0.208530805687204	0.151832460732984	0.516260162601626	0.452898550724638	0.257309941520468	0.502057613168724
"158"	"SRBON001.69"	"SRBON001.69_2007-08-01"	NA	NA	0.620967741935484	0.679802955665025	NA	NA	NA	NA	0.877906976744186	0.933333333333333	0.168627450980392	0.388235294117647	0	0.724264705882353	0.245098039215686	0.646706586826347	0.629032258064516	NA	NA	0.644295302013423	NA	NA	NA	NA	0.596363636363636	0.441558441558442	0.638461538461538	0.757281553398058	0.653284671532847	0.819905213270142	0.418848167539267	0.747967479674797	0.706521739130435	NA	0.8559670781893
"159"	"SRBON001.69"	"SRBON001.69_2007-10-23"	NA	NA	0.67741935483871	0.724137931034483	NA	NA	NA	NA	0.906976744186046	0.876190476190476	0.909803921568627	1	NA	0.680147058823529	0.107843137254902	0.676646706586826	0.741935483870968	NA	NA	0.651006711409396	NA	NA	NA	NA	0.774545454545455	0	0.861538461538462	0.902912621359223	0.697080291970803	0.862559241706161	NA	0.686991869918699	0.130434782608696	NA	0.473251028806584
"160"	"SRBON001.69"	"SRBON001.69_2008-04-22"	NA	NA	0.508064516129032	NA	NA	NA	NA	NA	NA	0.342857142857143	0.376470588235294	0.513725490196078	NA	0.375	NA	0.502994011976048	0.540322580645161	0.40625	NA	NA	NA	NA	NA	0.128571428571429	0.676363636363636	0.461038961038961	NA	NA	0.547445255474453	0.246445497630332	0.570680628272251	0.617886178861789	0.710144927536232	0.690058479532164	0.662551440329218
"161"	"SRBON001.69"	"SRBON001.69_2008-06-16"	NA	NA	0.669354838709677	NA	NA	NA	NA	NA	0.598837209302326	0.404761904761905	0.976470588235294	0.886274509803922	0.715189873417722	0.536764705882353	0.323529411764706	0.658682634730539	0.653225806451613	NA	NA	NA	NA	NA	NA	NA	0.967272727272727	0.694805194805195	NA	NA	0.678832116788321	0.710900473933649	NA	0.666666666666667	0.945652173913043	0.83625730994152	0.934156378600823
"162"	"SRBON001.69"	"SRBON001.69_2008-10-22"	NA	NA	NA	NA	NA	NA	NA	NA	0.831395348837209	0.857142857142857	0.305882352941176	0.423529411764706	NA	0.636029411764706	0.205882352941176	NA	NA	NA	NA	NA	NA	NA	NA	NA	0.385454545454545	NA	NA	NA	0.667883211678832	0.834123222748815	NA	0.691056910569106	0.155797101449275	NA	0.57201646090535
"163"	"SRBWL005.79"	"SRBWL005.79_2007-08-01"	NA	NA	0.5	0.527093596059113	NA	NA	NA	NA	0.709302325581395	0.771428571428571	0.631372549019608	0.317647058823529	0.316455696202532	0.536764705882353	0.156862745098039	0.48502994011976	0.532258064516129	0.0546875	NA	0.469798657718121	NA	NA	NA	NA	0.770909090909091	0.142857142857143	0.330769230769231	0.252427184466019	0.441605839416058	0.654028436018957	0.356020942408377	0.329268292682927	0.550724637681159	NA	0.00411522633744856
"164"	"SRBWL005.79"	"SRBWL005.79_2007-10-31"	NA	NA	0.564516129032258	0.61576354679803	NA	NA	NA	NA	NA	NA	0.396078431372549	0.941176470588235	NA	0.577205882352941	NA	0.604790419161677	0.564516129032258	NA	NA	0.651006711409396	NA	NA	NA	NA	0.618181818181818	0.292207792207792	0.307692307692308	0.446601941747573	0.602189781021898	NA	0.0471204188481675	0.621951219512195	0.108695652173913	NA	0.0205761316872428
"165"	"SRBWL005.79"	"SRBWL005.79_2010-09-01"	NA	NA	0.459677419354839	0.551724137931034	NA	NA	NA	NA	0.703488372093023	0.342857142857143	0.549019607843137	0.411764705882353	0.259493670886076	0.683823529411765	0.392156862745098	0.526946107784431	0.435483870967742	NA	NA	0.624161073825503	NA	NA	0.935483870967742	NA	0.523636363636364	NA	NA	0.300970873786408	0.565693430656934	0.924170616113744	0.518324607329843	0.642276422764228	0.514492753623188	0.0409356725146199	0.0534979423868313
"166"	"SRBWL005.79"	"SRBWL005.79_2010-10-11"	NA	NA	0.540322580645161	0.566502463054187	NA	NA	NA	NA	0.796511627906977	0.814285714285714	0.4	0.866666666666667	0.0949367088607595	0.441176470588235	0.0980392156862745	0.514970059880239	0.491935483870968	NA	NA	0.570469798657718	NA	NA	NA	NA	0.04	NA	NA	0.446601941747573	0.554744525547445	0.800947867298578	0.340314136125654	0.58130081300813	0.492753623188406	NA	0
"167"	"SRBWL005.79"	"SRBWL005.79_2011-05-04"	NA	NA	0.419354838709677	0.482758620689655	NA	NA	NA	NA	NA	0.552380952380952	0.250980392156863	0.611764705882353	0.0189873417721519	0.202205882352941	0.774509803921569	0.431137724550898	0.362903225806452	NA	NA	0.416107382550336	NA	NA	NA	NA	0.618181818181818	NA	NA	0.252427184466019	0.470802919708029	0.037914691943128	0.366492146596859	0.296747967479675	0.619565217391304	NA	0.0164609053497942
"168"	"SRBWL005.79"	"SRBWL005.79_2013-06-11"	NA	NA	NA	0.61576354679803	NA	NA	NA	NA	NA	0.752380952380952	0.72156862745098	0.411764705882353	0.968354430379747	0.621323529411765	0.617647058823529	0.544910179640719	NA	0.1328125	NA	0.570469798657718	NA	NA	NA	0.928571428571429	0.523636363636364	0.980519480519481	NA	0.737864077669903	0.60948905109489	0.407582938388626	0.717277486910995	0.66260162601626	0.41304347826087	0.251461988304094	0.0699588477366255
"169"	"SRBWL005.79"	"SRBWL005.79_2015-08-19"	NA	NA	NA	0.54679802955665	NA	NA	0.168539325842697	NA	0.558139534883721	0.447619047619048	0.784313725490196	0.313725490196078	0.60126582278481	0.639705882352941	NA	0.473053892215569	NA	NA	NA	NA	0.0152671755725191	NA	NA	NA	0.52	0.5	0.384615384615385	0.364077669902913	0.489051094890511	0.630331753554502	0.664921465968586	0.508130081300813	0.826086956521739	0.52046783625731	0.0699588477366255
"170"	"SRCDY002.95"	"SRCDY002.95_2015-08-18"	NA	NA	NA	0.236453201970443	NA	NA	NA	NA	0.61046511627907	0.580952380952381	0.756862745098039	0.105882352941176	0.556962025316456	0.838235294117647	NA	NA	NA	NA	NA	NA	0.0916030534351145	NA	NA	NA	0.476363636363636	0.0909090909090909	0.153846153846154	0.058252427184466	0.204379562043796	0.658767772511848	NA	0.109756097560976	0.956521739130435	0.210526315789474	0.358024691358025
"171"	"SRCDY002.95"	"SRCDY002.95_2015-10-21"	NA	NA	NA	0.226600985221675	NA	NA	0.561797752808989	NA	0.459302325581395	0.371428571428571	NA	NA	0.759493670886076	0.496323529411765	NA	NA	NA	0.53125	NA	NA	0.244274809160305	NA	NA	NA	0.105454545454545	0.24025974025974	0.369230769230769	0.0242718446601942	0.313868613138686	0.625592417061611	0.476439790575916	0.186991869918699	0.0905797101449275	0.35672514619883	0.580246913580247
"172"	"SRCDY002.95"	"SRCDY002.95_2016-03-28"	NA	NA	NA	0.142857142857143	NA	NA	0.49438202247191	NA	0.331395348837209	0.233333333333333	0.847058823529412	0.584313725490196	NA	0.555147058823529	NA	NA	NA	0.2734375	NA	0.174496644295302	0.183206106870229	NA	NA	NA	0.225454545454545	NA	0.0384615384615385	0.00485436893203883	0.200729927007299	0.545023696682464	0.612565445026178	0.16260162601626	0.402173913043478	0.514619883040936	0.493827160493827
"173"	"SRCDY002.95"	"SRCDY002.95_2016-06-21"	NA	NA	NA	0.300492610837438	NA	NA	0.404494382022472	0.142857142857143	0	0.0285714285714286	0.6	0.0352941176470588	0.689873417721519	0.0477941176470588	NA	NA	NA	0.78125	NA	0.275167785234899	0.282442748091603	NA	NA	NA	0.432727272727273	NA	0.0230769230769231	0.199029126213592	0.328467153284672	0.004739336492891	0.612565445026178	0.292682926829268	0.996376811594203	0.532163742690059	0.674897119341564
"174"	"SRCKN001.61"	"SRCKN001.61_2010-09-02"	NA	NA	0.379032258064516	0.463054187192118	NA	NA	NA	NA	0.476744186046512	0.138095238095238	0.443137254901961	0.2	0.449367088607595	0.334558823529412	0.186274509803922	0.455089820359281	0.330645161290323	NA	NA	0.469798657718121	NA	NA	0.258064516129032	NA	0.418181818181818	NA	NA	0.383495145631068	0.467153284671533	0.772511848341232	0.308900523560209	0.569105691056911	0.873188405797101	0.0584795321637427	0.0576131687242798
"175"	"SRCKN001.61"	"SRCKN001.61_2010-10-11"	NA	NA	0.42741935483871	0.433497536945813	NA	NA	NA	NA	NA	0.476190476190476	0.286274509803922	0.752941176470588	0.0189873417721519	0.477941176470588	0.852941176470588	0.395209580838323	0.387096774193548	NA	NA	0.442953020134228	NA	NA	0.258064516129032	NA	0.181818181818182	NA	NA	0.446601941747573	0.45985401459854	0.165876777251185	0.230366492146597	0.475609756097561	0.315217391304348	0.0116959064327485	0.127572016460905
"176"	"SRCKN001.61"	"SRCKN001.61_2011-05-05"	NA	NA	0.346774193548387	0.315270935960591	NA	NA	NA	NA	NA	0.342857142857143	0.203921568627451	0.752941176470588	0.0189873417721519	0.213235294117647	0.745098039215686	0.323353293413174	0.266129032258065	NA	NA	0.369127516778524	NA	NA	NA	NA	0.418181818181818	NA	NA	0.300970873786408	0.372262773722628	0.0616113744075829	0.308900523560209	0.349593495934959	0.771739130434783	NA	0.065843621399177
"177"	"SRCKN001.61"	"SRCKN001.61_2011-08-17"	NA	1	0.935483870967742	0.980295566502463	1	0.954545454545455	NA	1	NA	NA	NA	NA	0.993670886075949	0	NA	0.970059880239521	0.895161290322581	0.921875	1	0.932885906040268	1	NA	0.870967741935484	0.571428571428571	0.741818181818182	1	1	1	0.927007299270073	NA	0.973821989528796	0.90650406504065	0.981884057971015	1	1
"178"	"SRCKN001.61"	"SRCKN001.61_2011-10-26"	NA	NA	0.814516129032258	0.926108374384236	0.590909090909091	0.409090909090909	NA	NA	0.290697674418605	0.20952380952381	0.325490196078431	0.815686274509804	0.379746835443038	0.0477941176470588	0.0294117647058824	0.910179640718563	0.774193548387097	NA	NA	0.879194630872483	0.175572519083969	NA	NA	NA	0.930909090909091	0.876623376623377	NA	0.655339805825243	0.795620437956204	0.497630331753554	0.544502617801047	0.833333333333333	0.358695652173913	NA	0.0123456790123457
"179"	"SRCKN001.61"	"SRCKN001.61_2012-04-26"	NA	NA	0.483870967741935	0.61576354679803	NA	NA	0.404494382022472	NA	0.5	0.538095238095238	0.141176470588235	0.666666666666667	0.183544303797468	0.382352941176471	0.352941176470588	0.562874251497006	0.451612903225806	0.734375	NA	0.557046979865772	NA	NA	NA	0.9	0.192727272727273	NA	NA	0.199029126213592	0.635036496350365	0.601895734597156	0.926701570680628	0.646341463414634	0.268115942028986	NA	0.0905349794238683
"180"	"SRCKN001.61"	"SRCKN001.61_2012-06-19"	NA	NA	0.717741935483871	0.817733990147783	NA	NA	NA	NA	NA	0.0761904761904762	0	0	NA	0.00735294117647059	0.0196078431372549	0.802395209580838	0.669354838709677	0.78125	NA	0.812080536912752	0.931297709923664	NA	NA	NA	0.0581818181818182	NA	NA	0.58252427184466	0.708029197080292	0.104265402843602	0.717277486910995	0.784552845528455	0.666666666666667	NA	0.283950617283951
"181"	"SRCKN001.61"	"SRCKN001.61_2013-06-11"	NA	NA	NA	0.61576354679803	NA	NA	NA	NA	NA	0.342857142857143	0.529411764705882	0.0470588235294118	0.949367088607595	0.316176470588235	0.549019607843137	0.562874251497006	NA	0.484375	NA	0.597315436241611	NA	NA	NA	NA	0.432727272727273	0.993506493506494	NA	0.762135922330097	0.62043795620438	0.199052132701422	0.74869109947644	0.707317073170732	0.938405797101449	0.345029239766082	0.189300411522634
"182"	"SRD2E000.12"	"SRD2E000.12_2015-09-02"	NA	NA	NA	0.704433497536946	NA	NA	0.247191011235955	NA	0.732558139534884	0.823809523809524	0.619607843137255	0.0784313725490196	0.449367088607595	0.768382352941177	NA	0.592814371257485	NA	NA	NA	0.51006711409396	0.0381679389312977	NA	NA	NA	0.261818181818182	0.623376623376623	0.553846153846154	0.616504854368932	0.587591240875912	0.758293838862559	0.816753926701571	0.585365853658537	0.934782608695652	0.222222222222222	0.267489711934156
"183"	"SRD2E000.12"	"SRD2E000.12_2015-11-03"	NA	NA	NA	0.517241379310345	NA	NA	0.348314606741573	NA	0.488372093023256	0.704761904761905	0.850980392156863	0.698039215686274	0.0949367088607595	0.625	NA	0.389221556886228	NA	0.75	NA	NA	0.0458015267175573	NA	NA	NA	0.458181818181818	0.194805194805195	0.261538461538462	0.504854368932039	0.583941605839416	0.516587677725118	0.827225130890052	0.552845528455285	0.449275362318841	0.245614035087719	0.403292181069959
"184"	"SRD2E000.12"	"SRD2E000.12_2016-02-25"	0.285714285714286	NA	NA	0.41871921182266	NA	NA	0.370786516853933	NA	0.790697674418605	0.952380952380952	0.862745098039216	0.901960784313726	NA	0.779411764705882	NA	0.287425149700599	NA	0.2734375	NA	NA	0.450381679389313	NA	NA	0.842857142857143	0.294545454545455	0.753246753246753	0.1	0.174757281553398	0.364963503649635	0.781990521327014	0.884816753926702	0.459349593495935	0.192028985507246	0.730994152046784	0.962962962962963
"185"	"SRDCN001.90"	"SRDCN001.90_2015-08-18"	NA	NA	NA	0.45320197044335	NA	NA	0.112359550561798	NA	0.308139534883721	0.395238095238095	0.87843137254902	0.282352941176471	0.544303797468354	0.352941176470588	NA	0.317365269461078	NA	NA	NA	NA	0.099236641221374	NA	NA	NA	0.192727272727273	0.402597402597403	0.276923076923077	0.237864077669903	0.397810218978102	0.293838862559242	0.49738219895288	0.414634146341463	0.833333333333333	0.087719298245614	0.604938271604938
"186"	"SRDCN001.90"	"SRDCN001.90_2015-11-02"	NA	NA	NA	0.295566502463054	NA	NA	0.191011235955056	NA	0.534883720930233	0.90952380952381	0.807843137254902	0.509803921568627	0.189873417721519	0.639705882352941	NA	NA	NA	NA	NA	NA	0.412213740458015	NA	NA	NA	0.210909090909091	0.402597402597403	0.176923076923077	0.145631067961165	0.31021897810219	0.350710900473934	0.68586387434555	0.272357723577236	0.648550724637681	NA	0.596707818930041
"187"	"SRDCN001.90"	"SRDCN001.90_2016-03-28"	NA	NA	NA	0.201970443349754	NA	NA	NA	NA	0.38953488372093	0.619047619047619	0.941176470588235	0.67843137254902	0.0189873417721519	0.555147058823529	NA	NA	NA	NA	NA	0.12751677852349	0.580152671755725	NA	NA	NA	0.247272727272727	NA	0.115384615384615	0.121359223300971	0.218978102189781	0.33175355450237	0.68586387434555	0.219512195121951	0.557971014492754	0.719298245614035	0.699588477366255
"188"	"SRDCN001.90"	"SRDCN001.90_2016-06-22"	NA	NA	NA	0.433497536945813	NA	NA	NA	0.428571428571429	0.0348837209302326	0.0619047619047619	0.862745098039216	0.109803921568627	0.924050632911392	0.158088235294118	NA	NA	NA	0.78125	NA	0.268456375838926	0.625954198473282	NA	NA	NA	0.843636363636364	NA	0.515384615384615	0.300970873786408	0.375912408759124	0.170616113744076	0.649214659685864	0.524390243902439	0.989130434782609	0.842105263157895	0.814814814814815
"189"	"SRFIS004.49"	"SRFIS004.49_2007-07-31"	NA	NA	0.290322580645161	0.266009852216749	NA	NA	NA	NA	0.930232558139535	0.938095238095238	0.501960784313725	0.231372549019608	0.873417721518987	0.926470588235294	0.637254901960784	0.227544910179641	0.338709677419355	0.09375	NA	0.275167785234899	NA	NA	NA	NA	0.810909090909091	0.142857142857143	0.138461538461538	0.0339805825242718	0.248175182481752	0.848341232227488	0.230366492146597	0.345528455284553	0.445652173913043	NA	0.625514403292181
"190"	"SRFIS004.49"	"SRFIS004.49_2007-10-30"	NA	NA	0.330645161290323	0.349753694581281	NA	NA	NA	NA	0.348837209302326	0.233333333333333	0.494117647058824	0.968627450980392	NA	0.257352941176471	0.147058823529412	0.323353293413174	0.411290322580645	NA	NA	0.342281879194631	NA	NA	NA	0.942857142857143	0.76	0.0974025974025974	0.0615384615384615	0.150485436893204	0.346715328467153	0.497630331753554	0.0942408376963351	0.296747967479675	0.0978260869565217	NA	0.164609053497942
"191"	"SRFIS004.49"	"SRFIS004.49_2008-05-20"	NA	NA	0.201612903225806	NA	NA	NA	NA	NA	0.761627906976744	0.747619047619048	0.254901960784314	0.701960784313725	NA	0.819852941176471	0.696078431372549	0.209580838323353	0.225806451612903	0.078125	NA	NA	NA	NA	NA	NA	0.28	0.383116883116883	NA	NA	0.251824817518248	0.791469194312796	0.49738219895288	0.227642276422764	0.521739130434783	NA	0.123456790123457
"192"	"SRFIS004.49"	"SRFIS004.49_2008-06-24"	NA	NA	0.314516129032258	NA	NA	NA	NA	NA	NA	NA	NA	NA	NA	0.683823529411765	NA	0.323353293413174	0.387096774193548	0.484375	NA	NA	NA	NA	0.709677419354839	NA	0.149090909090909	0.344155844155844	NA	NA	0.335766423357664	NA	0.455497382198953	0.386178861788618	0.467391304347826	NA	0.0288065843621399
"193"	"SRFIS010.92"	"SRFIS010.92_2015-08-18"	NA	NA	NA	0.428571428571429	NA	NA	0.393258426966292	NA	0.494186046511628	0.657142857142857	0.905882352941176	0.333333333333333	0.19620253164557	0.422794117647059	NA	0.353293413173653	NA	NA	NA	NA	0.32824427480916	NA	NA	NA	0.301818181818182	0.383116883116883	0.376923076923077	0.116504854368932	0.430656934306569	0.464454976303318	0.455497382198953	0.422764227642276	0.963768115942029	0.187134502923977	0.555555555555556
"194"	"SRFIS010.92"	"SRFIS010.92_2015-10-21"	NA	NA	NA	0.379310344827586	NA	NA	0.48314606741573	NA	0.296511627906977	0.857142857142857	NA	NA	0.822784810126582	0.654411764705882	NA	0.311377245508982	NA	0.9453125	NA	NA	0.694656488549618	NA	NA	NA	0.0836363636363636	0.577922077922078	0.492307692307692	0.0485436893203883	0.423357664233577	0.127962085308057	0.539267015706806	0.304878048780488	0.0869565217391304	0.549707602339181	0.930041152263374
"195"	"SRFIS010.92"	"SRFIS010.92_2016-03-28"	NA	NA	NA	0.29064039408867	NA	NA	0.460674157303371	NA	0.383720930232558	0.704761904761905	0.729411764705882	0.345098039215686	0.0949367088607595	0.389705882352941	NA	NA	NA	NA	NA	0.248322147651007	0.603053435114504	NA	NA	NA	0.309090909090909	NA	0.207692307692308	0.0339805825242718	0.302919708029197	0.293838862559242	0.706806282722513	0.321138211382114	0.442028985507246	NA	0.786008230452675
"196"	"SRFIS010.92"	"SRFIS010.92_2016-06-20"	NA	NA	NA	0.477832512315271	NA	NA	NA	0	0.145348837209302	0.176190476190476	0.811764705882353	0.0549019607843137	0.417721518987342	0.1875	NA	NA	NA	0.84375	NA	0.335570469798658	0.488549618320611	NA	NA	NA	0.64	NA	0.515384615384615	0.368932038834951	0.456204379562044	0.265402843601896	0.534031413612565	0.540650406504065	0.978260869565217	0.140350877192982	0.518518518518518
"197"	"SRHAY000.04"	"SRHAY000.04_2007-07-31"	NA	NA	0.379032258064516	0.300492610837438	NA	NA	NA	NA	0.651162790697674	0.676190476190476	0.298039215686275	0.580392156862745	0.316455696202532	0.602941176470588	0.274509803921569	0.203592814371257	0.459677419354839	0.09375	NA	0.201342281879195	NA	NA	NA	NA	0.607272727272727	0.0714285714285714	0.692307692307692	0.713592233009709	0.346715328467153	0.71563981042654	NA	0.41869918699187	0.786231884057971	NA	0.213991769547325
"198"	"SRHAY000.04"	"SRHAY000.04_2007-10-23"	NA	NA	0.443548387096774	0.315270935960591	NA	NA	NA	NA	NA	0.404761904761905	0.956862745098039	0.992156862745098	NA	0.713235294117647	NA	0.209580838323353	0.508064516129032	NA	NA	0.201342281879195	NA	NA	NA	0.171428571428571	0.661818181818182	0.24025974025974	0.861538461538462	0.810679611650485	0.434306569343066	0.748815165876777	NA	0.280487804878049	0.568840579710145	NA	0.037037037037037
"199"	"SRHAY000.04"	"SRHAY000.04_2008-04-23"	NA	NA	0.161290322580645	NA	NA	NA	NA	NA	NA	0.0761904761904762	0.0823529411764706	0.541176470588235	NA	0.533088235294118	0.92156862745098	0.125748502994012	0.185483870967742	0.109375	NA	NA	NA	NA	NA	NA	0.341818181818182	0.0324675324675325	NA	NA	0.167883211678832	0.464454976303318	0.49738219895288	0.178861788617886	0.184782608695652	NA	0.452674897119342
"200"	"SRHAY000.04"	"SRHAY000.04_2008-06-17"	NA	NA	0.459677419354839	NA	NA	NA	NA	NA	NA	0.633333333333333	0.372549019607843	0.662745098039216	0.525316455696203	0.5	NA	0.227544910179641	0.516129032258065	NA	NA	NA	NA	NA	NA	0.0142857142857143	0.756363636363636	0.214285714285714	NA	NA	0.448905109489051	0.545023696682464	NA	0.544715447154472	0.815217391304348	NA	0.34156378600823
"201"	"SRHAY003.25"	"SRHAY003.25_2015-09-03"	NA	NA	NA	0.61576354679803	NA	NA	0.101123595505618	NA	0.47093023255814	0.495238095238095	0.435294117647059	0.192156862745098	0.620253164556962	0.393382352941176	NA	0.538922155688623	NA	NA	NA	0.536912751677852	0.862595419847328	NA	NA	NA	0.116363636363636	0.0454545454545455	NA	0.446601941747573	0.492700729927007	0.497630331753554	0.0104712041884817	0.357723577235772	0.688405797101449	NA	0.234567901234568
"202"	"SRHAY003.25"	"SRHAY003.25_2016-03-29"	NA	NA	NA	0.231527093596059	NA	NA	NA	NA	0.0581395348837209	0.019047619047619	0.835294117647059	0.733333333333333	0.30379746835443	0.102941176470588	NA	NA	NA	0.2734375	NA	0.228187919463087	0.824427480916031	NA	NA	NA	0.363636363636364	NA	NA	0.0728155339805825	0.244525547445255	0.312796208530806	0.392670157068063	0.32520325203252	0.213768115942029	0.491228070175439	0.707818930041152
"203"	"SRHAY003.25"	"SRHAY003.25_2016-06-21"	NA	NA	NA	0.512315270935961	NA	NA	NA	NA	0.226744186046512	0.271428571428571	0.92156862745098	0.243137254901961	0.943037974683544	0.110294117647059	NA	NA	NA	0.78125	NA	0.315436241610738	0.801526717557252	NA	NA	NA	0.363636363636364	NA	0.446153846153846	0.66504854368932	0.437956204379562	0.33175355450237	0.424083769633508	0.467479674796748	0.992753623188406	0.292397660818713	0.271604938271605
"204"	"SRHRS001.41"	"SRHRS001.41_2015-09-02"	NA	NA	NA	0.70935960591133	NA	NA	0.247191011235955	NA	0.587209302325581	0.580952380952381	0.756862745098039	0.12156862745098	0.854430379746835	0.797794117647059	NA	0.586826347305389	NA	NA	NA	NA	0.717557251908397	NA	NA	NA	0.174545454545455	0.844155844155844	0.207692307692308	0.621359223300971	0.591240875912409	0.611374407582938	0.785340314136126	0.59349593495935	0.97463768115942	0.789473684210526	0.547325102880658
"205"	"SRHRS001.41"	"SRHRS001.41_2015-11-03"	NA	NA	NA	0.532019704433498	NA	NA	0.191011235955056	NA	0.191860465116279	0.304761904761905	0.898039215686275	0.686274509803922	0.19620253164557	0.5	NA	0.383233532934132	NA	0.7578125	NA	NA	0.679389312977099	NA	NA	NA	0.0690909090909091	0.772727272727273	0.115384615384615	0.577669902912621	0.594890510948905	0.312796208530806	0.801047120418848	0.560975609756098	0.307971014492754	0.426900584795322	0.51440329218107
"206"	"SRHRS001.41"	"SRHRS001.41_2016-02-25"	0	NA	NA	0.448275862068966	NA	NA	0.348314606741573	NA	0.656976744186046	0.771428571428571	0.831372549019608	0.83921568627451	NA	0.698529411764706	NA	0.287425149700599	NA	0.2734375	NA	NA	0.50381679389313	NA	NA	NA	0.243636363636364	0.714285714285714	0.0307692307692308	0.296116504854369	0.383211678832117	0.635071090047393	0.863874345549738	0.51219512195122	0.427536231884058	0.56140350877193	0.934156378600823
"207"	"SRHRS001.41"	"SRHRS001.41_2016-06-21"	NA	NA	NA	0.61576354679803	NA	NA	NA	0.571428571428571	NA	0.00476190476190476	0.984313725490196	0.184313725490196	NA	NA	NA	NA	NA	0.84375	0.333333333333333	0.442953020134228	0.99236641221374	NA	NA	NA	0.698181818181818	0.980519480519481	0.415384615384615	0.70873786407767	0.598540145985402	0.199052132701422	0.879581151832461	0.650406504065041	1	0.929824561403509	0.991769547325103
"208"	"SRNBE000.86"	"SRNBE000.86_2015-10-20"	NA	NA	NA	0.458128078817734	NA	NA	0.292134831460674	NA	0.569767441860465	0.495238095238095	NA	NA	0.348101265822785	0.625	NA	0.365269461077844	NA	0.3984375	NA	NA	0.00763358778625954	NA	NA	NA	0.385454545454545	0.402597402597403	0.315384615384615	0.247572815533981	0.503649635036496	0.691943127962085	0.801047120418848	0.5	0.239130434782609	0.111111111111111	0.37037037037037
"209"	"SRNBE000.86"	"SRNBE000.86_2016-03-29"	NA	NA	NA	0.315270935960591	NA	NA	NA	NA	0.627906976744186	0.742857142857143	0.874509803921569	0.87843137254902	NA	0.816176470588235	NA	NA	NA	NA	NA	0.275167785234899	NA	NA	NA	NA	0.534545454545455	NA	0.0692307692307692	0.0728155339805825	0.368613138686131	0.616113744075829	0.863874345549738	0.378048780487805	0.115942028985507	NA	0.54320987654321
"210"	"SRNBE000.86"	"SRNBE000.86_2016-06-21"	NA	NA	NA	0.586206896551724	NA	NA	NA	NA	0.0755813953488372	0.404761904761905	0.803921568627451	0.458823529411765	0.955696202531646	0.283088235294118	NA	NA	NA	0.71875	NA	0.469798657718121	NA	NA	NA	NA	0.952727272727273	NA	0.515384615384615	0.553398058252427	0.507299270072993	0.0616113744075829	0.81151832460733	0.573170731707317	0.684782608695652	0	0.218106995884774
"211"	"SRNFB012.35"	"SRNFB012.35_2015-09-02"	NA	NA	NA	0.714285714285714	NA	NA	0.191011235955056	NA	0.947674418604651	0.89047619047619	0.698039215686274	0.137254901960784	0.664556962025316	0.856617647058823	NA	0.664670658682635	NA	NA	NA	0.63758389261745	0.702290076335878	NA	NA	NA	0.44	0.668831168831169	0.623076923076923	0.62621359223301	0.627737226277372	0.933649289099526	0.109947643979058	0.605691056910569	0.778985507246377	0.631578947368421	0.901234567901235
"212"	"SRNFB012.35"	"SRNFB012.35_2015-10-19"	NA	NA	NA	0.605911330049261	NA	NA	0.370786516853933	NA	0.982558139534884	0.966666666666667	NA	NA	0.626582278481013	0.875	NA	0.497005988023952	NA	0.6484375	NA	NA	0.221374045801527	NA	NA	NA	0.730909090909091	0.37012987012987	0.561538461538462	0.640776699029126	0.613138686131387	0.981042654028436	0.256544502617801	0.597560975609756	0.753623188405797	0.315789473684211	0.794238683127572
"213"	"SRNFB012.35"	"SRNFB012.35_2016-03-30"	NA	NA	NA	0.507389162561576	NA	NA	NA	NA	0.970930232558139	0.928571428571429	0.819607843137255	0.917647058823529	NA	0.716911764705882	NA	NA	NA	NA	NA	0.402684563758389	NA	NA	NA	NA	0.581818181818182	NA	0.284615384615385	0.553398058252427	0.514598540145985	0.947867298578199	0.544502617801047	0.626016260162602	0.0507246376811594	0.064327485380117	0.720164609053498
"214"	"SRNFB012.35"	"SRNFB012.35_2016-06-14"	NA	NA	NA	0.753694581280788	NA	NA	NA	0.285714285714286	0.622093023255814	0.552380952380952	0.776470588235294	0.568627450980392	0.215189873417722	0.654411764705882	NA	NA	NA	0.609375	NA	0.724832214765101	0.725190839694656	NA	NA	NA	0.629090909090909	NA	0.776923076923077	0.781553398058252	0.675182481751825	0.701421800947867	0.293193717277487	0.719512195121951	0.228260869565217	0.725146198830409	0.810699588477366
"215"	"SRRES000.33"	"SRRES000.33_2010-09-02"	NA	NA	0.258064516129032	0.246305418719212	NA	NA	NA	NA	NA	0.961904761904762	0.737254901960784	0.643137254901961	0.778481012658228	0.882352941176471	0.637254901960784	0.149700598802395	0.201612903225806	NA	NA	0.12751677852349	0.145038167938931	NA	NA	NA	0.490909090909091	NA	NA	0.684466019417476	0.281021897810219	0.829383886255924	0.0471204188481675	0.284552845528455	0.5	0.309941520467836	0.271604938271605
"216"	"SRRES000.33"	"SRRES000.33_2010-10-12"	NA	NA	0.354838709677419	0.315270935960591	NA	NA	NA	NA	0.604651162790698	0.857142857142857	0.349019607843137	0.83921568627451	0.727848101265823	0.841911764705882	0.941176470588235	0.173652694610778	0.290322580645161	NA	NA	0.12751677852349	NA	NA	NA	NA	0.16	NA	NA	0.762135922330097	0.361313868613139	0.450236966824645	NA	0.341463414634146	0.434782608695652	0.16374269005848	0.0699588477366255
"217"	"SRRES000.33"	"SRRES000.33_2011-05-05"	NA	NA	0.362903225806452	0.334975369458128	NA	NA	NA	NA	0.744186046511628	0.580952380952381	0.188235294117647	0.611764705882353	0.259493670886076	0.830882352941177	0.725490196078431	0.173652694610778	0.306451612903226	NA	NA	0.12751677852349	NA	NA	NA	NA	0.64	NA	NA	0.771844660194175	0.37956204379562	0.85781990521327	NA	0.25609756097561	0.626811594202899	0.198830409356725	0.111111111111111
"218"	"SRSNK001.33"	"SRSNK001.33_2007-07-31"	NA	NA	0.564516129032258	0.586206896551724	NA	NA	NA	NA	0.203488372093023	0.0761904761904762	0.505882352941176	0.23921568627451	0.493670886075949	0.202205882352941	0.166666666666667	0.562874251497006	0.564516129032258	0.609375	NA	0.664429530201342	NA	NA	NA	NA	0.574545454545455	0.292207792207792	0.515384615384615	0.383495145631068	0.525547445255474	0.37914691943128	0	0.634146341463415	0.713768115942029	NA	0.168724279835391
"219"	"SRSNK001.33"	"SRSNK001.33_2008-05-20"	NA	NA	0.274193548387097	NA	NA	NA	NA	NA	NA	NA	0.262745098039216	0.666666666666667	NA	0.5	NA	0.359281437125749	0.306451612903226	0.1328125	NA	NA	NA	NA	NA	NA	0.283636363636364	0.681818181818182	NA	NA	0.332116788321168	NA	0.664921465968586	0.434959349593496	0.601449275362319	NA	0.37037037037037
"220"	"SRSNK001.33"	"SRSNK001.33_2015-08-18"	NA	NA	NA	0.660098522167488	NA	NA	0.112359550561798	NA	0.174418604651163	0.476190476190476	0.705882352941177	0.168627450980392	0.765822784810127	0.150735294117647	NA	0.598802395209581	NA	NA	NA	0.630872483221476	0.114503816793893	NA	NA	NA	0.207272727272727	0.792207792207792	0.738461538461539	0.368932038834951	0.616788321167883	0.0853080568720379	0.890052356020942	0.638211382113821	0.949275362318841	NA	0.106995884773663
"221"	"SRSNK001.33"	"SRSNK001.33_2015-10-20"	NA	NA	NA	0.487684729064039	NA	NA	0.269662921348315	NA	0.168604651162791	0.176190476190476	NA	NA	0.259493670886076	0.246323529411765	NA	0.449101796407186	NA	0.5703125	NA	NA	0	NA	NA	NA	0.494545454545455	0.811688311688312	0.615384615384615	0.199029126213592	0.562043795620438	0.37914691943128	0.910994764397906	0.520325203252033	0.576086956521739	0.0994152046783626	0.415637860082305
"222"	"SRSNK001.33"	"SRSNK001.33_2016-03-29"	NA	NA	NA	0.399014778325123	NA	NA	0.471910112359551	NA	0.273255813953488	0.20952380952381	0.741176470588235	0.650980392156863	NA	0.246323529411765	NA	NA	NA	NA	NA	0.389261744966443	NA	NA	NA	NA	0.309090909090909	NA	0.361538461538462	0.0728155339805825	0.445255474452555	0.52132701421801	0.952879581151832	0.532520325203252	0.271739130434783	0.00584795321637427	0.539094650205761
"223"	"SRSTI000.38"	"SRSTI000.38_2007-07-30"	NA	NA	0.314516129032258	0.246305418719212	NA	NA	NA	NA	0.668604651162791	0.852380952380952	0.0941176470588235	0.207843137254902	0.658227848101266	0.0735294117647059	0.00980392156862745	0.173652694610778	0.362903225806452	NA	NA	0.214765100671141	0.763358778625954	NA	NA	NA	0.4	NA	0.692307692307692	0.446601941747573	0.262773722627737	0.601895734597156	NA	0.386178861788618	0.804347826086957	0.467836257309941	0.847736625514403
"224"	"SRSTI000.38"	"SRSTI000.38_2007-10-23"	NA	NA	0.233870967741935	0.201970443349754	NA	NA	NA	NA	NA	0.495238095238095	NA	NA	NA	0.319852941176471	NA	0.149700598802395	0.266129032258065	NA	NA	0.174496644295302	NA	NA	NA	NA	0.698181818181818	0.194805194805195	0.576923076923077	0.300970873786408	0.291970802919708	0.246445497630332	0.0209424083769634	0.191056910569106	0.126811594202899	NA	0.460905349794239
"225"	"SRSTI000.38"	"SRSTI000.38_2008-06-18"	NA	NA	0.17741935483871	NA	NA	NA	NA	NA	NA	0.395238095238095	0.00784313725490196	0.0117647058823529	0.911392405063291	0.477941176470588	NA	0.0898203592814371	0.201612903225806	NA	NA	NA	NA	NA	NA	NA	0.374545454545455	0.5	NA	NA	0.186131386861314	0.28436018957346	0.230366492146597	0.247967479674797	0.923913043478261	0.690058479532164	0.592592592592593
"226"	"SRSTI000.38"	"SRSTI000.38_2013-09-17"	NA	NA	NA	0.266009852216749	NA	NA	NA	NA	0.819767441860465	0.995238095238095	0.588235294117647	0.207843137254902	0.829113924050633	0.856617647058823	NA	0.173652694610778	NA	0.734375	NA	0.174496644295302	0.725190839694656	NA	0.548387096774194	0.657142857142857	0.145454545454545	NA	NA	0.121359223300971	0.22992700729927	0.478672985781991	0.424083769633508	0.239837398373984	0.630434782608696	0.707602339181287	0.777777777777778
"227"	"SRSTI000.38"	"SRSTI000.38_2013-10-22"	NA	NA	NA	0.266009852216749	NA	NA	NA	NA	0.401162790697674	0.771428571428571	0.32156862745098	0.909803921568627	0.0949367088607595	0.264705882352941	NA	0.173652694610778	NA	0.5625	NA	0.174496644295302	0.33587786259542	NA	NA	0.742857142857143	0.876363636363636	NA	NA	0.300970873786408	0.821167883211679	0.227488151658768	0.356020942408377	0.869918699186992	0.297101449275362	NA	0.312757201646091
"228"	"SRSTI000.38"	"SRSTI000.38_2014-04-15"	NA	NA	NA	NA	NA	NA	0.191011235955056	NA	0.354651162790698	0.619047619047619	0.266666666666667	0.8	NA	0.408088235294118	NA	NA	NA	0.96875	NA	NA	0.519083969465649	NA	NA	0.814285714285714	0.534545454545455	0.0714285714285714	0.161538461538462	0.111650485436893	0.153284671532847	0.232227488151659	0.424083769633508	0.0650406504065041	0.326086956521739	0.432748538011696	0.695473251028807
"229"	"SRSTI000.38"	"SRSTI000.38_2014-05-29"	NA	NA	NA	0.310344827586207	NA	NA	0.191011235955056	NA	0.127906976744186	0.0761904761904762	0.674509803921569	0.431372549019608	0.974683544303797	0.0919117647058824	NA	NA	NA	0.6953125	0	NA	0.595419847328244	NA	NA	NA	0.283636363636364	NA	0.684615384615385	0.5	0.343065693430657	0.327014218009479	0.151832460732984	0.308943089430894	0.579710144927536	0.415204678362573	0.917695473251029
"230"	"SRUDC000.02"	"SRUDC000.02_2015-08-18"	NA	NA	NA	0.399014778325123	NA	NA	0.0786516853932584	NA	0.151162790697674	0.138095238095238	0.788235294117647	0.223529411764706	0.518987341772152	0.430147058823529	NA	0.287425149700599	NA	NA	NA	NA	0.381679389312977	NA	NA	NA	0.254545454545455	0.383116883116883	0.469230769230769	0.140776699029126	0.386861313868613	0.364928909952607	0.649214659685864	0.361788617886179	0.916666666666667	NA	0.218106995884774
"231"	"SRUDC000.02"	"SRUDC000.02_2015-11-02"	NA	NA	NA	0.261083743842365	NA	NA	0.168539325842697	NA	0.319767441860465	0.495238095238095	0.870588235294118	0.56078431372549	0	0.716911764705882	NA	NA	NA	NA	NA	NA	0.0610687022900763	NA	NA	NA	0.501818181818182	0.344155844155844	0.338461538461538	0.0728155339805825	0.412408759124088	0.33175355450237	0.785340314136126	0.382113821138211	0.822463768115942	0.263157894736842	0.436213991769547
"232"	"SRUDC000.02"	"SRUDC000.02_2016-03-28"	NA	NA	NA	0.241379310344828	NA	NA	NA	NA	0.197674418604651	0.119047619047619	0.933333333333333	0.690196078431373	NA	0.580882352941177	NA	NA	NA	NA	NA	0.228187919463087	0.183206106870229	NA	NA	NA	0.516363636363636	NA	0.2	0.0339805825242718	0.277372262773723	0.398104265402844	0.785340314136126	0.24390243902439	0.532608695652174	0.596491228070175	0.753086419753086
"233"	"SRUDC000.02"	"SRUDC000.02_2016-06-22"	NA	NA	NA	0.492610837438424	NA	NA	NA	NA	0.174418604651163	0.314285714285714	0.780392156862745	0.298039215686275	0.810126582278481	0.433823529411765	NA	NA	NA	0.71875	0.555555555555556	0.369127516778524	0.458015267175573	NA	NA	NA	0.832727272727273	NA	0.576923076923077	0.383495145631068	0.452554744525547	0.194312796208531	0.664921465968586	0.601626016260163	0.75	0.175438596491228	0.345679012345679
"234"	"SRUEF000.87"	"SRUEF000.87_2015-09-02"	NA	NA	NA	0.67487684729064	NA	NA	0.112359550561798	NA	0.738372093023256	0.833333333333333	0.705882352941177	0.192156862745098	0.727848101265823	0.746323529411765	NA	0.544910179640719	NA	NA	NA	NA	0.656488549618321	NA	NA	NA	0.2	0.402597402597403	0.269230769230769	0.41747572815534	0.54014598540146	0.691943127962085	0.366492146596859	0.528455284552846	0.659420289855073	0.280701754385965	0.94238683127572
"235"	"SRUEF000.87"	"SRUEF000.87_2015-10-19"	NA	NA	NA	0.561576354679803	NA	NA	0.292134831460674	NA	0.563953488372093	0.90952380952381	NA	NA	0.481012658227848	0.654411764705882	NA	0.425149700598802	NA	0.53125	NA	NA	0.580152671755725	NA	NA	NA	0.443636363636364	0.551948051948052	0.292307692307692	0.436893203883495	0.518248175182482	0.431279620853081	0.408376963350785	0.430894308943089	0.742753623188406	0.461988304093567	0.880658436213992
"236"	"SRUEF000.87"	"SRUEF000.87_2016-03-30"	NA	NA	NA	0.463054187192118	NA	NA	NA	NA	0.319767441860465	0.371428571428571	0.8	0.905882352941176	0.0189873417721519	0.591911764705882	NA	NA	NA	NA	NA	0.302013422818792	0.305343511450382	NA	NA	NA	0.138181818181818	NA	NA	0.199029126213592	0.401459854014599	0.37914691943128	0.638743455497382	0.479674796747967	0.036231884057971	0.35672514619883	0.732510288065844
"237"	"SRUEF000.87"	"SRUEF000.87_2016-06-13"	NA	NA	NA	0.551724137931034	NA	NA	NA	NA	NA	0.157142857142857	0.937254901960784	0.133333333333333	0.632911392405063	0.0147058823529412	NA	NA	NA	0.609375	NA	0.389261744966443	0.396946564885496	NA	NA	NA	0.352727272727273	NA	0.353846153846154	0.509708737864078	0.478102189781022	0	0.581151832460733	0.548780487804878	0.960144927536232	0.444444444444444	0.716049382716049
"238"	"SRUNF002.31"	"SRUNF002.31_2013-09-17"	NA	NA	NA	0.472906403940887	NA	NA	NA	NA	0.872093023255814	0.980952380952381	0.156862745098039	0.0235294117647059	0.689873417721519	0.694852941176471	0.186274509803922	0.37125748502994	NA	0.828125	NA	0.315436241610738	0.67175572519084	NA	0.258064516129032	NA	0.0545454545454545	NA	NA	0.252427184466019	0.394160583941606	0.725118483412322	0.0732984293193717	0.398373983739837	0.880434782608696	0.596491228070175	0.670781893004115
"239"	"SRUNF002.31"	"SRUNF002.31_2013-10-21"	NA	NA	NA	0.536945812807882	NA	NA	NA	NA	0.546511627906977	0.657142857142857	0.47843137254902	0.854901960784314	0.651898734177215	0.257352941176471	NA	0.395209580838323	NA	0.6796875	NA	0.315436241610738	0.969465648854962	NA	NA	0.957142857142857	0.225454545454545	0.811688311688312	NA	0.509708737864078	0.547445255474453	0.530805687203792	0.633507853403141	0.630081300813008	0.423913043478261	0.923976608187134	0.773662551440329
"240"	"SRUNF002.31"	"SRUNF002.31_2014-04-16"	NA	NA	NA	0.394088669950739	NA	NA	0.651685393258427	NA	0.569767441860465	0.719047619047619	0.149019607843137	0.882352941176471	0.0189873417721519	0.3125	NA	0.269461077844311	NA	1	NA	NA	0.954198473282443	NA	NA	0.814285714285714	0.105454545454545	0.233766233766234	0.569230769230769	0.422330097087379	0.45985401459854	0.450236966824645	0.68586387434555	0.463414634146341	0.144927536231884	0.269005847953216	0.526748971193416
"241"	"SRUNF002.31"	"SRUNF002.31_2014-05-19"	NA	NA	NA	0.187192118226601	NA	NA	0.550561797752809	NA	0.395348837209302	0.314285714285714	1	0.925490196078431	NA	0.128676470588235	NA	NA	NA	0.890625	0.222222222222222	NA	0.816793893129771	NA	NA	0.585714285714286	0.992727272727273	NA	0.669230769230769	0.441747572815534	0.324817518248175	0.478672985781991	0.612565445026178	0.398373983739837	0.902173913043478	0.350877192982456	0.827160493827161
"242"	"SRUUE000.03"	"SRUUE000.03_2015-09-02"	NA	NA	NA	0.714285714285714	NA	NA	0.112359550561798	NA	0.261627906976744	0.657142857142857	0.556862745098039	0.16078431372549	0.892405063291139	0.400735294117647	NA	0.610778443113772	NA	NA	NA	0.516778523489933	0.877862595419847	NA	NA	NA	0.0472727272727273	0.714285714285714	0.0538461538461538	0.422330097087379	0.536496350364963	0.127962085308057	0.518324607329843	0.495934959349593	0.623188405797101	0.865497076023392	0.621399176954732
"243"	"SRUUE000.03"	"SRUUE000.03_2015-10-19"	NA	NA	NA	0.610837438423645	NA	NA	0.269662921348315	NA	0.0581395348837209	0.404761904761905	NA	NA	0.582278481012658	0.308823529411765	NA	0.479041916167665	NA	0.59375	NA	NA	0.778625954198473	NA	NA	NA	0.189090909090909	0.558441558441558	0.246153846153846	0.480582524271845	0.532846715328467	0.104265402843602	0.544502617801047	0.491869918699187	0.608695652173913	0.900584795321637	0.958847736625514
"244"	"SRUUE000.03"	"SRUUE000.03_2016-03-30"	NA	NA	NA	0.413793103448276	NA	NA	NA	NA	0.13953488372093	0.447619047619048	0.796078431372549	0.898039215686275	NA	0.448529411764706	NA	NA	NA	NA	NA	0.25503355704698	0.564885496183206	NA	NA	NA	0.130909090909091	NA	NA	0.150485436893204	0.339416058394161	0.104265402843602	0.68586387434555	0.373983739837398	0.0471014492753623	0.777777777777778	0.909465020576132
"245"	"SRUUE000.03"	"SRUUE000.03_2016-06-13"	NA	0	NA	0.679802955665025	NA	NA	NA	0.714285714285714	NA	0.676190476190476	0.690196078431373	0.0941176470588235	0.791139240506329	0.0625	NA	NA	NA	0.84375	0.666666666666667	0.496644295302013	0.938931297709924	NA	NA	NA	0.545454545454545	0.967532467532468	0.223076923076923	0.645631067961165	0.481751824817518	0.00947867298578199	0.518324607329843	0.577235772357724	0.905797101449275	0.994152046783626	0.995884773662551
"246"	"SRWFB005.34"	"SRWFB005.34_2007-07-31"	NA	NA	0.233870967741935	0.172413793103448	NA	NA	NA	NA	0.825581395348837	0.514285714285714	0.427450980392157	0.635294117647059	0.493670886075949	0.926470588235294	0.794117647058823	0.0898203592814371	0.266129032258065	NA	NA	0.0671140939597315	NA	NA	NA	0.0857142857142857	0.909090909090909	NA	0.861538461538462	0.597087378640777	0.218978102189781	0.90521327014218	NA	0.365853658536585	0.891304347826087	NA	0.530864197530864
"247"	"SRWFB005.34"	"SRWFB005.34_2007-10-22"	NA	NA	0.298387096774194	0.192118226600985	NA	NA	NA	NA	0.924418604651163	0.957142857142857	0.882352941176471	0.976470588235294	NA	0.845588235294118	0.323529411764706	0.11377245508982	0.362903225806452	NA	NA	0.0671140939597315	NA	NA	NA	NA	0.614545454545455	0.266233766233766	0.938461538461538	0.713592233009709	0.262773722627737	0.862559241706161	NA	0.247967479674797	0.101449275362319	NA	0.0946502057613169
"248"	"SRWFB005.34"	"SRWFB005.34_2008-04-23"	NA	NA	0.0645161290322581	NA	NA	NA	NA	NA	1	0.976190476190476	0.0235294117647059	0.356862745098039	0.227848101265823	0.992647058823529	0.931372549019608	0.0538922155688623	0.0806451612903226	0.1796875	NA	NA	NA	NA	NA	0.214285714285714	0.258181818181818	0.025974025974026	NA	NA	0.0948905109489051	0.990521327014218	0.298429319371728	0.113821138211382	0.728260869565217	NA	0.633744855967078
"249"	"SRWFB005.34"	"SRWFB005.34_2008-06-17"	NA	NA	0.17741935483871	NA	NA	NA	NA	NA	0.918604651162791	0.814285714285714	0.568627450980392	0.643137254901961	0.746835443037975	0.915441176470588	0.764705882352941	0.0419161676646707	0.201612903225806	NA	NA	NA	NA	NA	NA	0.657142857142857	0.945454545454545	0.662337662337662	NA	NA	0.153284671532847	0.95260663507109	NA	0.207317073170732	0.971014492753623	NA	0.465020576131687
"250"	"SRWFB005.34"	"SRWFB005.34_2008-10-22"	NA	NA	NA	NA	NA	NA	NA	NA	0.936046511627907	0.89047619047619	0.607843137254902	0.627450980392157	NA	0.911764705882353	0.735294117647059	NA	NA	NA	NA	NA	NA	NA	NA	NA	0.676363636363636	NA	NA	NA	0.18978102189781	0.943127962085308	NA	0.991869918699187	0.22463768115942	NA	0.333333333333333
"251"	"SRWFB005.34"	"SRWFB005.34_2013-09-16"	NA	NA	NA	0.38423645320197	NA	NA	NA	NA	0.994186046511628	0.985714285714286	0.886274509803922	0.803921568627451	0.740506329113924	1	NA	0.245508982035928	NA	0.8125	NA	0.241610738255034	0.740458015267176	NA	0.451612903225806	NA	0.276363636363636	NA	NA	0.446601941747573	0.284671532846715	0.957345971563981	0.308900523560209	0.313008130081301	0.605072463768116	0.824561403508772	0.802469135802469
"252"	"SRWLD000.86"	"SRWLD000.86_2013-09-17"	NA	NA	NA	0.61576354679803	NA	NA	NA	NA	0.767441860465116	0.857142857142857	0.517647058823529	0.258823529411765	0.575949367088608	0.602941176470588	NA	0.514970059880239	NA	0.4765625	NA	0.442953020134228	0.145038167938931	NA	0.483870967741935	NA	0.250909090909091	NA	NA	0.485436893203884	0.529197080291971	0.758293838862559	0.424083769633508	0.398373983739837	0.594202898550725	0.43859649122807	0.432098765432099
"253"	"SRWLD000.86"	"SRWLD000.86_2013-10-22"	NA	NA	NA	0.541871921182266	NA	NA	NA	NA	0.215116279069767	0.295238095238095	0.568627450980392	0.952941176470588	0.962025316455696	0.110294117647059	NA	0.455089820359281	NA	0.53125	NA	0.402684563758389	NA	NA	NA	NA	0.738181818181818	NA	NA	0.179611650485437	0.777372262773723	0.265402843601896	0.49738219895288	0.82520325203252	0.311594202898551	0.116959064327485	0.251028806584362
"254"	"SRWLD000.86"	"SRWLD000.86_2014-04-15"	NA	NA	NA	0.344827586206897	NA	NA	0.292134831460674	NA	0.127906976744186	0.0619047619047619	0.215686274509804	0.807843137254902	NA	0.110294117647059	NA	0.263473053892216	NA	0.953125	NA	NA	0.0305343511450382	NA	NA	NA	0.658181818181818	0.00649350649350649	NA	0.106796116504854	0.262773722627737	0.293838862559242	0.581151832460733	0.101626016260163	0.195652173913043	0.128654970760234	0.242798353909465
"255"	"UGCOL003.48"	"UGCOL003.48_2005-08-16"	NA	NA	0.741935483870968	0.866995073891626	NA	NA	0.887640449438202	NA	NA	NA	0.576470588235294	0.141176470588235	0.493670886075949	0.213235294117647	NA	0.892215568862275	0.82258064516129	0.4140625	NA	0.885906040268456	NA	NA	NA	0.157142857142857	0.694545454545455	0.344155844155844	0.407692307692308	0.844660194174757	0.817518248175182	NA	NA	0.796747967479675	0.503623188405797	NA	0.316872427983539
"256"	"UGCOL003.48"	"UGCOL003.48_2008-09-22"	NA	NA	0.766129032258065	0.847290640394089	NA	NA	0.707865168539326	NA	0.441860465116279	0.271428571428571	NA	NA	0.0949367088607595	0.110294117647059	0.0784313725490196	NA	0.717741935483871	NA	NA	NA	NA	NA	NA	0.0142857142857143	0.443636363636364	0.266233766233766	NA	NA	0.755474452554745	0.677725118483412	0.581151832460733	0.792682926829268	0.300724637681159	0.0292397660818713	0.296296296296296
"257"	"UGCOL003.48"	"UGCOL003.48_2008-11-17"	NA	NA	0.782258064516129	NA	NA	NA	0.797752808988764	NA	NA	NA	0.274509803921569	0.690196078431373	NA	0.5	NA	0.838323353293413	0.838709677419355	0.2734375	NA	NA	NA	NA	0	0	0.876363636363636	0.474025974025974	NA	NA	0.762773722627737	NA	0.267015706806283	0.776422764227642	0.231884057971014	NA	0.300411522633745
"258"	"UGCOL003.48"	"UGCOL003.48_2009-03-31"	NA	NA	0.604838709677419	0.768472906403941	NA	NA	0.775280898876405	NA	NA	0.738095238095238	0.337254901960784	0.258823529411765	0.0949367088607595	0.580882352941177	0.362745098039216	0.718562874251497	0.604838709677419	NA	NA	0.751677852348993	0.908396946564885	NA	NA	0.442857142857143	0.512727272727273	NA	NA	NA	0.68978102189781	0.663507109004739	0.759162303664921	0.752032520325203	0.416666666666667	0.883040935672515	0.551440329218107
"259"	"UGCOL003.48"	"UGCOL003.48_2009-06-16"	NA	NA	0.733870967741935	0.832512315270936	NA	NA	0.719101123595506	NA	NA	NA	0.929411764705882	0.274509803921569	0.936708860759494	0.5	NA	0.81437125748503	0.774193548387097	0.25	NA	0.812080536912752	NA	NA	NA	0.385714285714286	0.785454545454545	0.474025974025974	NA	NA	0.781021897810219	NA	NA	0.808943089430894	0.851449275362319	NA	0.358024691358025
"260"	"UGCOL003.48"	"UGCOL003.48_2014-09-04"	NA	NA	NA	0.857142857142857	NA	NA	0.820224719101124	NA	0.337209302325581	0.20952380952381	0.133333333333333	0.470588235294118	0.569620253164557	0.5	NA	0.88622754491018	NA	NA	NA	0.885906040268456	0.435114503816794	NA	NA	NA	0	0.603896103896104	0.453846153846154	0.781553398058252	0.996350364963504	0.554502369668246	1	0.975609756097561	0.289855072463768	0.0818713450292398	0.160493827160494
"261"	"UGCOL003.48"	"UGCOL003.48_2014-11-17"	NA	NA	NA	0.802955665024631	NA	NA	0.808988764044944	NA	0.151162790697674	0.0285714285714286	0.713725490196078	0.823529411764706	0.0949367088607595	0.227941176470588	NA	0.790419161676647	NA	NA	NA	0.791946308724832	0.648854961832061	NA	NA	NA	0.178181818181818	0.584415584415584	0.323076923076923	0.752427184466019	0.740875912408759	0.431279620853081	0.979057591623037	0.764227642276423	0.13768115942029	0.0760233918128655	0.255144032921811
"262"	"UGCOL003.48"	"UGCOL003.48_2015-02-17"	NA	NA	NA	0.763546798029557	NA	NA	0.842696629213483	NA	0.633720930232558	0.619047619047619	0.827450980392157	0.725490196078431	NA	0.779411764705882	NA	0.74251497005988	NA	NA	NA	0.76510067114094	0.145038167938931	NA	NA	0.585714285714286	0.327272727272727	0.441558441558442	0.3	0.679611650485437	0.711678832116788	0.649289099526066	0.989528795811518	0.739837398373984	0.322463768115942	0.385964912280702	0.444444444444444
"263"	"UGCOL003.48"	"UGCOL003.48_2015-06-03"	0.857142857142857	0.666666666666667	NA	0.862068965517241	NA	NA	0.865168539325843	NA	0.406976744186047	0.514285714285714	0.588235294117647	0.36078431372549	NA	0.110294117647059	NA	0.892215568862275	NA	NA	NA	0.906040268456376	0.221374045801527	NA	NA	0.657142857142857	0.629090909090909	0.642857142857143	0.438461538461538	0.839805825242718	0.835766423357664	0.478672985781991	0.942408376963351	0.841463414634146	0.38768115942029	0.157894736842105	0.189300411522634
"264"	"UGEEG001.57"	"UGEEG001.57_2014-09-03"	NA	NA	NA	0.931034482758621	NA	NA	0.404494382022472	NA	0.0465116279069767	0.157142857142857	0.168627450980392	0.149019607843137	0.784810126582278	0.128676470588235	NA	0.92814371257485	NA	NA	NA	0.966442953020134	NA	NA	NA	NA	0.374545454545455	0.883116883116883	0.669230769230769	0.733009708737864	0.934306569343066	0.151658767772512	0.649214659685864	0.898373983739837	0.91304347826087	0.526315789473684	0.00823045267489712
"265"	"UGEEG001.57"	"UGEEG001.57_2014-11-14"	NA	NA	NA	0.802955665024631	NA	NA	0.561797752808989	NA	0.0116279069767442	0.119047619047619	0.815686274509804	0.584313725490196	0.474683544303797	0.227941176470588	NA	0.850299401197605	NA	NA	NA	0.919463087248322	0.0229007633587786	NA	NA	NA	0.556363636363636	0.896103896103896	0.469230769230769	0.611650485436893	0.773722627737226	0.042654028436019	0.816753926701571	0.853658536585366	0.409420289855072	NA	0.0823045267489712
"266"	"UGEEG001.57"	"UGEEG001.57_2015-03-24"	NA	NA	NA	0.724137931034483	NA	NA	0.595505617977528	NA	0.11046511627907	0.552380952380952	0.756862745098039	0.396078431372549	NA	0.426470588235294	NA	0.724550898203593	NA	NA	NA	0.778523489932886	0.083969465648855	NA	NA	0.657142857142857	0.218181818181818	0.116883116883117	0.4	0.524271844660194	0.686131386861314	0.0616113744075829	0.890052356020942	0.731707317073171	0.644927536231884	0.450292397660819	0.407407407407407
"267"	"UGEEG001.57"	"UGEEG001.57_2015-05-19"	0.285714285714286	0.166666666666667	NA	0.812807881773399	NA	NA	0.561797752808989	NA	NA	0.371428571428571	0.717647058823529	0.156862745098039	0.379746835443038	0.360294117647059	NA	0.832335329341317	NA	NA	NA	0.912751677852349	0.0534351145038168	NA	NA	NA	0.72	0.844155844155844	0.461538461538462	0.567961165048544	0.766423357664234	0.265402843601896	0.858638743455497	0.857723577235772	0.898550724637681	NA	0.205761316872428
"268"	"UGKPK000.12"	"UGKPK000.12_2005-08-17"	NA	NA	0.887096774193548	0.955665024630542	NA	NA	NA	NA	0.645348837209302	0.447619047619048	0.615686274509804	0.274509803921569	0.905063291139241	0.654411764705882	0.372549019607843	0.916167664670659	0.935483870967742	0.1953125	NA	0.926174496644295	NA	NA	NA	NA	0.927272727272727	0.967532467532468	0.776923076923077	0.893203883495146	0.905109489051095	0.725118483412322	NA	0.943089430894309	0.884057971014493	0.801169590643275	0.806584362139918
"269"	"UGKPK000.12"	"UGKPK000.12_2005-10-25"	NA	NA	0.935483870967742	0.960591133004926	NA	NA	NA	NA	0.523255813953488	0.404761904761905	0.403921568627451	0.537254901960784	NA	0.654411764705882	0.53921568627451	0.934131736526946	0.951612903225806	0.0390625	NA	0.932885906040268	NA	NA	NA	NA	0.84	0.74025974025974	0.5	0.898058252427185	0.89051094890511	0.582938388625592	NA	0.902439024390244	0.438405797101449	NA	0.201646090534979
"270"	"UGKPK000.12"	"UGKPK000.12_2006-04-04"	NA	NA	0.790322580645161	0.866995073891626	NA	NA	NA	NA	0.773255813953488	0.580952380952381	0.290196078431373	0.290196078431373	0.563291139240506	0.772058823529412	0.382352941176471	0.838323353293413	0.838709677419355	0.15625	NA	0.812080536912752	NA	NA	NA	NA	0.76	0.714285714285714	0.392307692307692	0.849514563106796	0.72992700729927	0.834123222748815	0.905759162303665	0.772357723577236	0.547101449275362	0.95906432748538	0.506172839506173
"271"	"UGKPK011.18"	"UGKPK011.18_2008-09-24"	NA	NA	0.274193548387097	0.408866995073892	NA	NA	0.404494382022472	NA	0.267441860465116	0.0761904761904762	0.517647058823529	0.937254901960784	NA	0.408088235294118	0.42156862745098	NA	0.225806451612903	NA	NA	NA	NA	NA	NA	0.342857142857143	0.2	0.116883116883117	NA	NA	0.346715328467153	0.582938388625592	0.424083769633508	0.101626016260163	0.105072463768116	NA	0.382716049382716
"272"	"UGKPK011.18"	"UGKPK011.18_2008-11-19"	NA	NA	0.258064516129032	NA	NA	NA	NA	NA	NA	0.633333333333333	0.466666666666667	0.725490196078431	NA	0.470588235294118	0.441176470588235	0.323353293413174	0.290322580645161	NA	NA	NA	NA	NA	0.645161290322581	0.485714285714286	0.836363636363636	0.337662337662338	NA	NA	0.208029197080292	0.52132701421801	0.607329842931937	0.215447154471545	0.0398550724637681	NA	NA
"273"	"UGKPK011.18"	"UGKPK011.18_2009-07-30"	NA	NA	0.403225806451613	0.443349753694581	NA	NA	NA	NA	NA	0.942857142857143	0.552941176470588	0.32156862745098	NA	0.591911764705882	NA	0.395209580838323	0.338709677419355	NA	NA	0.442953020134228	0.824427480916031	NA	NA	NA	0.818181818181818	0.844155844155844	NA	0.252427184466019	1	0.33175355450237	NA	0.227642276422764	0.355072463768116	0.847953216374269	0.522633744855967
"274"	"UGKPK011.18"	"UGKPK011.18_2011-08-17"	NA	NA	0.653225806451613	0.832512315270936	0.636363636363636	0.454545454545455	NA	NA	NA	NA	0.341176470588235	0.462745098039216	0.430379746835443	0.0845588235294118	NA	0.772455089820359	0.620967741935484	NA	NA	0.697986577181208	0.709923664122137	NA	NA	0.542857142857143	0.563636363636364	0.844155844155844	0.984615384615385	0.485436893203884	0.759124087591241	NA	0.93717277486911	0.914634146341463	0.652173913043478	NA	0.131687242798354
"275"	"UGKPK011.18"	"UGKPK011.18_2011-10-26"	NA	NA	0.508064516129032	0.679802955665025	0.318181818181818	0	NA	NA	NA	0.0761904761904762	0.0509803921568627	0.607843137254902	0.0189873417721519	0.0330882352941176	0.107843137254902	0.622754491017964	0.459677419354839	0.703125	0.777777777777778	0.523489932885906	0.977099236641221	NA	NA	0.428571428571429	0.72	0.948051948051948	NA	0.252427184466019	0.569343065693431	0.208530805687204	0.732984293193717	0.483739837398374	0.210144927536232	0.947368421052632	0.0288065843621399
"276"	"UGKPK011.18"	"UGKPK011.18_2012-04-26"	NA	NA	0.17741935483871	0.364532019704433	NA	NA	0.674157303370786	NA	NA	0.942857142857143	0.0274509803921569	0.337254901960784	NA	0.408088235294118	0.490196078431373	0.227544910179641	0.145161290322581	0.875	NA	0.214765100671141	0.511450381679389	NA	NA	NA	0.0181818181818182	NA	NA	0.0145631067961165	0.321167883211679	0.104265402843602	0.581151832460733	0.264227642276423	0.347826086956522	NA	0.448559670781893
"277"	"UGKPK011.18"	"UGKPK011.18_2012-06-19"	NA	NA	0.451612903225806	0.61576354679803	NA	NA	NA	NA	NA	0.0285714285714286	0.0431372549019608	0.0196078431372549	0.835443037974684	0.466911764705882	0.215686274509804	0.526946107784431	0.42741935483871	0.828125	NA	0.416107382550336	0.984732824427481	NA	NA	NA	0.112727272727273	NA	NA	0.300970873786408	0.485401459854015	0.023696682464455	0.638743455497382	0.613821138211382	0.807971014492754	NA	0.11522633744856
"278"	"UGKPK011.18"	"UGKPK011.18_2014-11-14"	NA	NA	NA	0.374384236453202	NA	NA	0.595505617977528	NA	0.11046511627907	0.271428571428571	0.596078431372549	0.435294117647059	NA	0.367647058823529	NA	0.281437125748503	NA	NA	NA	NA	0.847328244274809	NA	NA	NA	0.123636363636364	0.0454545454545455	0.0153846153846154	0.0242718446601942	0.405109489051095	0.175355450236967	0.476439790575916	0.33739837398374	0.33695652173913	0.12280701754386	0.181069958847737
"279"	"UGKPK011.18"	"UGKPK011.18_2015-03-24"	NA	NA	NA	0.182266009852217	NA	NA	0.696629213483146	NA	0.447674418604651	0.552380952380952	0.768627450980392	0.235294117647059	NA	0.705882352941177	NA	NA	NA	NA	NA	NA	0.809160305343511	NA	NA	NA	0.0763636363636364	0.0974025974025974	NA	0.0194174757281553	0.288321167883212	0.511848341232227	0.544502617801047	0.268292682926829	0.829710144927536	0.456140350877193	0.423868312757202
"280"	"UGKPK011.18"	"UGKPK011.18_2015-05-20"	NA	NA	NA	0.389162561576355	NA	NA	0.528089887640449	NA	NA	0.157142857142857	0.694117647058824	0.654901960784314	NA	0.452205882352941	NA	0.287425149700599	NA	NA	NA	NA	0.0763358778625954	NA	NA	0.585714285714286	0.327272727272727	0.285714285714286	0.0846153846153846	0.0533980582524272	0.427007299270073	0.450236966824645	0.664921465968586	0.439024390243902	0.27536231884058	NA	0.148148148148148
"281"	"UGLIT002.62"	"UGLIT002.62_2014-09-04"	NA	NA	NA	0.901477832512315	NA	NA	0.629213483146067	NA	NA	0.00476190476190476	0.215686274509804	0.501960784313725	0.930379746835443	0.985294117647059	NA	0.874251497005988	NA	NA	NA	0.859060402684564	0.389312977099237	NA	NA	NA	0.858181818181818	0.811688311688312	0.638461538461538	0.747572815533981	0.872262773722628	0.028436018957346	0.994764397905759	0.873983739837398	0.518115942028985	NA	0.300411522633745
