StationID_Master	BMISampleID	CollDate	DataType3	CSCI	O_E	MMI_Score	BurrowerPct	BurrowerTaxa	BurrowerTaxaPct	CFCGPct	CFCGTaxa	CFCGTaxaPct	ClimberPct	ClimberTaxa	ClimberTaxaPct	ClingerPct	ClingerTaxa	ClingerTaxaPct	ColeopteraTaxa	ColeopteraTaxaPct	DipteraPct	DipteraTaxa	DipteraTaxaPct	DominantPct	EPTPct	EPTTaxa	EPTTaxaPct	IntolerantPct	IntolerantTaxa	IntolerantTaxaPct	InvasivePct	InvasiveTaxa	InvasiveTaxaPct	ScraperPct	ScraperTaxa	ScraperTaxaPct	ShannonDiversity	ShredderPct	ShredderTaxa	ShredderTaxaPct	SimpsonDiversity	SwimmerPct	SwimmerTaxa	SwimmerTaxaPct	TaxaRichness	TolerantPct	TolerantTaxa	TolerantTaxaPct
402BA0079	402BA0079_5/28/2008_1	5/28/2008 0:00:00	BMI	0.81	0.81	0.80	0.28	3.00	0.15	0.77	12.67	0.46	4.405286e-03	1.00	0.05	0.17	5.57	0.31	1.82	0.07	0.36	8.00	0.28	0.68	0.41	4.66	0.25	6.0e-03	2.00	0.07	0.00	0.00	0.00	4.0e-03	2.00	0.07	2.09	0.01	1.00	0.03	0.80	0.05	3.00	0.15	28.00	0.18	11.00	0.39
402BA0143	402BA0143_5/21/2008_1	5/21/2008 0:00:00	BMI	0.60	0.73	0.46	0.68	1.00	0.14	0.81	5.87	0.40	0.01	1.00	0.14	0.00	0.00	0.00	2.22	0.13	0.39	2.00	0.13	0.75	0.04	1.33	0.13	0.00	0.00	0.00	0.00	0.00	0.00	0.03	1.00	0.06	1.79	0.00	0.00	0.00	0.76	0.29	4.00	0.57	15.00	0.34	9.00	0.60
402BA0335	402BA0335_5/27/2008_1	5/27/2008 0:00:00	BMI	0.81	0.90	0.72	0.40	2.00	0.11	0.90	10.85	0.40	0.00	0.00	0.00	0.04	6.60	0.41	0.00	0.00	0.38	3.00	0.11	0.84	0.53	8.00	0.44	0.02	3.00	0.11	0.00	0.00	0.00	0.03	3.00	0.11	1.59	0.00	0.00	0.00	0.67	0.09	5.00	0.29	27.00	0.08	9.00	0.33
402BA0335	402BA0335_5/27/2008_2	5/27/2008 0:00:00	BMI	0.61	0.59	0.64					7.20						7.10		1.50											0.05							1.50		0.00									
402WE0803	402WE0803_6/12/2001_1	6/12/2001 0:00:00	BMI	0.94	0.98	0.90					9.95						13.40	0.52	1.50	0.04							0.52	0.05		0.25							1.73		2.00						23.00			
402WE0803	402WE0803_6/12/2001_2	6/12/2001 0:00:00	BMI	0.94	0.98	0.90					10.00						14.00	0.52	5.00	0.04							0.52	0.05		0.28							2.19		2.00						23.00			
402WE0803	402WE0803_6/12/2001_3	6/12/2001 0:00:00	BMI	0.94	0.98	0.90					10.00						10.00	0.52	1.00	0.04							0.52	0.05		0.30							1.86		2.00						23.00			
403BA0047	403BA0047_5/15/2008_1	5/15/2008 0:00:00	BMI	0.26	0.37	0.16	1.00	1.00	1.00	0.99	2.92	0.75	0.00	0.00	0.00	0.00	0.00	0.00	0.00	0.00	0.07	1.00	0.25	0.99	0.00	1.33	0.00	0.00	0.00	0.00	0.00	0.00	0.00	2.0e-03	1.00	0.25	0.31	0.00	0.00	0.00	0.15	0.00	0.00	0.00	4.00	0.91	2.00	0.50
403BA0068	403BA0068_5/14/2008_1	5/14/2008 0:00:00	BMI	0.62	0.60	0.65	0.02	1.00	0.14	0.98	4.85	0.55	0.00	0.00	0.00	0.33	2.72	0.42	0.90	0.11	0.41	4.00	0.44	0.96	0.58	1.33	0.22	2.0e-03	1.00	0.11	0.00	0.00	0.00	2.0e-03	1.00	0.11	1.00	0.00	0.00	0.00	0.55	0.58	1.00	0.14	9.00	0.06	3.00	0.33
403BA0140	403BA0140_5/21/2008_1	5/21/2008 0:00:00	BMI	0.72	0.83	0.60	0.58	2.00	0.20	0.92	6.30	0.50	0.00	0.00	0.00	6.410256e-03	1.95	0.20	0.97	0.08	0.97	9.00	0.75	0.89	0.00	0.00	0.00	4.0e-03	1.00	0.08	0.00	0.00	0.00	0.00	0.00	0.00	1.37	0.00	0.00	0.00	0.63	0.03	2.00	0.20	12.00	0.02	3.00	0.25
403CE0156	403CE0156_5/18/2005_1	5/18/2005 0:00:00	BMI	0.45	0.36	0.54					4.47						1.97		0.47											0.05							0.48		0.50									
403CE0188	403CE0188_5/17/2005_1	5/17/2005 0:00:00	BMI	0.49	0.47	0.51					5.00						1.00		1.00											0.00							0.55		0.00									
403CE0188	403CE0188_5/17/2005_2	5/17/2005 0:00:00	BMI	0.55	0.48	0.61					6.00						3.00		0.00											0.14							0.80		1.00									
403FCA022	403FCA022_5/27/2009_1	5/27/2009 0:00:00	BMI	0.84	0.88	0.79					9.70						8.35		2.65											0.11							1.98		0.00									
403FCA022	403FCA022_5/27/2009_2	5/27/2009 0:00:00	BMI	0.89	0.99	0.79					13.35						3.80		2.60											0.04							1.90		0.00									
403FCA038	403FCA038_5/26/2009_1	5/26/2009 0:00:00	BMI	0.64	0.69	0.58					7.35						2.00		0.00											0.00							0.99		0.00									
403S00772	403S00772_5/20/2009_1	5/20/2009 0:00:00	BMI	0.98	1.11	0.85	0.42	2.00	0.10	0.83	12.70	0.52	4.329004e-03	1.00	0.05	0.13	7.72	0.40	1.45	0.08	0.47	6.00	0.24	0.62	0.43	9.43	0.40	0.01	2.00	0.08	0.00	0.00	0.00	8.0e-03	2.00	0.08	2.16	6.0e-03	1.00	0.04	0.80	0.24	4.00	0.20	25.00	0.05	4.00	0.16
403S00831	403S00831_6/10/2010_1	6/10/2010 0:00:00	BMI	0.51	0.50	0.51	0.45	1.00	0.16	0.69	3.00	0.37	0.03	1.00	0.16	0.16	1.00	0.16	1.00	0.12	0.81	4.00	0.50	0.82	0.14	0.66	0.12	0.00	0.00	0.00	0.00	0.00	0.00	0.01	1.00	0.12	1.51	0.00	0.00	0.00	0.72	4.555809e-03	1.00	0.16	8.00	0.03	2.00	0.25
403S01164	403S01164_6/24/2011_1	6/24/2011 0:00:00	BMI	1.02	1.22	0.81												0.16		0.13							0.26	2.0e-03											1.00						30.00			
403S01272	403S01272_6/9/2009_1	6/9/2009 0:00:00	BMI	0.95	0.99	0.91	0.11	3.00	0.13	0.79	14.80	0.57	4.329004e-03	1.00	0.04	0.30	5.87	0.26	0.00	0.00	0.27	12.00	0.46	0.59	0.66	7.33	0.42	0.03	7.00	0.26	0.00	0.00	0.00	8.0e-03	1.00	0.03	2.20	8.0e-03	2.00	0.07	0.84	0.49	3.00	0.13	26.00	0.09	6.00	0.23
403S01784	403S01784_6/9/2009_1	6/9/2009 0:00:00	BMI	0.75	0.76	0.74	0.12	1.00	0.07	0.79	8.85	0.42	0.05	2.00	0.14	0.10	3.00	0.21	2.92	0.14	0.16	7.00	0.33	0.66	0.65	10.29	0.14	0.00	0.00	0.00	0.00	0.00	0.00	0.02	1.00	0.04	2.10	0.00	0.00	0.00	0.81	0.29	4.00	0.28	21.00	0.16	7.00	0.33
403S01979	403S01979_7/14/2011_1	7/14/2011 0:00:00	BMI	0.99	0.97	1.00												0.54		0.06							0.50	0.19											2.00						30.00			
403S02764	403S02764_6/14/2011_1	6/14/2011 0:00:00	BMI	0.79	0.89	0.68	0.28	2.00	0.15	0.62	10.00	0.43	0.10	1.00	0.07	0.33	5.00	0.38	0.00	0.00	0.29	6.00	0.26	0.59	0.59	8.66	0.30	6.0e-03	2.00	0.08	0.00	0.00	0.00	0.02	2.00	0.08	2.31	4.0e-03	1.00	0.04	0.85	0.17	2.00	0.15	23.00	0.07	8.00	0.34
403S03832	403S03832_6/8/2009_1	6/8/2009 0:00:00	BMI	0.63	0.72	0.54	0.60	2.00	0.16	0.52	10.25	0.58	0.00	0.00	0.00	0.23	1.95	0.16	0.87	0.05	0.43	9.00	0.52	0.79	6.0e-03	31.41	0.11	0.00	0.00	0.00	0.00	0.00	0.00	0.42	1.00	0.05	1.64	0.01	1.00	0.05	0.72	0.05	3.00	0.25	17.00	0.58	7.00	0.41
403S04600	403S04600_6/8/2010_1	6/8/2010 0:00:00	BMI	0.85	1.02	0.69	0.07	1.00	0.09	0.92	10.00	0.55	0.01	2.00	0.18	0.14	3.00	0.27	1.00	0.05	0.18	5.00	0.27	0.71	0.74	3.33	0.27	0.00	0.00	0.00	0.00	0.00	0.00	2.0e-03	1.00	0.05	1.91	0.00	0.00	0.00	0.78	0.36	3.00	0.27	18.00	0.02	4.00	0.22
403S04868	403S04868_6/15/2011_1	6/15/2011 0:00:00	BMI	1.00	1.00	1.00	0.08	3.00	0.16	0.76	8.00	0.38	0.00	0.00	0.00	0.72	9.00	0.50	3.00	0.14	0.52	4.00	0.19	0.70	0.41	6.66	0.47	0.04	4.00	0.19	0.00	0.00	0.00	0.01	3.00	0.14	1.89	0.00	0.00	0.00	0.75	0.16	5.00	0.27	21.00	0.03	2.00	0.09
403S05247	403S05247_6/1/2010_1	6/1/2010 0:00:00	BMI	0.93	1.01	0.84	0.10	3.00	0.20	0.85	11.00	0.52	2.364066e-03	1.00	0.06	0.06	5.00	0.33	4.00	0.19	0.12	3.00	0.14	0.65	0.68	4.00	0.28	6.0e-03	1.00	0.04	0.00	0.00	0.00	0.10	3.00	0.14	2.04	0.00	0.00	0.00	0.79	0.74	5.00	0.33	21.00	0.21	7.00	0.33
403S06904	403S06904_6/9/2010_1	6/9/2010 0:00:00	BMI	0.80	0.88	0.71	0.25	3.00	0.15	0.53	11.00	0.35	0.03	3.00	0.15	0.44	4.00	0.21	3.00	0.09	0.21	9.00	0.29	0.41	0.37	15.00	0.19	0.00	0.00	0.00	0.00	0.00	0.00	0.05	2.00	0.06	2.76	0.00	0.00	0.00	0.91	0.15	5.00	0.26	31.00	0.32	11.00	0.35
403S11084	403S11084_6/9/2010_1	6/9/2010 0:00:00	BMI	0.59	0.64	0.53	0.95	2.00	0.40	0.94	5.00	0.45	0.00	0.00	0.00	0.04	2.00	0.40	0.00	0.00	0.94	4.00	0.36	0.97	0.03	1.66	0.18	0.00	0.00	0.00	0.00	0.00	0.00	2.0e-03	1.00	0.09	0.38	0.00	0.00	0.00	0.13	2.040816e-03	1.00	0.20	11.00	6.0e-03	3.00	0.27
403S14156	403S14156_6/9/2009_1	6/9/2009 0:00:00	BMI	0.67	0.77	0.58	0.10	3.00	0.20	0.87	9.87	0.52	0.01	1.00	0.06	0.19	2.00	0.13	0.00	0.00	0.23	9.00	0.47	0.69	0.71	3.96	0.21	0.00	0.00	0.00	0.00	0.00	0.00	8.0e-03	1.00	0.05	1.88	0.00	0.00	0.00	0.77	0.61	2.00	0.13	19.00	0.05	8.00	0.42
403S15608	403S15608_6/8/2010_1	6/8/2010 0:00:00	BMI	0.80	1.02	0.58	0.19	2.00	0.13	0.88	11.00	0.52	0.02	2.00	0.13	0.04	3.00	0.20	0.00	0.00	0.31	9.00	0.42	0.61	0.58	3.33	0.23	0.00	0.00	0.00	0.00	0.00	0.00	2.12766e-03	1.00	0.04	2.21	0.00	0.00	0.00	0.84	0.37	2.00	0.13	21.00	0.03	4.00	0.19
403WE0535	403WE0535_6/13/2000_1	6/13/2000 0:00:00	BMI	0.96	1.19	0.72					10.20						5.50		1.70											0.04							2.34		0.70									
403WE0535	403WE0535_6/13/2000_2	6/13/2000 0:00:00	BMI	0.96	1.24	0.69					12.00						5.00		1.00											0.04							2.38		0.00									
403WE0746	403WE0746_7/31/2001_1	7/31/2001 0:00:00	BMI	0.97	1.02	0.92					11.50						11.35		2.25											0.13							2.29		0.65									
403WE0746	403WE0746_7/31/2001_2	7/31/2001 0:00:00	BMI	0.85	0.95	0.74					9.00						8.00		2.00											0.09							1.81		0.00									
403WE0746	403WE0746_7/31/2001_3	7/31/2001 0:00:00	BMI	1.04	1.16	0.91					9.85						9.75		2.00											0.16							2.37		0.85									
404BA0084	404BA0084_6/4/2008_1	6/4/2008 0:00:00	BMI	1.08	1.18	0.98	0.60	7.00	0.24	0.73	14.85	0.44	5.509642e-03	2.00	0.06	0.03	3.95	0.13	4.97	0.17	0.44	9.00	0.26	0.66	0.15	6.66	0.29	0.07	7.00	0.20	0.00	0.00	0.00	0.10	2.00	0.05	2.20	0.02	1.95	0.05	0.78	0.28	12.00	0.41	34.00	0.14	9.00	0.26
404BA0104	404BA0104_6/18/2008_1	6/18/2008 0:00:00	BMI	0.69	0.87	0.52	0.59	1.00	0.12	0.35	8.57	0.60	0.06	1.00	0.12	0.20	2.27	0.25	0.00	0.00	0.09	3.00	0.20	0.83	0.04	2.66	0.26	0.00	0.00	0.00	0.55	1.00	0.06	0.60	3.00	0.20	1.47	0.00	0.00	0.00	0.64	0.12	3.00	0.37	15.00	0.84	8.00	0.53
404BA0142	404BA0142_6/18/2008_1	6/18/2008 0:00:00	BMI	1.21	1.31	1.11	0.33	4.00	0.18	0.52	8.97	0.29	0.28	2.00	0.09	0.03	4.87	0.22	6.35	0.22	0.27	6.00	0.19	0.58	0.47	5.33	0.25	0.32	5.00	0.16	0.00	0.00	0.00	0.04	4.00	0.12	2.37	0.33	3.00	0.09	0.85	0.17	6.00	0.27	31.00	0.10	5.00	0.16
404BA0376	404BA0376_6/5/2008_1	6/5/2008 0:00:00	BMI	0.91	1.07	0.75	0.85	4.00	0.25	0.62	8.90	0.42	0.01	2.00	0.12	0.05	3.92	0.25	2.00	0.09	0.58	7.00	0.33	0.87	0.03	4.66	0.33	0.02	2.00	0.09	0.00	0.00	0.00	0.30	1.00	0.04	1.40	6.0e-03	1.00	0.04	0.61	0.07	5.00	0.31	21.00	0.33	4.00	0.19
404BA0376	404BA0376_6/5/2008_2	6/5/2008 0:00:00	BMI	0.80	0.94	0.65					7.75						2.85		2.80											0.09							1.17		1.80									
404BA0526	404BA0526_6/4/2008_1	6/4/2008 0:00:00	BMI	1.04	1.14	0.95	0.56	6.00	0.28	0.86	10.87	0.39	0.02	3.00	0.14	0.13	7.35	0.33	3.87	0.14	0.49	7.00	0.25	0.72	0.34	6.66	0.35	0.01	5.00	0.18	0.00	0.00	0.00	0.05	3.00	0.10	1.92	6.0e-03	1.92	0.07	0.73	0.27	3.00	0.14	28.00	0.13	6.00	0.21
404BA0616	404BA0616_6/3/2008_1	6/3/2008 0:00:00	BMI	0.73	0.86	0.61	0.94	2.00	0.22	0.86	8.92	0.45	2.325581e-03	1.00	0.11	0.01	1.97	0.22	0.50	0.05	0.86	9.00	0.45	0.87	4.0e-03	1.33	0.10	4.0e-03	2.00	0.10	0.00	0.00	0.00	0.05	1.00	0.05	0.99	2.0e-03	1.00	0.05	0.34	0.03	1.00	0.11	20.00	0.08	5.00	0.25
404BA0808	404BA0808_6/2/2008_1	6/2/2008 0:00:00	BMI	0.75	0.95	0.54	0.74	2.00	0.20	0.72	8.80	0.47	0.01	1.00	0.10	0.12	2.00	0.20	0.00	0.00	0.50	8.00	0.42	0.79	0.06	2.00	0.15	0.00	0.00	0.00	0.00	0.00	0.00	0.21	3.00	0.15	1.81	0.00	0.00	0.00	0.74	0.06	2.00	0.20	19.00	0.45	8.00	0.42
404BA0964	404BA0964_6/4/2008_1	6/4/2008 0:00:00	BMI	0.74	0.66	0.82	0.47	2.00	0.11	0.63	8.97	0.37	0.08	2.00	0.11	6.696429e-03	2.97	0.16	3.00	0.16	0.42	4.00	0.16	0.57	0.21	6.66	0.41	0.05	5.00	0.21	0.00	0.00	0.00	0.06	3.00	0.12	2.18	0.03	2.00	0.08	0.79	0.35	7.00	0.38	24.00	0.13	4.00	0.16
404BA1128	404BA1128_6/19/2008_1	6/19/2008 0:00:00	BMI	0.63	0.75	0.51					7.65						3.00		0.00							7.00				0.00							1.65		0.00									
404BA1144	404BA1144_6/10/2008_1	6/10/2008 0:00:00	BMI	1.13	1.31	0.96	0.61	2.00	0.06	0.81	13.60	0.43	0.08	3.00	0.10	0.04	7.77	0.27	4.25	0.15	0.74	11.00	0.34	0.72	0.09	6.66	0.31	4.0e-03	2.00	0.06	0.00	0.00	0.00	2.0e-03	1.00	0.03	1.87	0.01	1.87	0.06	0.65	0.10	8.00	0.27	32.00	0.11	6.00	0.18
404BA1166	404BA1166_6/10/2008_1	6/10/2008 0:00:00	BMI	0.90	1.01	0.79	0.66	2.00	0.11	0.92	9.95	0.40	0.02	1.00	0.05	0.02	2.97	0.16	4.92	0.20	0.66	7.00	0.28	0.82	0.23	3.33	0.20	8.0e-03	1.00	0.04	0.00	0.00	0.00	0.01	3.00	0.12	1.50	0.01	1.95	0.08	0.58	0.23	6.00	0.33	25.00	0.05	9.00	0.36
404BA1166	404BA1166_6/4/2009_1	6/4/2009 0:00:00	BMI	1.03	1.00	1.06	0.28	2.00	0.07	0.76	14.72	0.41	0.02	1.00	0.03	0.27	10.57	0.42	6.37	0.19	0.25	7.00	0.19	0.50	0.44	11.33	0.36	0.04	3.00	0.08	0.00	0.00	0.00	0.06	4.00	0.11	2.67	0.03	2.00	0.05	0.88	0.33	7.00	0.26	36.00	0.19	7.00	0.19
404CE0316	404CE0316_7/24/2007_1	7/24/2007 0:00:00	BMI	0.33	0.42	0.24					4.00						0.00		0.00											0.00							1.20		0.00									
404CE0316	404CE0316_7/24/2007_2	7/24/2007 0:00:00	BMI	0.38	0.51	0.24					4.80						0.75		0.00											0.00							0.98		0.00									
404S00808	404S00808_6/22/2010_1	6/22/2010 0:00:00	BMI	0.51	0.60	0.42	0.93	1.00	0.16	0.84	6.00	0.40	0.01	2.00	0.33	0.00	0.00	0.00	0.00	0.00	0.39	3.00	0.20	0.80	6.0e-03	1.66	0.13	0.00	0.00	0.00	0.00	0.00	0.00	0.12	3.00	0.20	1.74	0.00	0.00	0.00	0.75	0.04	2.00	0.33	15.00	0.51	8.00	0.53
404S01128	404S01128_6/23/2010_1	6/23/2010 0:00:00	BMI	0.59	0.63	0.55	0.59	1.00	0.16	0.61	6.00	0.50	0.05	2.00	0.33	0.23	1.00	0.16	0.00	0.00	0.28	1.00	0.08	0.70	0.17	3.33	0.25	0.00	0.00	0.00	0.23	1.00	0.08	0.23	1.00	0.08	1.89	0.00	0.00	0.00	0.81	0.11	2.00	0.33	12.00	0.49	5.00	0.41
404S02920	404S02920_5/12/2009_1	5/12/2009 0:00:00	BMI	0.45	0.49	0.41	0.94	2.00	0.66	0.55	4.87	0.55	0.00	0.00	0.00	0.05	0.92	0.33	0.00	0.00	0.10	3.00	0.33	0.74	0.00	9.92	0.00	0.00	0.00	0.00	2.0e-03	1.00	0.11	0.44	3.00	0.33	1.68	0.00	0.00	0.00	0.76	0.00	0.00	0.00	9.00	0.56	4.00	0.44
404S03048	404S03048_5/13/2009_1	5/13/2009 0:00:00	BMI	0.71	0.91	0.51	0.79	2.00	0.50	0.93	6.00	0.66	0.00	0.00	0.00	0.14	1.00	0.25	0.00	0.00	0.55	3.00	0.33	0.74	0.03	7.33	0.11	0.00	0.00	0.00	0.00	0.00	0.00	0.03	1.00	0.11	1.63	2.0e-03	0.95	0.11	0.72	0.06	1.00	0.25	9.00	0.27	3.00	0.33
404S05992	404S05992_5/12/2009_1	5/12/2009 0:00:00	BMI	0.50	0.59	0.42	0.38	1.00	0.33	0.22	5.92	0.75	0.00	0.00	0.00	0.50	1.00	0.33	0.00	0.00	0.04	2.00	0.25	0.92	6.0e-03	2.29	0.12	0.00	0.00	0.00	0.76	1.00	0.12	0.76	1.00	0.12	0.91	0.00	0.00	0.00	0.40	0.11	1.00	0.33	8.00	0.84	3.00	0.37
404S06456	404S06456_5/14/2009_1	5/14/2009 0:00:00	BMI	0.97	1.08	0.86	0.61	2.00	0.11	0.81	12.20	0.42	0.04	4.00	0.23	0.17	5.92	0.35	1.90	0.07	0.26	4.00	0.14	0.72	0.11	6.00	0.32	0.04	3.00	0.10	0.00	0.00	0.00	0.09	3.00	0.10	2.11	2.0e-03	1.00	0.03	0.80	0.13	4.00	0.23	28.00	0.27	8.00	0.28
404S08040	404S08040_5/12/2009_1	5/12/2009 0:00:00	BMI	0.41	0.45	0.38	0.96	1.00	0.25	0.99	6.92	0.87	0.00	0.00	0.00	0.00	0.00	0.00	0.00	0.00	0.82	4.00	0.50	0.96	0.00	1.30	0.00	0.00	0.00	0.00	0.00	0.00	0.00	0.00	0.00	0.00	0.73	0.00	0.00	0.00	0.34	0.00	0.00	0.00	8.00	0.16	4.00	0.50
404S08616	404S08616_5/13/2009_1	5/13/2009 0:00:00	BMI	0.47	0.58	0.35	0.96	1.00	0.33	0.87	4.87	0.62	0.02	1.00	0.33	0.00	0.00	0.00	0.00	0.00	0.19	3.00	0.37	0.79	0.00	1.30	0.00	0.00	0.00	0.00	0.00	0.00	0.00	0.11	1.00	0.12	1.50	0.00	0.00	0.00	0.73	0.00	0.00	0.00	8.00	0.62	4.00	0.50
404S08616	404S08616_5/13/2009_2	5/13/2009 0:00:00	BMI	0.36	0.42	0.30					3.85						0.00		0.00											0.00							1.38		0.00									
404S08846	404S08846_6/22/2010_1	6/22/2010 0:00:00	BMI	0.96	1.05	0.87	0.51	1.00	0.05	0.80	12.00	0.57	0.03	1.00	0.05	0.17	8.00	0.47	2.00	0.09	0.46	4.00	0.19	0.74	0.38	6.00	0.42	0.02	2.00	0.09	0.00	0.00	0.00	4.0e-03	2.00	0.09	1.79	0.00	0.00	0.00	0.73	0.21	2.00	0.11	21.00	0.01	4.00	0.19
404S11406	404S11406_5/11/2009_1	5/11/2009 0:00:00	BMI	0.61	0.73	0.50	0.14	1.00	0.12	0.46	9.77	0.71	0.00	0.00	0.00	0.13	2.00	0.25	0.00	0.00	0.03	2.00	0.14	0.80	0.19	4.00	0.42	2.0e-03	1.00	0.06	0.47	2.00	0.14	0.50	2.00	0.14	1.63	0.00	0.00	0.00	0.70	0.53	4.00	0.50	14.00	0.76	6.00	0.42
404S11880	404S11880_6/7/2011_1	6/7/2011 0:00:00	BMI	0.69	0.78	0.60	0.74	1.00	0.16	0.49	6.00	0.46	0.02	1.00	0.16	0.11	2.00	0.33	0.00	0.00	0.18	2.00	0.15	0.78	0.04	5.00	0.15	0.00	0.00	0.00	0.41	1.00	0.07	0.46	2.00	0.15	1.71	0.00	0.00	0.00	0.75	0.10	2.00	0.33	13.00	0.68	6.00	0.46
404S13160	404S13160_6/21/2010_1	6/21/2010 0:00:00	BMI	0.26	0.24	0.29	1.00	1.00	1.00	0.03	3.00	0.75	0.00	0.00	0.00	0.00	0.00	0.00	0.00	0.00	4.0e-03	1.00	0.25	0.99	0.00	0.00	0.00	0.00	0.00	0.00	0.96	1.00	0.25	0.96	1.00	0.25	0.18	0.00	0.00	0.00	0.07	0.00	0.00	0.00	4.00	0.99	3.00	0.75
404S13672	404S13672_6/8/2011_1	6/8/2011 0:00:00	BMI	0.76	0.90	0.63	0.39	1.00	0.12	0.70	9.00	0.60	0.01	0.00	0.00	0.28	3.00	0.37	0.00	0.00	0.37	4.00	0.26	0.86	0.53	3.33	0.33	2.028398e-03	1.00	0.06	0.01	1.00	0.06	0.03	3.00	0.20	1.66	0.00	0.00	0.00	0.74	0.29	2.00	0.25	15.00	0.08	7.00	0.46
404S14952	404S14952_6/15/2011_1	6/15/2011 0:00:00	BMI	0.53	0.57	0.49	0.93	1.00	0.33	0.92	5.00	0.50	0.02	1.00	0.33	0.04	1.00	0.33	0.00	0.00	0.10	3.00	0.30	0.91	0.00	0.33	0.00	0.00	0.00	0.00	0.00	0.00	0.00	0.05	2.00	0.20	1.24	0.00	0.00	0.00	0.63	0.00	0.00	0.00	10.00	0.88	5.00	0.50
404S16168	404S16168_6/23/2010_1	6/23/2010 0:00:00	BMI	0.61	0.64	0.58	0.43	1.00	0.12	0.25	7.00	0.50	0.02	1.00	0.12	0.34	2.00	0.25	0.00	0.00	0.10	2.00	0.14	0.85	0.12	3.33	0.35	0.01	1.00	0.07	0.64	1.00	0.07	0.65	2.00	0.14	1.29	0.00	0.00	0.00	0.55	0.06	2.00	0.25	14.00	0.76	5.00	0.35
404S16232	404S16232_6/9/2011_1	6/9/2011 0:00:00	BMI	0.40	0.33	0.46	0.81	1.00	0.33	0.23	5.00	0.55	0.12	1.00	0.33	0.00	0.00	0.00	1.00	0.11	0.02	2.00	0.22	0.96	0.00	0.00	0.00	0.00	0.00	0.00	0.75	1.00	0.11	0.76	2.00	0.22	0.78	0.00	0.00	0.00	0.39	0.00	0.00	0.00	9.00	0.96	5.00	0.55
404S16516	404S16516_5/18/2009_1	5/18/2009 0:00:00	BMI	0.57	0.64	0.49	0.76	1.00	0.33	0.39	5.00	0.55	0.00	0.00	0.00	0.23	2.00	0.66	0.00	0.00	0.18	2.00	0.22	0.85	4.0e-03	0.99	0.11	0.00	0.00	0.00	0.60	1.00	0.11	0.60	1.00	0.11	1.24	0.00	0.00	0.00	0.59	0.00	0.00	0.00	9.00	0.71	4.00	0.44
404S17266	404S17266_5/19/2009_1	5/19/2009 0:00:00	BMI	0.70	0.86	0.54	0.43	2.00	0.33	0.38	6.92	0.53	0.00	0.00	0.00	0.14	1.97	0.33	0.00	0.00	0.17	6.00	0.46	0.84	0.11	1.98	0.15	0.00	0.00	0.00	0.60	1.00	0.07	0.60	1.00	0.07	1.32	0.00	0.00	0.00	0.59	0.40	1.00	0.16	13.00	0.68	2.00	0.15
404S17664	404S17664_5/20/2009_1	5/20/2009 0:00:00	BMI	0.53	0.56	0.51	0.57	3.00	0.42	0.53	5.80	0.40	0.24	1.00	0.14	0.15	1.87	0.28	0.00	0.00	0.05	6.00	0.40	0.86	2.0e-03	13.51	0.06	0.00	0.00	0.00	0.00	0.00	0.00	0.41	1.00	0.06	1.48	2.0e-03	0.90	0.06	0.68	0.00	0.00	0.00	15.00	0.90	6.00	0.40
404S18666	404S18666_6/15/2011_1	6/15/2011 0:00:00	BMI	0.56	0.65	0.47	0.07	2.00	0.66	0.55	4.00	0.50	0.00	0.00	0.00	0.92	1.00	0.33	0.00	0.00	0.13	3.00	0.37	0.90	0.00	0.00	0.00	0.00	0.00	0.00	0.37	1.00	0.12	0.38	2.00	0.25	1.31	0.00	0.00	0.00	0.67	0.00	0.00	0.00	8.00	0.78	3.00	0.37
404S22464	404S22464_5/19/2009_1	5/19/2009 0:00:00	BMI	0.54	0.64	0.45	0.85	1.00	0.33	0.39	5.97	0.75	0.00	0.00	0.00	0.11	1.00	0.33	0.00	0.00	0.05	3.00	0.37	0.96	2.0e-03	0.66	0.12	0.00	0.00	0.00	0.59	1.00	0.12	0.59	1.00	0.12	0.97	0.00	0.00	0.00	0.53	0.03	1.00	0.33	8.00	0.93	3.00	0.37
404S25668	404S25668_6/23/2010_1	6/23/2010 0:00:00	BMI	0.63	0.56	0.71	0.90	1.00	0.25	0.33	5.00	0.50	0.00	0.00	0.00	0.06	2.00	0.50	0.00	0.00	0.08	2.00	0.20	0.90	8.0e-03	2.33	0.30	0.00	0.00	0.00	0.62	1.00	0.10	0.65	2.00	0.20	1.15	0.00	0.00	0.00	0.56	0.02	1.00	0.25	10.00	0.90	4.00	0.40
407CE0092	407CE0092_4/27/2004_1	4/27/2004 0:00:00	BMI	0.37	0.40	0.33					3.00						0.00		0.00											0.00							1.10		0.00									
407CE0092	407CE0092_4/27/2004_2	4/27/2004 0:00:00	BMI	0.47	0.48	0.45					7.00						3.00		0.00											0.00							1.29		0.00									
407CE0220	407CE0220_5/3/2006_1	5/3/2006 0:00:00	BMI	0.43	0.44	0.42					4.00						0.00		1.00											0.00							1.42		0.00									
407CE0220	407CE0220_5/3/2006_2	5/3/2006 0:00:00	BMI	0.56	0.66	0.46					4.00						1.00		2.00											0.00							1.27		0.00									
408BA0036	408BA0036_5/5/2008_1	5/5/2008 0:00:00	BMI	0.52	0.63	0.41	0.89	1.00	0.25	0.88	6.72	0.77	0.00	0.00	0.00	0.00	0.00	0.00	0.00	0.00	0.23	2.00	0.22	0.80	0.02	3.00	0.22	0.00	0.00	0.00	0.00	0.00	0.00	0.11	1.00	0.11	1.57	0.00	0.00	0.00	0.75	0.10	2.00	0.50	9.00	0.69	3.00	0.33
408BA0268	408BA0268_5/6/2008_1	5/6/2008 0:00:00	BMI	0.68	0.71	0.65	0.92	2.00	0.16	0.95	8.45	0.57	0.00	0.00	0.00	0.02	1.97	0.16	3.45	0.28	0.95	8.00	0.57	0.93	2.0e-03	0.66	0.07	0.00	0.00	0.00	0.00	0.00	0.00	0.00	0.00	0.00	0.55	0.00	0.00	0.00	0.19	0.03	4.00	0.33	14.00	0.01	3.00	0.21
408BA0580	408BA0580_5/7/2008_1	5/7/2008 0:00:00	BMI	0.58	0.71	0.44	0.70	1.00	0.33	1.00	5.20	1.00	0.00	0.00	0.00	0.00	0.00	0.00	0.00	0.00	0.31	1.00	0.20	0.99	0.12	4.00	0.40	0.00	0.00	0.00	0.00	0.00	0.00	0.00	0.00	0.00	1.00	0.00	0.00	0.00	0.58	0.29	2.00	0.66	5.00	8.0e-03	2.00	0.40
408BA0660	408BA0660_5/6/2008_1	5/6/2008 0:00:00	BMI	0.65	0.75	0.54	0.04	2.00	0.25	0.99	10.82	0.84	0.00	0.00	0.00	0.01	1.00	0.12	0.00	0.00	0.05	4.00	0.30	0.89	0.86	3.33	0.30	6.0e-03	1.00	0.07	0.00	0.00	0.00	0.00	0.00	0.00	1.01	0.00	0.00	0.00	0.41	0.92	4.00	0.50	13.00	0.07	4.00	0.30
408BA0836	408BA0836_5/7/2008_1	5/7/2008 0:00:00	BMI	0.73	0.82	0.64	0.51	2.00	0.20	0.93	10.82	0.61	0.00	0.00	0.00	0.04	2.85	0.30	0.90	0.05	0.30	4.00	0.22	0.69	0.28	5.00	0.22	0.00	0.00	0.00	0.07	1.00	0.05	0.01	2.00	0.11	1.98	0.00	0.00	0.00	0.81	0.34	3.00	0.30	18.00	0.14	7.00	0.38
408BA0916	408BA0916_5/8/2008_1	5/8/2008 0:00:00	BMI	0.79	0.99	0.58	0.38	1.00	0.10	0.93	9.95	0.45	2.666667e-03	1.00	0.10	0.02	2.00	0.20	0.00	0.00	0.31	5.00	0.22	0.77	0.43	3.66	0.18	0.00	0.00	0.00	0.00	0.00	0.00	0.01	2.00	0.09	1.89	0.00	0.00	0.00	0.77	0.14	2.00	0.20	22.00	0.07	9.00	0.40
408PS0032	408PS0032_5/21/2008_1	5/21/2008 0:00:00	BMI	0.66	0.72	0.61	0.11	2.00	0.12	0.89	11.67	0.57	3.067485e-03	1.00	0.06	6.134969e-03	1.92	0.12	0.92	0.04	0.09	8.00	0.38	0.84	0.53	12.00	0.28	4.0e-03	1.00	0.04	0.01	1.00	0.04	0.06	1.00	0.04	1.48	2.0e-03	0.00	0.00	0.65	0.85	7.00	0.43	21.00	0.37	7.00	0.33
408WE0547	408WE0547_7/12/2000_1	7/12/2000 0:00:00	BMI	0.50	0.53	0.46					5.00						0.00		1.00											0.00							0.98		0.00									
408WE0547	408WE0547_7/12/2000_2	7/12/2000 0:00:00	BMI	0.52	0.57	0.47					6.95						0.00		0.00											0.00							1.53		0.00									
408WE0547	408WE0547_7/12/2000_3	7/12/2000 0:00:00	BMI	0.56	0.54	0.58					6.00						0.00		1.00											0.08							1.22		0.00									
408WE0654	408WE0654_6/13/2001_1	6/13/2001 0:00:00	BMI	0.43	0.47	0.39					5.50						1.25		0.00											0.00							0.97		0.00									
408WE0654	408WE0654_6/13/2001_2	6/13/2001 0:00:00	BMI	0.42	0.53	0.31					3.00						0.00		0.00											0.00							1.13		0.00									
408WE0654	408WE0654_6/13/2001_3	6/13/2001 0:00:00	BMI	0.50	0.66	0.35					4.00						1.00		0.00											0.00							0.71		0.00									
410CE0284	410CE0284_5/4/2006_1	5/4/2006 0:00:00	BMI	0.46	0.56	0.36					4.00						0.00		0.00											0.00							1.64		1.00									
410CE0284	410CE0284_5/4/2006_2	5/4/2006 0:00:00	BMI	0.48	0.58	0.38					5.00						1.00		0.00											0.11							1.02		0.00									
412CE0104	412CE0104_7/19/2005_1	7/19/2005 0:00:00	BMI	0.56	0.74	0.39					8.00						1.00		0.00											0.00							1.20		0.00									
412CE0104	412CE0104_7/19/2005_2	7/19/2005 0:00:00	BMI	0.60	0.72	0.49					8.00						2.00		0.00											0.00							1.64		0.00									
412CE0232	412CE0232_6/1/2006_1	6/1/2006 0:00:00	BMI	0.63	0.84	0.42					7.00						1.00		0.00											0.00							0.65		0.00									
412CE0232	412CE0232_6/1/2006_2	6/1/2006 0:00:00	BMI	0.56	0.64	0.47					8.00						1.00		0.00											0.00							0.77		0.00									
412CE0616	412CE0616_7/24/2007_1	7/24/2007 0:00:00	BMI	0.29	0.35	0.23					3.90						0.00		0.00											0.00							0.43		0.00									
412CE0616	412CE0616_7/24/2007_2	7/24/2007 0:00:00	BMI	0.25	0.24	0.26					3.00						0.00		0.00											0.00							0.47		0.00									
412CE0732	412CE0732_7/25/2007_1	7/25/2007 0:00:00	BMI	0.29	0.32	0.27					4.60						0.00		0.00											0.00							0.87		0.00									
412LAR016	412LAR016_6/20/2005_1	6/20/2005 0:00:00	BMI	0.43	0.39	0.46					5.00						2.00		0.00											0.00							1.19		0.00									
412PS0020	412PS0020_5/14/2008_1	5/14/2008 0:00:00	BMI	0.37	0.33	0.41	1.00	2.00	1.00	1.00	3.92	1.00	0.00	0.00	0.00	0.00	0.00	0.00	0.00	0.00	0.70	3.00	0.75	0.99	0.00	0.33	0.00	0.00	0.00	0.00	0.00	0.00	0.00	0.00	0.00	0.00	0.64	0.00	0.00	0.00	0.42	0.00	0.00	0.00	4.00	4.0e-03	1.00	0.25
412PS0020	412PS0020_5/22/2008_1	5/22/2008 0:00:00	BMI	0.41	0.42	0.40	1.00	1.00	1.00	1.00	2.95	1.00	0.00	0.00	0.00	0.00	0.45	0.00	0.00	0.00	0.88	1.00	0.50	1.00	0.00	0.00	0.00	0.00	0.00	0.00	0.00	0.00	0.00	0.00	0.00	0.00	0.36	0.00	0.00	0.00	0.20	0.00	0.00	0.00	2.00	0.00	0.00	0.00
412PS0040	412PS0040_5/20/2008_1	5/20/2008 0:00:00	BMI	0.62	0.61	0.63	0.86	2.00	0.33	0.99	7.82	0.87	0.00	0.00	0.00	0.09	1.85	0.33	0.00	0.00	0.83	3.00	0.37	0.94	0.03	2.00	0.37	0.00	0.00	0.00	0.00	0.00	0.00	0.00	0.00	0.00	0.87	0.00	0.00	0.00	0.41	0.04	2.00	0.33	8.00	0.01	2.00	0.25
412PS0052	412PS0052_5/20/2008_1	5/20/2008 0:00:00	BMI	0.36	0.36	0.35	1.00	1.00	1.00	0.99	4.80	0.83	0.00	0.00	0.00	0.00	0.00	0.00	0.00	0.00	0.43	3.00	0.50	0.98	0.00	4.33	0.00	0.00	0.00	0.00	0.00	0.00	0.00	0.00	0.00	0.00	0.90	0.00	0.00	0.00	0.54	0.00	0.00	0.00	6.00	0.52	2.00	0.33
412PS0052	412PS0052_5/20/2008_2	5/20/2008 0:00:00	BMI	0.43	0.48	0.39					5.50						0.85		0.00											0.00							1.02		0.00									
801WE0989	801WE0989_6/18/2002_1	6/18/2002 0:00:00	BMI	0.80	0.85	0.76					10.00						3.00		1.00											0.04							2.03		1.00									
801WE0989	801WE0989_6/18/2002_2	6/18/2002 0:00:00	BMI	0.76	0.89	0.64					8.00						3.00		1.00											0.00							1.90		0.00									
845PS0011	845PS0011_5/14/2008_1	5/14/2008 0:00:00	BMI	0.62	0.68	0.55	0.50	1.00	0.20	0.94	7.00	0.58	0.00	0.00	0.00	0.11	2.00	0.40	0.00	0.00	0.28	2.00	0.16	0.60	0.21	11.33	0.25	0.00	0.00	0.00	0.00	0.00	0.00	8.0e-03	2.00	0.16	1.98	0.00	0.00	0.00	0.83	0.37	2.00	0.40	12.00	0.26	3.00	0.25
845PS0011	845PS0011_5/29/2008_1	5/29/2008 0:00:00	BMI	0.61	0.70	0.53	0.46	1.00	0.14	0.91	7.77	0.57	0.02	1.00	0.14	0.15	2.00	0.28	0.00	0.00	0.37	3.00	0.21	0.74	0.27	12.00	0.21	0.00	0.00	0.00	2.0e-03	1.00	0.07	0.01	2.00	0.14	1.84	0.00	0.00	0.00	0.79	0.35	2.00	0.28	14.00	0.23	6.00	0.42
901ATCAAS	901ATCAAS_6/5/2008_1	6/5/2008 0:00:00	BMI	0.89	0.77	1.01	0.58	2.00	0.16	0.72	5.00	0.29	0.28	1.00	0.08	0.06	5.00	0.41	3.00	0.17	0.42	3.00	0.17	0.88	0.28	4.00	0.35	0.21	3.00	0.17	0.00	0.00	0.00	0.02	3.00	0.17	1.53	0.20	1.00	0.05	0.71	0.06	3.00	0.25	17.00	0.28	3.00	0.17
901CSCADC	901CSCADC_5/26/2011_1	5/26/2011 0:00:00	BMI	1.05	0.95	1.14	0.45	3.00	0.13	0.76	7.00	0.28	0.02	2.00	0.09	0.03	6.00	0.27	4.00	0.16	0.47	5.00	0.20	0.67	0.45	8.00	0.48	0.15	6.00	0.24	0.00	0.00	0.00	9.237875e-03	1.00	0.04	2.06	0.06	5.00	0.20	0.78	0.42	7.00	0.31	25.00	0.03	3.00	0.12
901DCCSMC	901DCCSMC_5/16/2011_1	5/16/2011 0:00:00	BMI	1.27	1.27	1.27	0.17	1.00	0.03	0.59	14.00	0.37	0.02	2.00	0.06	0.39	16.00	0.53	5.00	0.13	0.17	4.00	0.10	0.41	0.67	12.66	0.51	0.20	9.00	0.24	0.00	0.00	0.00	0.14	6.00	0.16	2.88	0.01	2.00	0.05	0.91	0.38	8.00	0.26	37.00	0.08	7.00	0.18
901PS0057	901PS0057_5/14/2008_1	5/14/2008 0:00:00	BMI	0.72	1.01	0.44	0.59	2.00	0.25	0.67	6.90	0.41	0.02	1.00	0.12	0.06	1.97	0.25	0.00	0.00	0.14	3.00	0.17	0.83	0.07	12.00	0.17	0.00	0.00	0.00	0.29	2.00	0.11	0.30	2.00	0.11	1.58	2.0e-03	0.50	0.05	0.72	0.32	3.00	0.37	17.00	0.71	6.00	0.35
901S00313	901S00313_4/30/2009_1	4/30/2009 0:00:00	BMI	0.67	0.77	0.57	0.83	2.00	0.25	0.28	4.87	0.41	0.02	1.00	0.12	0.00	0.00	0.00	2.82	0.25	0.22	5.00	0.41	0.91	0.00	0.00	0.00	0.00	0.00	0.00	0.00	0.00	0.00	0.67	1.00	0.08	1.12	0.00	0.00	0.00	0.50	0.09	3.00	0.37	12.00	0.74	5.00	0.41
901S00469	901S00469_5/13/2009_1	5/13/2009 0:00:00	BMI	0.78	0.92	0.63	0.87	1.00	0.09	0.43	8.00	0.47	0.01	1.00	0.09	6.289308e-03	1.00	0.09	3.00	0.17	0.29	3.00	0.17	0.80	8.0e-03	3.33	0.23	0.00	0.00	0.00	0.00	0.00	0.00	0.53	3.00	0.17	1.70	0.00	0.00	0.00	0.77	0.05	5.00	0.45	17.00	0.35	6.00	0.35
901S00531	901S00531_5/7/2009_1	5/7/2009 0:00:00	BMI	0.56	0.73	0.39	0.66	1.00	0.20	0.97	7.00	0.70	2.762431e-03	1.00	0.20	0.20	1.00	0.20	0.00	0.00	0.63	3.00	0.30	0.80	0.08	0.66	0.10	2.0e-03	1.00	0.09	0.00	0.00	0.00	0.00	0.00	0.00	1.52	0.00	0.00	0.00	0.70	0.11	1.00	0.20	10.00	0.19	3.00	0.30
901S00997	901S00997_5/14/2009_1	5/14/2009 0:00:00	BMI	0.49	0.58	0.41	0.98	1.00	0.25	0.67	4.97	0.50	0.00	0.00	0.00	4.048583e-03	0.92	0.25	0.85	0.10	0.49	2.00	0.20	0.81	2.0e-03	4.89	0.10	2.0e-03	1.00	0.09	0.03	1.00	0.10	0.32	2.00	0.20	1.48	0.00	0.00	0.00	0.68	4.048583e-03	1.00	0.25	10.00	0.44	4.00	0.40
901S01705	901S01705_5/14/2009_1	5/14/2009 0:00:00	BMI	0.82	0.85	0.78	0.75	3.00	0.14	0.74	12.00	0.48	0.00	0.00	0.00	0.15	8.00	0.38	2.00	0.08	0.29	6.00	0.24	0.87	0.07	7.98	0.44	0.02	5.00	0.20	0.00	0.00	0.00	0.19	2.00	0.08	1.66	0.00	0.00	0.00	0.72	0.05	6.00	0.28	25.00	0.62	6.00	0.24
901S01811	901S01811_5/7/2009_1	5/7/2009 0:00:00	BMI	0.65	0.84	0.46	0.56	1.00	0.16	0.98	8.20	0.61	5.617978e-03	1.00	0.16	0.11	1.00	0.16	0.00	0.00	0.24	2.00	0.15	0.68	0.10	2.30	0.15	0.00	0.00	0.00	2.0e-03	1.00	0.07	0.01	2.00	0.15	1.78	0.00	0.00	0.00	0.79	0.30	2.00	0.33	13.00	0.49	6.00	0.46
901S01849	901S01849_6/1/2010_1	6/1/2010 0:00:00	BMI	1.15	1.22	1.07	0.72	1.00	0.05	0.89	9.00	0.39	7.142857e-03	2.00	0.10	0.10	5.00	0.26	4.00	0.17	0.68	5.00	0.21	0.80	0.11	7.66	0.43	0.06	6.00	0.26	0.00	0.00	0.00	8.0e-03	2.00	0.08	1.55	6.0e-03	3.00	0.13	0.60	0.10	6.00	0.31	23.00	0.01	3.00	0.13
901S02873	901S02873_6/1/2010_1	6/1/2010 0:00:00	BMI	1.23	1.23	1.24	0.29	3.00	0.13	0.66	15.00	0.46	0.02	3.00	0.13	0.31	5.00	0.21	4.00	0.12	0.28	6.00	0.18	0.54	0.53	11.00	0.37	0.31	9.00	0.28	0.00	0.00	0.00	0.08	5.00	0.15	2.57	6.0e-03	2.00	0.06	0.87	0.20	6.00	0.26	32.00	0.09	6.00	0.18
901S04309	901S04309_5/16/2011_1	5/16/2011 0:00:00	BMI	0.95	1.22	0.67	0.51	1.00	0.06	0.90	12.00	0.54	0.01	1.00	0.06	0.25	4.00	0.26	1.00	0.04	0.67	5.00	0.22	0.81	0.23	7.66	0.40	0.04	3.00	0.13	0.00	0.00	0.00	0.03	3.00	0.13	1.71	2.053388e-03	1.00	0.04	0.71	0.18	5.00	0.33	22.00	0.05	6.00	0.27
901S04409	901S04409_5/19/2011_1	5/19/2011 0:00:00	BMI	0.99	1.09	0.89	0.18	1.00	0.06	0.87	8.00	0.42	0.00	0.00	0.00	0.30	8.00	0.53	1.00	0.05	0.29	5.00	0.26	0.70	0.47	6.66	0.47	0.10	6.00	0.31	0.00	0.00	0.00	0.03	2.00	0.10	1.87	0.00	0.00	0.00	0.78	0.50	5.00	0.33	19.00	0.03	3.00	0.15
901S04565	901S04565_5/26/2011_1	5/26/2011 0:00:00	BMI	1.17	1.23	1.10	0.58	2.00	0.10	0.85	11.00	0.40	4.504505e-03	2.00	0.10	0.26	7.00	0.35	2.00	0.07	0.66	5.00	0.18	0.73	0.22	8.66	0.48	0.10	7.00	0.25	0.00	0.00	0.00	0.03	4.00	0.14	1.82	4.0e-03	2.00	0.07	0.69	0.13	7.00	0.35	27.00	0.03	5.00	0.18
901S06030	901S06030_4/30/2009_1	4/30/2009 0:00:00	BMI	0.42	0.48	0.35	0.97	1.00	0.20	0.97	6.85	0.58	6.535948e-03	1.00	0.20	0.00	0.00	0.00	0.90	0.08	0.61	5.00	0.41	0.95	0.00	6.34	0.00	0.00	0.00	0.00	0.00	0.00	0.00	6.0e-03	1.00	0.08	1.12	0.00	0.00	0.00	0.57	3.267974e-03	1.00	0.20	12.00	0.18	4.00	0.33
901S06798	901S06798_5/17/2011_1	5/17/2011 0:00:00	BMI	0.65	0.85	0.45	0.93	2.00	0.22	0.94	7.00	0.53	0.01	1.00	0.11	0.01	2.00	0.22	0.00	0.00	0.77	7.00	0.53	0.91	0.01	17.66	0.15	0.00	0.00	0.00	0.00	0.00	0.00	8.230453e-03	1.00	0.07	1.05	0.00	0.00	0.00	0.44	0.02	2.00	0.22	13.00	0.08	4.00	0.30
901S06851	901S06851_5/19/2011_1	5/19/2011 0:00:00	BMI	0.69	0.91	0.48	0.79	1.00	0.09	0.90	11.00	0.61	0.01	1.00	0.09	0.10	2.00	0.18	0.00	0.00	0.52	7.00	0.38	0.79	0.03	2.66	0.16	0.00	0.00	0.00	2.070393e-03	1.00	0.05	0.01	1.00	0.05	1.78	0.00	0.00	0.00	0.72	0.06	3.00	0.27	18.00	0.23	7.00	0.38
901S39498	901S39498_5/18/2010_1	5/18/2010 0:00:00	BMI	0.54	0.73	0.36	0.75	2.00	0.33	0.97	10.00	0.71	0.00	0.00	0.00	0.02	1.00	0.16	0.00	0.00	0.63	4.00	0.28	0.90	0.17	2.33	0.14	0.00	0.00	0.00	2.0e-03	1.00	0.07	0.02	2.00	0.14	1.27	0.00	0.00	0.00	0.58	0.21	3.00	0.50	14.00	0.16	5.00	0.35
901S45253	901S45253_5/18/2010_1	5/18/2010 0:00:00	BMI	0.60	0.78	0.41	0.55	1.00	0.20	0.88	7.00	0.70	0.00	0.00	0.00	0.04	1.00	0.20	0.00	0.00	0.41	2.00	0.20	0.66	0.26	4.66	0.20	0.00	0.00	0.00	0.00	0.00	0.00	0.10	1.00	0.10	1.82	0.00	0.00	0.00	0.78	0.39	3.00	0.60	10.00	0.21	4.00	0.40
901SCCA74	901SCCA74_6/8/2010_1	6/8/2010 0:00:00	BMI	1.10	0.92	1.28	0.53	2.00	0.08	0.45	10.00	0.32	2.747253e-03	1.00	0.04	0.34	9.00	0.36	6.00	0.19	0.39	5.00	0.16	0.86	0.28	8.00	0.38	0.24	8.00	0.25	0.00	0.00	0.00	0.26	5.00	0.16	1.73	8.0e-03	3.00	0.09	0.73	0.07	8.00	0.32	31.00	0.28	6.00	0.19
901SJSJC9	901SJSJC9_5/5/2008_1	5/5/2008 0:00:00	BMI	0.57	0.73	0.42	0.79	3.00	0.37	0.94	10.00	0.71	0.00	0.00	0.00	0.03	1.00	0.12	1.00	0.07	0.69	6.00	0.42	0.79	0.13	2.00	0.14	0.00	0.00	0.00	0.00	0.00	0.00	0.04	1.00	0.07	1.37	0.00	0.00	0.00	0.55	0.16	2.00	0.25	14.00	0.13	4.00	0.28
901SJSMT2	901SJSMT2_5/5/2008_1	5/5/2008 0:00:00	BMI	0.92	0.92	0.92	0.74	3.00	0.20	0.94	13.00	0.59	7.317073e-03	1.00	0.06	0.18	6.00	0.40	1.00	0.04	0.62	6.00	0.27	0.80	0.21	9.00	0.40	0.17	6.00	0.27	0.00	0.00	0.00	8.0e-03	3.00	0.13	1.64	2.0e-03	1.00	0.04	0.61	0.05	3.00	0.20	22.00	0.05	4.00	0.18
902S00117	902S00117_5/25/2010_1	5/25/2010 0:00:00	BMI	0.68	0.85	0.52	0.18	2.00	0.13	0.91	14.00	0.63	6.920415e-03	2.00	0.13	0.03	2.00	0.13	1.00	0.04	0.13	6.00	0.27	0.55	0.44	7.33	0.27	0.01	1.00	0.04	0.00	0.00	0.00	0.01	1.00	0.04	2.20	0.00	0.00	0.00	0.85	0.51	5.00	0.33	22.00	0.37	7.00	0.31
902S00565	902S00565_4/27/2009_1	4/27/2009 0:00:00	BMI	0.82	1.03	0.62	0.15	1.00	0.10	0.94	9.85	0.52	2.178649e-03	1.00	0.10	0.17	3.85	0.40	0.85	0.05	0.28	3.00	0.15	0.70	0.63	5.28	0.26	0.00	0.00	0.00	0.00	0.00	0.00	4.0e-03	2.00	0.10	1.90	0.00	0.00	0.00	0.80	0.35	2.00	0.20	19.00	0.02	6.00	0.31
902S01097	902S01097_5/11/2009_1	5/11/2009 0:00:00	BMI	1.07	1.29	0.84	0.25	3.00	0.17	0.83	9.97	0.40	5.167959e-03	1.00	0.05	0.19	5.92	0.35	3.00	0.12	0.31	7.00	0.28	0.66	0.46	7.92	0.28	0.03	2.00	0.08	0.00	0.00	0.00	0.02	3.00	0.12	2.16	0.00	0.00	0.00	0.79	0.52	4.00	0.23	25.00	0.09	6.00	0.24
902S02293	902S02293_5/27/2010_1	5/27/2010 0:00:00	BMI	0.87	0.98	0.75	0.19	2.00	0.15	0.80	10.00	0.43	0.05	1.00	0.07	0.28	6.00	0.46	0.00	0.00	0.29	5.00	0.21	0.54	0.54	6.00	0.34	8.0e-03	2.00	0.08	0.00	0.00	0.00	0.03	5.00	0.21	2.28	2.0e-03	1.00	0.04	0.86	0.31	2.00	0.15	23.00	0.10	6.00	0.26
902S02357	902S02357_5/25/2010_1	5/25/2010 0:00:00	BMI	0.76	0.78	0.74	0.05	1.00	0.11	0.97	9.00	0.60	0.00	0.00	0.00	0.02	5.00	0.55	0.00	0.00	0.06	3.00	0.20	0.87	0.89	8.00	0.46	4.0e-03	1.00	0.06	2.0e-03	1.00	0.06	0.00	0.00	0.00	1.46	0.00	0.00	0.00	0.66	0.71	2.00	0.22	15.00	0.04	4.00	0.26
902S05173	902S05173_5/17/2011_1	5/17/2011 0:00:00	BMI	0.75	0.91	0.60	0.02	1.00	0.07	0.96	13.00	0.68	0.00	0.00	0.00	0.05	3.00	0.23	1.00	0.05	0.08	8.00	0.42	0.87	0.90	4.66	0.36	4.0e-03	1.00	0.05	0.00	0.00	0.00	0.00	0.00	0.00	1.54	0.00	0.00	0.00	0.68	0.76	5.00	0.38	19.00	0.01	4.00	0.21
902SMRWGR	902SMRWGR_11/10/1998_1	11/10/1998 0:00:00	BMI	0.90	0.89	0.92					9.90						7.80		4.30											0.03							2.07		2.25									
902SMRWGR	902SMRWGR_11/11/2000_1	11/11/2000 0:00:00	BMI	0.98	1.15	0.80					11.85						8.40		2.05											0.08							2.30		0.40									
902SMRWGR	902SMRWGR_11/9/1999_1	11/9/1999 0:00:00	BMI	0.78	0.66	0.89					8.20						8.20		4.40											0.03							1.92		0.85									
902SMRWGR	902SMRWGR_4/16/2008_1	4/16/2008 0:00:00	BMI	0.58	0.52	0.64					10.40						4.50		0.95											0.05							1.48		0.00									
902SMRWGR	902SMRWGR_4/28/2007_1	4/28/2007 0:00:00	BMI	0.63	0.70	0.57					8.95						4.00		1.00											0.00							1.56		0.00									
902SMRWGR	902SMRWGR_5/14/1999_1	5/14/1999 0:00:00	BMI	0.77	0.84	0.69					8.55						4.60		1.60											0.05							1.43		0.00									
902SMRWGR	902SMRWGR_5/17/2004_1	5/17/2004 0:00:00	BMI	0.75	0.70	0.80					13.00						7.00		1.00											0.08							2.17		0.00									
902SMRWGR	902SMRWGR_5/20/2001_1	5/20/2001 0:00:00	BMI	0.87	1.04	0.70					9.65						6.65		0.85											0.08							1.96		0.00									
902SMRWGR	902SMRWGR_5/23/1998_1	5/23/1998 0:00:00	BMI	0.69	0.87	0.52					6.75						2.00		0.00											0.00							1.35		0.00									
902SMRWGR	902SMRWGR_5/24/2000_1	5/24/2000 0:00:00	BMI	0.91	1.12	0.70					9.60						5.00		1.00											0.00							1.97		0.50									
902SMRWGR	902SMRWGR_6/11/2003_1	6/11/2003 0:00:00	BMI	0.68	0.62	0.74					10.20						6.50		1.10											0.08							1.81		0.40									
902SMRWGR	902SMRWGR_6/17/2005_1	6/17/2005 0:00:00	BMI	0.49	0.42	0.56					7.00						3.00		0.00											0.00							1.72		0.00									
902SMRWGR	902SMRWGR_9/4/1998_1	9/4/1998 0:00:00	BMI	1.03	1.06	1.01					14.20						8.05		7.30											0.07							2.96		1.90									
902SMSND3	902SMSND3_5/6/2008_1	5/6/2008 0:00:00	BMI	1.17	1.22	1.12	0.48	3.00	0.12	0.74	13.00	0.38	0.03	4.00	0.16	0.34	13.00	0.52	5.00	0.14	0.46	8.00	0.23	0.53	0.31	13.00	0.38	0.07	7.00	0.20	0.00	0.00	0.00	0.03	5.00	0.14	2.55	0.01	3.00	0.08	0.83	0.09	2.00	0.08	34.00	0.09	5.00	0.14
902SMSTN1	902SMSTN1_5/6/2008_1	5/6/2008 0:00:00	BMI	0.99	1.05	0.94	0.66	5.00	0.25	0.87	12.00	0.48	0.01	1.00	0.05	0.04	7.00	0.35	2.00	0.08	0.57	7.00	0.28	0.75	0.29	10.00	0.40	0.17	8.00	0.32	2.0e-03	1.00	0.04	0.01	3.00	0.12	1.80	0.07	2.00	0.08	0.69	0.18	4.00	0.20	25.00	0.11	6.00	0.24
902WE0888	902WE0888_6/19/2001_1	6/19/2001 0:00:00	BMI	1.02	1.03	1.02					14.30						9.70		2.90											0.12							2.70		1.65									
902WE0888	902WE0888_6/19/2001_2	6/19/2001 0:00:00	BMI	0.63	0.63	0.63					7.00						3.00		1.00											0.11							1.39		2.00									
902WE0888	902WE0888_6/19/2001_3	6/19/2001 0:00:00	BMI	1.11	1.14	1.08					11.90						8.00		3.00											0.16							2.54		3.00									
903SLGRD2	903SLGRD2_5/9/2008_1	5/9/2008 0:00:00	BMI	0.84	1.08	0.61	0.39	4.00	0.28	0.90	14.00	0.58	2.493766e-03	1.00	0.07	0.13	3.00	0.21	1.00	0.04	0.34	7.00	0.29	0.72	0.45	6.00	0.25	6.0e-03	1.00	0.04	6.0e-03	1.00	0.04	0.01	1.00	0.04	1.98	2.0e-03	1.00	0.04	0.77	0.45	3.00	0.21	24.00	0.16	11.00	0.45
903SLKYS3	903SLKYS3_5/7/2008_1	5/7/2008 0:00:00	BMI	1.00	1.30	0.70	0.43	3.00	0.21	0.91	12.00	0.52	4.662005e-03	1.00	0.07	0.17	3.00	0.21	2.00	0.08	0.56	9.00	0.39	0.74	0.29	5.00	0.21	0.01	2.00	0.08	0.00	0.00	0.00	0.01	1.00	0.04	1.97	6.0e-03	1.00	0.04	0.78	0.35	4.00	0.28	23.00	0.11	8.00	0.34
903SLMSA2	903SLMSA2_5/9/2008_1	5/9/2008 0:00:00	BMI	0.77	0.97	0.57	0.33	1.00	0.11	0.97	11.00	0.64	9.569378e-03	1.00	0.11	0.39	2.00	0.22	1.00	0.05	0.30	5.00	0.29	0.77	0.11	4.00	0.23	0.00	0.00	0.00	2.0e-03	1.00	0.05	2.0e-03	1.00	0.05	1.63	0.00	0.00	0.00	0.71	0.25	3.00	0.33	17.00	0.57	6.00	0.35
904CBESC8	904CBESC8_5/9/2008_1	5/9/2008 0:00:00	BMI	0.63	0.70	0.55	0.80	2.00	0.28	0.99	7.00	0.58	0.00	0.00	0.00	0.16	2.00	0.28	0.00	0.00	0.21	5.00	0.41	0.97	4.0e-03	2.00	0.16	0.00	0.00	0.00	0.00	0.00	0.00	2.0e-03	1.00	0.08	0.79	0.00	0.00	0.00	0.39	9.090909e-03	1.00	0.14	12.00	0.01	4.00	0.33
904PS0034	904PS0034_5/13/2008_1	5/13/2008 0:00:00	BMI	0.50	0.65	0.35	0.90	1.00	0.50	0.99	5.00	0.71	0.00	0.00	0.00	0.09	1.00	0.50	0.00	0.00	0.71	2.00	0.28	0.90	0.00	12.00	0.00	0.00	0.00	0.00	0.00	0.00	0.00	6.0e-03	1.00	0.14	1.10	0.00	0.00	0.00	0.53	0.00	0.00	0.00	7.00	0.11	4.00	0.57
904S00537	904S00537_5/4/2009_1	5/4/2009 0:00:00	BMI	0.42	0.45	0.40	0.98	2.00	0.50	0.99	3.90	0.66	0.00	0.00	0.00	7.462687e-03	0.90	0.25	0.00	0.00	0.26	3.00	0.50	0.99	0.00	13.98	0.00	0.00	0.00	0.00	0.00	0.00	0.00	0.00	0.00	0.00	0.69	0.00	0.00	0.00	0.41	0.00	0.00	0.00	6.00	2.0e-03	1.00	0.16
904S02201	904S02201_5/19/2010_1	5/19/2010 0:00:00	BMI	0.39	0.43	0.36	0.78	1.00	0.25	0.84	7.00	0.53	0.00	0.00	0.00	0.00	0.00	0.00	1.00	0.07	0.19	3.00	0.23	0.69	0.00	32.66	0.00	0.00	0.00	0.00	0.00	0.00	0.00	0.12	3.00	0.23	1.83	0.00	0.00	0.00	0.79	0.20	2.00	0.50	13.00	0.47	6.00	0.46
904S02585	904S02585_5/19/2010_1	5/19/2010 0:00:00	BMI	0.85	1.05	0.65	0.31	1.00	0.11	0.85	9.00	0.45	4.830918e-03	1.00	0.11	0.26	4.00	0.44	0.00	0.00	0.19	4.00	0.20	0.68	0.23	7.33	0.25	0.02	1.00	0.05	0.00	0.00	0.00	0.04	4.00	0.20	2.01	0.00	0.00	0.00	0.77	0.36	2.00	0.22	20.00	0.53	8.00	0.40
904S08089	904S08089_5/20/2010_1	5/20/2010 0:00:00	BMI	0.88	1.01	0.74	0.10	1.00	0.10	0.76	11.00	0.68	2.298851e-03	1.00	0.10	0.51	4.00	0.40	0.00	0.00	0.33	3.00	0.18	0.64	0.53	5.66	0.37	0.00	0.00	0.00	6.0e-03	1.00	0.06	4.0e-03	1.00	0.06	2.08	0.00	0.00	0.00	0.84	0.33	2.00	0.20	16.00	0.11	6.00	0.37
904S12185	904S12185_5/24/2011_1	5/24/2011 0:00:00	BMI	0.81	1.02	0.60	0.05	1.00	0.11	0.92	12.00	0.66	0.02	1.00	0.11	0.50	2.00	0.22	0.00	0.00	0.42	6.00	0.33	0.64	0.41	3.33	0.22	0.00	0.00	0.00	0.00	0.00	0.00	2.0e-03	1.00	0.05	1.99	0.00	0.00	0.00	0.80	0.33	2.00	0.22	18.00	0.15	7.00	0.38
904WE1125	904WE1125_5/23/2002_1	5/23/2002 0:00:00	BMI	0.80	0.94	0.66					9.95						2.00		0.00											0.00							1.79		0.00									
904WE1131	904WE1131_5/21/2002_1	5/21/2002 0:00:00	BMI	0.58	0.56	0.59					6.00						2.85		0.00											0.19							1.23		0.00									
905CE0512	905CE0512_4/20/2004_1	4/20/2004 0:00:00	BMI	1.07	1.25	0.89					10.00						5.00	0.29	3.00	0.14							0.33	0.18		0.19							2.27		0.00						21.00			
905CE0512	905CE0512_4/20/2004_2	4/20/2004 0:00:00	BMI	1.07	1.25	0.89					8.00						5.00	0.29	1.00	0.14							0.33	0.18		0.20							1.86		0.00						21.00			
905PS0026	905PS0026_5/13/2008_1	5/13/2008 0:00:00	BMI	1.07	1.17	0.96	0.39	2.00	0.11	0.92	13.67	0.53	0.01	3.00	0.16	0.21	4.80	0.27	3.35	0.15	0.59	9.00	0.34	0.77	0.34	12.66	0.26	0.03	2.00	0.07	0.00	0.00	0.00	4.0e-03	2.00	0.07	1.93	6.0e-03	1.92	0.07	0.77	0.36	4.00	0.22	26.00	0.03	6.00	0.23
905S01953	905S01953_4/29/2009_1	4/29/2009 0:00:00	BMI	1.12	1.27	0.96	0.54	1.00	0.04	0.79	13.50	0.50	0.02	1.00	0.04	0.17	8.00	0.38	3.97	0.14	0.62	5.00	0.17	0.61	0.25	7.31	0.35	0.05	4.00	0.14	0.00	0.00	0.00	4.0e-03	1.00	0.03	2.23	0.00	0.00	0.00	0.74	0.17	8.00	0.38	28.00	0.10	8.00	0.28
906LPLPC6	906LPLPC6_5/7/2008_1	5/7/2008 0:00:00	BMI	0.66	0.78	0.54	0.71	2.00	0.20	0.94	9.00	0.52	0.01	1.00	0.10	0.07	1.00	0.10	0.00	0.00	0.21	5.00	0.29	0.80	4.0e-03	2.00	0.11	0.00	0.00	0.00	2.0e-03	1.00	0.05	8.0e-03	1.00	0.05	1.55	4.0e-03	2.00	0.11	0.68	0.12	3.00	0.30	17.00	0.67	7.00	0.41
906LPRSC4	906LPRSC4_5/7/2008_1	5/7/2008 0:00:00	BMI	0.60	0.70	0.49	0.89	2.00	0.40	0.98	6.00	0.54	3.311258e-03	1.00	0.20	0.09	1.00	0.20	0.00	0.00	0.60	3.00	0.27	0.93	2.0e-03	1.00	0.09	0.00	0.00	0.00	0.00	0.00	0.00	6.0e-03	1.00	0.09	1.13	2.0e-03	1.00	0.09	0.58	3.311258e-03	1.00	0.20	11.00	0.37	4.00	0.36
906S02246	906S02246_5/26/2010_1	5/26/2010 0:00:00	BMI	0.77	0.86	0.68	0.28	1.00	0.11	0.84	9.00	0.52	0.06	1.00	0.11	0.46	3.00	0.33	0.00	0.00	0.15	3.00	0.17	0.71	0.05	3.33	0.23	0.00	0.00	0.00	6.0e-03	1.00	0.05	0.01	2.00	0.11	1.88	0.00	0.00	0.00	0.77	0.15	2.00	0.22	17.00	0.69	8.00	0.47
907CCCR02	907CCCR02_3/29/2010_1	3/29/2010 0:00:00	BMI	1.04	1.04	1.05	0.14	2.00	0.10	0.80	10.80	0.42	0.02	2.00	0.10	0.26	7.85	0.42	2.00	0.07	0.09	6.00	0.23	0.70	0.45	10.00	0.38	0.17	9.00	0.34	0.00	0.00	0.00	0.01	4.00	0.15	2.09	0.00	0.00	0.00	0.78	0.51	5.00	0.26	26.00	0.02	5.00	0.19
907CCCR02	907CCCR02_4/21/2009_1	4/21/2009 0:00:00	BMI	0.84	0.59	1.09					9.80						4.90		2.80											0.14							1.99		1.00									
907CCCR02	907CCCR02_5/21/2001_1	5/21/2001 0:00:00	BMI	1.17	1.18	1.15					12.35						11.55		5.35											0.24							2.48		0.40									
907CCCR02	907CCCR02_5/5/2010_1	5/5/2010 0:00:00	BMI	1.01	0.96	1.07	0.18	3.00	0.15	0.32	13.55	0.51	0.03	1.00	0.05	0.44	6.87	0.36	4.90	0.18	0.07	6.00	0.22	0.69	0.20	8.00	0.29	0.10	6.00	0.22	0.00	0.00	0.00	0.56	3.00	0.11	1.92	0.00	0.40	0.00	0.70	0.33	7.00	0.36	27.00	0.66	8.00	0.29
907CCCR02	907CCCR02_5/8/2008_1	5/8/2008 0:00:00	BMI	0.85	0.97	0.73	0.75	1.00	0.08	0.52	9.00	0.50	5.714286e-03	1.00	0.08	0.02	3.00	0.25	2.00	0.11	0.27	4.00	0.22	0.85	0.03	4.00	0.22	0.00	0.00	0.00	0.00	0.00	0.00	0.42	2.00	0.11	1.63	0.00	0.00	0.00	0.72	0.20	5.00	0.41	18.00	0.48	7.00	0.38
907CCCR02	907CCCR02_6/9/2010_1	6/9/2010 0:00:00	BMI	1.03	0.99	1.06	0.47	7.00	0.28	0.63	16.77	0.56	0.02	3.00	0.12	0.37	5.77	0.24	4.00	0.15	0.44	9.00	0.28	0.67	0.15	7.00	0.25	0.08	6.00	0.18	0.00	0.00	0.00	0.28	3.00	0.09	2.18	2.0e-03	0.87	0.03	0.82	0.11	7.00	0.28	32.00	0.30	9.00	0.28
907CCCR02	907CCCR02_7/13/2010_1	7/13/2010 0:00:00	BMI	1.13	1.19	1.08	0.28	1.00	0.04	0.44	14.07	0.40	0.07	4.00	0.16	0.31	8.80	0.33	2.42	0.09	0.20	4.00	0.12	0.57	0.26	13.00	0.40	0.01	3.00	0.09	0.00	0.00	0.00	0.35	4.00	0.12	2.49	0.08	1.97	0.06	0.84	0.09	6.00	0.25	32.00	0.47	11.00	0.34
907CCCR02	907CCCR02_8/24/2010_1	8/24/2010 0:00:00	BMI	0.71	0.60	0.82	0.05	1.00	0.07	0.69	7.22	0.31	0.55	3.00	0.21	0.15	3.00	0.21	0.92	0.04	0.03	4.00	0.18	0.78	0.09	6.00	0.27	0.04	2.00	0.09	0.00	0.00	0.00	0.03	5.00	0.22	1.58	0.01	1.42	0.04	0.58	0.09	2.00	0.14	22.00	0.80	8.00	0.36
907S00577	907S00577_5/12/2009_1	5/12/2009 0:00:00	BMI	1.06	1.25	0.86	0.88	2.00	0.10	0.93	12.67	0.46	0.02	2.00	0.10	0.03	5.80	0.30	4.80	0.17	0.69	5.00	0.17	0.86	0.05	6.32	0.32	6.0e-03	2.00	0.07	0.00	0.00	0.00	0.01	3.00	0.10	1.44	0.00	0.00	0.00	0.56	0.05	10.00	0.50	28.00	0.05	8.00	0.28
907S01418	907S01418_5/12/2009_1	5/12/2009 0:00:00	BMI	1.19	1.20	1.17	0.37	4.00	0.12	0.65	17.45	0.42	0.05	4.00	0.12	0.25	9.62	0.31	4.80	0.11	0.36	10.00	0.23	0.47	0.28	9.33	0.33	0.11	6.00	0.14	0.00	0.00	0.00	0.20	4.00	0.09	2.80	8.0e-03	1.97	0.04	0.89	0.18	10.00	0.31	42.00	0.33	10.00	0.23
907S02774	907S02774_5/20/2010_1	5/20/2010 0:00:00	BMI	0.60	0.72	0.48	0.96	2.00	0.33	0.99	9.00	0.90	0.00	0.00	0.00	7.633588e-03	1.00	0.16	0.00	0.00	0.78	6.00	0.60	0.98	2.0e-03	0.66	0.10	0.00	0.00	0.00	0.00	0.00	0.00	0.00	0.00	0.00	0.70	0.00	0.00	0.00	0.37	2.544529e-03	1.00	0.16	10.00	8.0e-03	3.00	0.30
907S03210	907S03210_5/18/2011_1	5/18/2011 0:00:00	BMI	0.98	1.05	0.92	0.08	1.00	0.09	0.91	8.00	0.57	6.289308e-03	0.00	0.00	0.84	7.00	0.63	0.00	0.00	0.73	3.00	0.21	0.81	0.22	6.00	0.64	0.15	5.00	0.35	0.00	0.00	0.00	0.04	2.00	0.14	1.40	0.00	0.00	0.00	0.56	0.06	3.00	0.27	14.00	0.03	1.00	0.07
907S05514	907S05514_5/18/2011_1	5/18/2011 0:00:00	BMI	1.18	1.25	1.10	0.21	2.00	0.11	0.82	13.00	0.48	0.01	2.00	0.11	0.65	9.00	0.50	0.00	0.00	0.37	5.00	0.18	0.57	0.47	14.00	0.40	0.33	3.00	0.11	0.00	0.00	0.00	0.01	2.00	0.07	2.33	2.016129e-03	1.00	0.03	0.86	0.12	3.00	0.16	27.00	0.11	6.00	0.22
907S46499	907S46499_6/2/2010_1	6/2/2010 0:00:00	BMI	1.03	1.16	0.91	0.18	3.00	0.16	0.83	13.00	0.52	4.842615e-03	2.00	0.11	0.68	3.00	0.16	4.00	0.16	0.65	6.00	0.24	0.69	0.11	13.33	0.20	0.09	3.00	0.12	0.00	0.00	0.00	0.06	1.00	0.04	1.95	2.0e-03	1.00	0.04	0.73	0.11	7.00	0.38	25.00	0.21	9.00	0.36
907SDCHC3	907SDCHC3_5/8/2008_1	5/8/2008 0:00:00	BMI	0.87	1.01	0.74	0.10	2.00	0.25	0.98	7.00	0.58	2.061856e-03	1.00	0.12	0.31	2.00	0.25	1.00	0.08	0.40	4.00	0.33	0.93	0.56	3.00	0.25	0.00	0.00	0.00	0.00	0.00	0.00	0.00	0.00	0.00	1.22	2.0e-03	1.00	0.08	0.61	0.58	3.00	0.37	12.00	0.02	3.00	0.25
907SDFRC2	907SDFRC2_5/5/2008_1	5/5/2008 0:00:00	BMI	0.72	0.79	0.66	0.32	1.00	0.10	0.94	8.00	0.53	6.097561e-03	1.00	0.10	0.14	2.00	0.20	1.00	0.06	0.17	5.00	0.33	0.76	0.13	3.00	0.20	0.00	0.00	0.00	0.00	0.00	0.00	0.01	1.00	0.06	1.70	0.00	0.00	0.00	0.73	0.46	4.00	0.40	15.00	0.48	6.00	0.40
907SSDR11	907SSDR11_5/5/2008_1	5/5/2008 0:00:00	BMI	0.76	0.98	0.55	0.09	1.00	0.14	0.90	9.00	0.64	0.01	1.00	0.14	0.04	2.00	0.28	0.00	0.00	0.09	3.00	0.21	0.76	0.62	3.00	0.21	0.00	0.00	0.00	0.00	0.00	0.00	0.07	2.00	0.14	1.79	0.00	0.00	0.00	0.77	0.84	2.00	0.28	14.00	0.26	6.00	0.42
909SHAR02	909SHAR02_5/8/2008_1	5/8/2008 0:00:00	BMI	0.84	0.99	0.69	0.14	2.00	0.14	0.93	12.00	0.63	0.02	1.00	0.07	0.35	4.00	0.28	1.00	0.05	0.47	8.00	0.42	0.89	0.46	5.00	0.26	0.00	0.00	0.00	0.00	0.00	0.00	2.0e-03	1.00	0.05	1.50	0.00	0.00	0.00	0.68	0.46	3.00	0.21	19.00	0.02	4.00	0.21
909SLAW02	909SLAW02_5/6/2008_1	5/6/2008 0:00:00	BMI	0.84	1.04	0.64	0.86	2.00	0.40	0.86	8.00	0.57	0.00	0.00	0.00	0.09	1.00	0.20	1.00	0.07	0.78	7.00	0.50	0.85	0.01	1.00	0.07	2.0e-03	1.00	0.07	0.00	0.00	0.00	0.09	1.00	0.07	1.20	0.00	0.00	0.00	0.50	0.04	2.00	0.40	14.00	0.17	5.00	0.35
909SSWR08	909SSWR08_5/5/2008_1	5/5/2008 0:00:00	BMI	0.34	0.41	0.28	0.49	1.00	0.25	0.79	5.00	0.71	0.01	1.00	0.25	0.00	0.00	0.00	0.00	0.00	0.20	2.00	0.28	0.78	0.00	0.00	0.00	0.00	0.00	0.00	0.00	0.00	0.00	0.00	0.00	0.00	1.48	0.00	0.00	0.00	0.75	0.49	2.00	0.50	7.00	0.78	5.00	0.71
909WE1014	909WE1014_4/23/2002_1	4/23/2002 0:00:00	BMI	0.78	0.92	0.65					5.00						1.00		1.00											0.00							1.78		0.00									
909WE1014	909WE1014_4/23/2002_2	4/23/2002 0:00:00	BMI	0.83	1.07	0.59					5.00						1.00		1.00											0.00							1.59		0.00									
910DZRA03	910DZRA03_5/6/2008_1	5/6/2008 0:00:00	BMI	0.93	1.16	0.71	0.44	2.00	0.13	0.89	12.00	0.57	4.201681e-03	1.00	0.06	0.02	3.00	0.20	1.00	0.04	0.56	8.00	0.38	0.76	0.34	5.00	0.23	0.01	2.00	0.09	0.00	0.00	0.00	0.00	0.00	0.00	1.88	0.00	0.00	0.00	0.74	0.40	5.00	0.33	21.00	0.14	9.00	0.42
910S06570	910S06570_5/24/2010_1	5/24/2010 0:00:00	BMI	0.78	0.98	0.58	0.91	2.00	0.33	0.74	7.00	0.58	3.125e-03	1.00	0.16	0.07	2.00	0.33	0.00	0.00	0.66	4.00	0.33	0.85	0.01	5.33	0.25	4.0e-03	1.00	0.08	0.00	0.00	0.00	0.21	2.00	0.16	1.33	0.00	0.00	0.00	0.60	9.375e-03	1.00	0.16	12.00	0.28	3.00	0.25
910S14762	910S14762_5/26/2010_1	5/26/2010 0:00:00	BMI	0.83	0.99	0.67	0.75	3.00	0.37	0.95	9.00	0.60	0.00	0.00	0.00	0.08	1.00	0.12	2.00	0.13	0.70	6.00	0.40	0.83	0.12	14.00	0.13	4.0e-03	1.00	0.06	2.0e-03	1.00	0.06	8.0e-03	2.00	0.13	1.40	2.0e-03	1.00	0.06	0.60	0.15	3.00	0.37	15.00	0.13	4.00	0.26
911S01142	911S01142_5/24/2011_1	5/24/2011 0:00:00	BMI	0.93	0.85	1.02	0.08	3.00	0.20	0.81	11.00	0.61	0.00	0.00	0.00	0.33	6.00	0.40	1.00	0.05	0.15	7.00	0.38	0.70	0.71	11.33	0.44	0.21	3.00	0.16	0.00	0.00	0.00	0.09	1.00	0.05	1.87	0.00	0.00	0.00	0.73	0.57	4.00	0.26	18.00	0.09	2.00	0.11
911S02058	911S02058_5/5/2009_1	5/5/2009 0:00:00	BMI	1.06	1.18	0.94	0.18	2.00	0.11	0.58	9.85	0.43	0.02	1.00	0.05	0.70	6.82	0.38	2.80	0.13	0.48	5.00	0.21	0.82	0.06	5.96	0.30	0.01	4.00	0.17	0.00	0.00	0.00	0.35	2.00	0.08	1.72	0.00	0.00	0.00	0.72	0.06	6.00	0.33	23.00	0.41	8.00	0.34
911S04086	911S04086_5/6/2009_1	5/6/2009 0:00:00	BMI	0.90	1.02	0.78	0.62	4.00	0.26	0.66	11.67	0.46	0.02	1.00	0.06	0.03	2.00	0.13	0.87	0.03	0.22	10.00	0.38	0.72	0.09	13.56	0.15	0.08	2.00	0.07	0.00	0.00	0.00	0.17	2.00	0.07	1.96	0.08	1.00	0.03	0.78	0.02	3.00	0.20	26.00	0.64	7.00	0.26
911S04086	911S04086_5/6/2009_2	5/6/2009 0:00:00	BMI	0.96	1.00	0.92					11.85						4.55		1.00											0.12							2.14		2.55									
911S12262	911S12262_5/24/2010_1	5/24/2010 0:00:00	BMI	0.94	1.14	0.74	0.92	2.00	0.15	0.88	9.00	0.42	0.01	2.00	0.15	0.02	3.00	0.23	2.00	0.09	0.55	8.00	0.38	0.85	0.01	14.00	0.19	0.00	0.00	0.00	0.00	0.00	0.00	0.02	3.00	0.14	1.53	0.00	0.00	0.00	0.66	0.01	2.00	0.15	21.00	0.24	7.00	0.33
911TCAM01	911TCAM01_5/7/2008_1	5/7/2008 0:00:00	BMI	0.87	0.99	0.75	0.90	3.00	0.23	0.90	12.00	0.52	9.174312e-03	2.00	0.15	0.05	3.00	0.23	1.00	0.04	0.64	8.00	0.34	0.85	0.01	6.00	0.26	8.0e-03	2.00	0.08	0.00	0.00	0.00	0.06	1.00	0.04	1.42	0.00	0.00	0.00	0.60	0.01	4.00	0.30	23.00	0.13	6.00	0.26
911TJWIL3	911TJWIL3_5/15/2001_1	5/15/2001 0:00:00	BMI	1.09	1.17	1.02					9.65						9.50		1.15											0.21							1.62		1.45									
911TJWIL3	911TJWIL3_5/25/2011_1	5/25/2011 0:00:00	BMI	1.18	1.28	1.09	0.47	3.00	0.13	0.84	11.00	0.39	2.247191e-03	1.00	0.04	0.17	9.00	0.40	1.00	0.03	0.53	8.00	0.28	0.69	0.38	8.00	0.42	0.08	5.00	0.17	0.00	0.00	0.00	0.01	2.00	0.07	2.10	0.04	2.00	0.07	0.76	0.26	4.00	0.18	28.00	0.03	5.00	0.17
911TJWIL3	911TJWIL3_5/6/2008_1	5/6/2008 0:00:00	BMI	1.03	1.21	0.85	0.59	2.00	0.13	0.92	11.30	0.57	2.070393e-03	0.00	0.00	0.15	2.92	0.20	1.00	0.05	0.74	7.00	0.36	0.88	0.21	7.00	0.36	0.02	3.00	0.15	0.00	0.00	0.00	0.00	0.00	0.00	1.46	0.02	1.00	0.05	0.62	0.21	5.00	0.33	19.00	0.02	4.00	0.21
911TTJR01	911TTJR01_5/5/2008_1	5/5/2008 0:00:00	BMI	0.64	0.71	0.58	0.32	2.00	0.33	0.98	7.00	0.63	0.00	0.00	0.00	0.64	1.00	0.16	1.00	0.09	0.91	6.00	0.54	0.94	0.00	0.00	0.00	0.00	0.00	0.00	0.00	0.00	0.00	2.0e-03	1.00	0.09	1.10	4.0e-03	1.00	0.09	0.56	4.405286e-03	2.00	0.33	11.00	0.02	3.00	0.27
CAW03444-0092	CAW03444-0092_6/22/2012_1	6/22/2012 0:00:00	BMI	0.36	0.39	0.33																					0.00	0.16																	5.90			
CAW03444-0092	CAW03444-0092_6/23/2012_1	6/23/2012 0:00:00	BMI	0.56	0.49	0.63																					0.08	0.68																	12.00			
CAW03444-0104	CAW03444-0104_7/10/2012_1	7/10/2012 0:00:00	BMI	0.70	0.76	0.64																					0.14	0.67																	14.00			
CAW03444-0104	CAW03444-0104_7/11/2012_1	7/11/2012 0:00:00	BMI	0.73	0.74	0.72																					0.25	0.48																	12.00			
CAW03444-0156	CAW03444-0156_8/16/2012_1	8/16/2012 0:00:00	BMI	0.53	0.36	0.69																					0.16	0.00																	6.00			
CAW03444-0156	CAW03444-0156_8/17/2012_1	8/17/2012 0:00:00	BMI	0.49	0.36	0.62																					0.40	0.00																	10.00			
CAW03444-0188	CAW03444-0188_9/3/2012_1	9/3/2012 0:00:00	BMI	0.50	0.45	0.54																					0.12	0.00																	8.00			
CAW03444-0188	CAW03444-0188_9/4/2012_1	9/4/2012 0:00:00	BMI	0.58	0.46	0.70																					0.42	2.0e-03																	7.00			
CAW03444-0220	CAW03444-0220_9/22/2012_1	9/22/2012 0:00:00	BMI	0.52	0.44	0.59																					0.00	0.33																	8.00			
CAW03444-0220	CAW03444-0220_9/23/2012_1	9/23/2012 0:00:00	BMI	0.69	0.66	0.72																					0.00	0.38																	9.00			
CAW03444-0232	CAW03444-0232_10/1/2012_1	10/1/2012 0:00:00	BMI	0.56	0.64	0.47																					0.22	0.01																	9.00			
CAW03444-0232	CAW03444-0232_9/30/2012_1	9/30/2012 0:00:00	BMI	0.68	0.86	0.49																					0.25	0.03																	8.00			
CAW03444-0512	CAW03444-0512_1/5/2013_1	1/5/2013 0:00:00	BMI	1.03	1.20	0.85																					0.33	0.05																	21.00			
CAW03444-0512	CAW03444-0512_1/6/2013_1	1/6/2013 0:00:00	BMI	0.84	0.93	0.76																					0.33	0.05																	15.00			
CAW03444-0616	CAW03444-0616_3/15/2013_1	3/15/2013 0:00:00	BMI	0.42	0.37	0.46																					0.00	0.86																	3.95			
CAW03444-0616	CAW03444-0616_3/16/2013_1	3/16/2013 0:00:00	BMI	0.36	0.26	0.46																					0.00	0.83																	3.85			
CAW03444-0668	CAW03444-0668_3/31/2013_1	3/31/2013 0:00:00	BMI	0.43	0.42	0.45																					0.00	0.38																	6.70			
CAW03444-0732	CAW03444-0732_4/24/2013_1	4/24/2013 0:00:00	BMI	0.40	0.34	0.46																					0.00	0.57																	5.80			
FW08CA022	FW08CA022_3/27/2010_1	3/27/2010 0:00:00	BMI	0.88	0.88	0.88																					0.39	0.07																	21.45			
FW08CA022	FW08CA022_3/28/2010_1	3/28/2010 0:00:00	BMI	0.71	0.80	0.62																					0.25	0.22																	19.15			
FW08CA022	FW08CA022_5/13/2013_1	5/13/2013 0:00:00	BMI	0.90	1.01	0.78																					0.36	0.10																	23.55			
ME-CC	ME-CC_7/12/2010_1	7/12/2010 0:00:00	BMI	0.42	0.39	0.44	0.85	1.00	0.16	0.89	8.00	0.53	0.08	1.00	0.16	0.01	1.00	0.16	0.00	0.00	0.37	5.00	0.33	0.83	0.05	3.58	0.20	0.00	0.00	0.00	0.03	1.00	0.06	8.0e-03	1.00	0.06	1.62	0.00	0.00	0.00	0.72	0.01	1.00	0.16	15.00	0.15	4.00	0.26
ME-VR2	ME-VR2_7/7/2010_1	7/7/2010 0:00:00	BMI	0.61	0.76	0.44	0.59	4.00	0.28	0.83	10.00	0.43	0.04	2.00	0.14	3.424658e-03	1.00	0.07	0.00	0.00	0.41	7.00	0.30	0.68	0.07	6.00	0.17	2.0e-03	1.00	0.04	0.00	0.00	0.00	0.01	2.00	0.08	2.16	0.00	0.00	0.00	0.81	0.15	2.00	0.14	23.50	0.37	11.00	0.46
PC1	PC1_8/12/2010_1	8/12/2010 0:00:00	BMI	1.01	1.18	0.84												0.23		0.08							0.28	0.06											2.00						25.00			
PC4	PC4_8/16/2010_1	8/16/2010 0:00:00	BMI	1.05	0.97	1.13												0.31		0.18							0.37	0.08											3.00						27.00			
PC5	PC5_8/13/2010_1	8/13/2010 0:00:00	BMI	1.13	1.25	1.01												0.25		0.14							0.28	0.07											3.00						35.00			
PC6	PC6_8/12/2010_1	8/12/2010 0:00:00	BMI	1.10	1.22	0.99												0.33		0.06							0.38	0.20											2.00						31.00			
PC7	PC7_8/12/2010_1	8/12/2010 0:00:00	BMI	1.09	1.14	1.04												0.32		0.12							0.39	0.09											2.00						33.00			
R5BIO-301	R5BIO-301_6/14/2000_1	6/14/2000 0:00:00	BMI	1.03	0.94	1.11					9.90						10.85		2.95											0.28							1.65		3.00									
R5BIO-309	R5BIO-309_6/14/2000_1	6/14/2000 0:00:00	BMI	0.89	0.73	1.05												0.43		0.21							0.42	0.09											1.00						19.00			
R5BIO-309	R5BIO-309_6/5/2008_1	6/5/2008 0:00:00	BMI	0.79	0.71	0.87					4.70						4.95		2.70											0.17							1.52		1.00									
R5BIO6470	R5BIO6470_5/18/2001_1	5/18/2001 0:00:00	BMI	0.92	0.89	0.95					10.00						6.00		5.00											0.19							1.79		0.00									
R5BIO6478	R5BIO6478_5/16/2001_1	5/16/2001 0:00:00	BMI	1.06	1.09	1.02					11.90						10.25		1.70											0.15							1.94		1.00									
R5BIO6478	R5BIO6478_5/16/2001_2	5/16/2001 0:00:00	BMI	0.82	0.56	1.07					8.00						8.00		2.00											0.21							2.39		1.00									
R5BIO6480	R5BIO6480_5/17/2001_1	5/17/2001 0:00:00	BMI	0.87	0.76	0.98					10.00						11.00		2.00											0.25							2.82		0.00									
R5BIO6492	R5BIO6492_5/16/2001_1	5/16/2001 0:00:00	BMI	0.99	0.97	1.02					8.00						7.85		0.85											0.25							2.24		2.90									
R5BIO-6496	R5BIO-6496_5/18/2001_1	5/18/2001 0:00:00	BMI	1.06	1.18	0.93					9.55						7.75		5.20											0.20							1.47		1.45									
R5BIO-6496	R5BIO-6496_5/18/2001_2	5/18/2001 0:00:00	BMI	0.94	0.92	0.96					12.95						11.00		2.95											0.27							1.56		0.00									
R5BIO-6498	R5BIO-6498_6/6/2001_1	6/6/2001 0:00:00	BMI	0.95	0.76	1.13					13.45						10.85	0.39	4.95	0.15							0.37	0.24		0.20							2.54		3.00						32.00			
R5BIO6504	R5BIO6504_5/23/2001_1	5/23/2001 0:00:00	BMI	1.05	1.03	1.07					12.00						11.00		2.00											0.27							2.26		0.00									
R5BIO-6514	R5BIO-6514_8/24/2010_1	8/24/2010 0:00:00	BMI	0.71	0.67	0.75												0.21		0.04							0.27	0.04											1.00						22.00			
R5BIO-6516	R5BIO-6516_4/21/2009_1	4/21/2009 0:00:00	BMI	0.86	0.64	1.08												0.35		0.21							0.36	0.01											2.00						19.00			
R5BIO-6516	R5BIO-6516_5/21/2001_1	5/21/2001 0:00:00	BMI	1.18	1.38	0.97					11.60						12.15		1.50											0.13							2.03		0.95									
R5BIO-6516	R5BIO-6516_5/21/2001_2	5/21/2001 0:00:00	BMI	1.26	1.39	1.13					12.95						15.00		3.95											0.28							2.47		0.95									
R5BIO6526	R5BIO6526_5/12/2001_1	5/12/2001 0:00:00	BMI	0.95	0.96	0.93					8.85						7.85		1.95											0.17							2.10		1.00									
R5BIO6526	R5BIO6526_5/23/2001_2	5/23/2001 0:00:00	BMI	0.98	0.89	1.07					10.00						10.00		2.00											0.40							2.32		2.00									
SGLT506	SGLT506_6/17/2009_1	6/17/2009 0:00:00	BMI	0.44	0.38	0.50	0.84	1.00	0.16	0.88	7.00	0.53	0.00	0.00	0.00	0.01	1.00	0.16	0.00	0.00	0.35	4.00	0.30	0.83	0.04	2.00	0.15	0.00	0.00	0.00	0.00	0.00	0.00	0.06	1.00	0.07	1.62	0.00	0.00	0.00	0.75	0.10	1.00	0.16	13.00	0.37	7.00	0.53
SGLT506	SGLT506_6/30/2011_1	6/30/2011 0:00:00	BMI	0.68	0.63	0.72	0.92	1.00	0.10	0.81	8.00	0.42	0.00	0.00	0.00	0.02	2.00	0.20	2.00	0.10	0.53	4.00	0.21	0.90	0.02	4.00	0.21	0.00	0.00	0.00	0.00	0.00	0.00	0.13	3.00	0.15	1.40	0.00	0.00	0.00	0.64	0.04	5.00	0.50	19.00	0.40	6.00	0.31
SGLT506	SGLT506_7/6/2010_1	7/6/2010 0:00:00	BMI	0.30	0.25	0.35	1.00	2.00	1.00	0.98	3.00	0.42	0.00	0.00	0.00	0.00	0.00	0.00	0.00	0.00	0.01	2.00	0.28	0.98	0.00	2.85	0.00	0.00	0.00	0.00	0.00	0.00	0.00	4.0e-03	1.00	0.14	0.21	2.0e-03	1.00	0.14	0.07	0.00	0.00	0.00	7.00	0.96	3.00	0.42
SGLT508	SGLT508_5/26/2009_1	5/26/2009 0:00:00	BMI	0.32	0.12	0.52	0.94	1.00	0.50	0.97	4.00	0.66	0.00	0.00	0.00	0.05	1.00	0.50	0.00	0.00	0.06	1.00	0.16	0.95	4.0e-03	0.66	0.16	0.00	0.00	0.00	0.00	0.00	0.00	0.01	1.00	0.16	0.85	0.00	0.00	0.00	0.41	0.00	0.00	0.00	6.00	0.79	3.00	0.50
SGLT508	SGLT508_5/26/2010_1	5/26/2010 0:00:00	BMI	0.51	0.51	0.51	0.91	1.00	0.33	0.98	5.00	0.62	0.00	0.00	0.00	4.854369e-03	1.00	0.33	0.00	0.00	0.75	1.00	0.12	0.91	0.07	2.00	0.25	0.00	0.00	0.00	0.00	0.00	0.00	4.0e-03	1.00	0.12	0.91	0.00	0.00	0.00	0.41	0.08	1.00	0.33	8.00	0.07	3.00	0.37
SGUT504	SGUT504_6/16/2009_1	6/16/2009 0:00:00	BMI	1.06	1.24	0.87	0.43	1.00	0.05	0.64	12.00	0.41	0.05	2.00	0.10	0.24	9.00	0.45	3.00	0.10	0.36	4.00	0.13	0.52	0.28	11.00	0.37	0.06	3.00	0.10	0.00	0.00	0.00	0.17	4.00	0.13	2.61	2.0e-03	1.00	0.03	0.86	0.13	4.00	0.20	29.00	0.24	9.00	0.31
SGUT504	SGUT504_6/30/2011_1	6/30/2011 0:00:00	BMI	0.86	0.79	0.93	0.09	1.00	0.06	0.95	8.00	0.50	0.00	0.00	0.00	0.29	11.00	0.73	1.00	0.06	0.15	4.00	0.25	0.82	0.81	10.00	0.62	0.07	5.00	0.31	0.00	0.00	0.00	0.01	3.00	0.18	1.41	0.00	0.00	0.00	0.61	0.60	1.00	0.06	16.00	0.02	1.00	0.06
SGUT504	SGUT504_7/7/2010_1	7/7/2010 0:00:00	BMI	0.93	0.90	0.96	0.15	1.00	0.04	0.81	13.00	0.46	0.00	0.00	0.00	0.45	11.00	0.52	3.00	0.10	0.18	6.00	0.21	0.57	0.70	8.00	0.42	0.21	4.00	0.14	0.00	0.00	0.00	0.05	4.00	0.14	2.43	0.00	0.00	0.00	0.85	0.34	4.00	0.19	28.00	0.05	6.00	0.21
smc.0011	smc.0011_5/14/2008_1	5/14/2008 0:00:00	BMI	0.64	0.69	0.60																					0.26	0.26																	11.55			
smc.0011	smc.0011_5/29/2008_1	5/29/2008 0:00:00	BMI	0.63	0.69	0.57																					0.21	0.23																	14.30			
smc.0020	smc.0020_5/31/2008_1	5/31/2008 0:00:00	BMI	0.33	0.33	0.33																					0.00	4.9e-03																	3.85			
smc.0020	smc.0020_6/1/2008_1	6/1/2008 0:00:00	BMI	0.42	0.42	0.41																					0.00	0.00																	3.50			
smc.0032	smc.0032_4/1/2012_1	4/1/2012 0:00:00	BMI	0.71	0.68	0.74																					0.30	0.35																	18.60			
smc.0040	smc.0040_6/7/2008_1	6/7/2008 0:00:00	BMI	0.59	0.58	0.61																					0.30	0.01																	9.55			
smc.0052	smc.0052_6/10/2008_1	6/10/2008 0:00:00	BMI	0.52	0.47	0.58																					0.00	0.50																	6.25			
smc.0052	smc.0052_6/9/2008_1	6/9/2008 0:00:00	BMI	0.44	0.36	0.52																					0.00	0.53																	5.30			
smc.0057	smc.0057_6/11/2008_1	6/11/2008 0:00:00	BMI	0.79	0.99	0.60																					0.18	0.71																	15.25			
SMC00031	SMC00031_6/14/2008_1	6/14/2008 0:00:00	BMI	0.71	0.71	0.71																					0.33	0.38																	15.00			
SMC00036	SMC00036_6/15/2008_1	6/15/2008 0:00:00	BMI	0.62	0.60	0.63																					0.21	0.68																	8.40			
SMC00047	SMC00047_6/16/2008_1	6/16/2008 0:00:00	BMI	0.37	0.35	0.40																					0.00	0.91																	3.70			
SMC00068	SMC00068_6/21/2008_1	6/21/2008 0:00:00	BMI	0.62	0.57	0.67																					0.20	0.06																	8.25			
SMC00079	SMC00079_6/22/2008_1	6/22/2008 0:00:00	BMI	0.82	0.81	0.83																					0.27	0.19																	26.85			
SMC00084	SMC00084_6/26/2008_1	6/26/2008 0:00:00	BMI	1.04	1.18	0.91																					0.31	0.14																	31.10			
SMC00104	SMC00104_6/28/2008_1	6/28/2008 0:00:00	BMI	0.80	0.82	0.78																					0.31	0.84																	15.00			
SMC00105	SMC00105_5/12/2009_1	5/12/2009 0:00:00	BMI	1.05	1.13	0.97	0.67	6.00	0.30	0.75	9.87	0.33	0.00	0.00	0.00	0.04	5.92	0.30	5.92	0.20	0.58	10.00	0.33	0.75	0.17	4.66	0.23	0.02	6.00	0.20	0.00	0.00	0.00	0.09	4.00	0.13	1.81	2.0e-03	0.90	0.03	0.67	0.26	7.00	0.35	30.00	0.11	5.00	0.16
SMC00105	SMC00105_6/29/2008_1	6/29/2008 0:00:00	BMI	1.03	1.13	0.93																					0.24	0.11																	27.95			
SMC00117	SMC00117_4/2/2012_1	4/2/2012 0:00:00	BMI	0.80	0.93	0.68																					0.29	0.37																	20.45			
SMC00143	SMC00143_7/4/2008_1	7/4/2008 0:00:00	BMI	0.71	0.74	0.68																					0.11	0.32																	15.95			
SMC00153	SMC00153_6/8/2009_1	6/8/2009 0:00:00	BMI	0.56	0.70	0.43	0.45	3.00	0.50	0.87	7.47	0.46	0.00	0.00	0.00	0.01	1.47	0.16	0.50	0.06	0.08	2.00	0.13	0.73	2.0e-03	13.04	0.06	0.00	0.00	0.00	8.0e-03	2.00	0.13	0.00	0.00	0.00	1.67	2.0e-03	0.87	0.06	0.72	0.53	2.00	0.33	15.00	0.29	7.00	0.46
SMC00153	SMC00153_6/8/2009_2	6/8/2009 0:00:00	BMI	0.49	0.62	0.36					6.95						0.00		0.80											0.00							1.56		0.00									
SMC00153	SMC00153_7/5/2008	7/5/2008 0:00:00	BMI	0.59	0.70	0.49																					0.07	0.27																	13.15			
SMC00153	SMC00153_7/6/2008	7/6/2008 0:00:00	BMI	0.52	0.61	0.44																					0.00	0.27																	9.90			
SMC00191	SMC00191_7/10/2008_1	7/10/2008 0:00:00	BMI	0.91	1.13	0.69																					0.24	0.06																	20.85			
SMC00191	SMC00191_7/11/2008_1	7/11/2008 0:00:00	BMI	0.91	1.13	0.69																					0.24	0.06																	20.85			
SMC00191	SMC00191_7/12/2010_1	7/12/2010 0:00:00	BMI	0.91	1.09	0.74	0.28	4.00	0.25	0.87	11.00	0.52	2.173913e-03	0.00	0.00	0.30	6.00	0.37	1.00	0.04	0.48	10.00	0.47	0.62	0.47	18.92	0.27	0.00	0.00	0.00	0.00	0.00	0.00	6.0e-03	1.00	0.04	2.15	0.00	0.00	0.00	0.84	0.13	2.00	0.12	21.50	0.04	4.50	0.20
SMC00191	SMC00191_7/8/2008_1	7/8/2008 0:00:00	BMI	0.95	1.09	0.82																					0.40	0.06																	20.00			
SMC00191	SMC00191_7/9/2008_1	7/9/2008 0:00:00	BMI	0.95	1.09	0.82																					0.40	0.06																	20.00			
SMC00198	SMC00198_5/20/2009_1	5/20/2009 0:00:00	BMI	0.68	0.90	0.46					7.00						1.90		0.00											0.00							1.80		0.00									
SMC00198	SMC00198_7/12/2008_1	7/12/2008 0:00:00	BMI	0.81	0.91	0.72																					0.19	0.49																	14.25			
SMC00206	SMC00206_5/18/2009_1	5/18/2009 0:00:00	BMI	0.61	0.78	0.45	0.76	2.00	0.33	0.54	8.32	0.60	0.00	0.00	0.00	0.15	1.00	0.16	0.00	0.00	0.12	4.00	0.26	0.69	8.0e-03	14.03	0.13	0.00	0.00	0.00	0.41	3.00	0.20	0.42	2.00	0.13	1.75	4.0e-03	1.45	0.13	0.76	0.06	2.00	0.33	15.00	0.71	7.00	0.46
SMC00206	SMC00206_7/13/2008_1	7/13/2008 0:00:00	BMI	0.67	0.78	0.57																					0.14	0.71																	12.25			
SMC0026	smc.0026_6/2/2008_1	6/2/2008 0:00:00	BMI	1.04	1.26	0.82																					0.29	0.02																	23.65			
SMC00268	SMC00268_7/14/2008_1	7/14/2008 0:00:00	BMI	0.71	0.72	0.69																					0.12	0.01																	14.65			
SMC00313	SMC00313_7/20/2008_1	7/20/2008 0:00:00	BMI	0.76	0.77	0.74																					0.00	0.74																	12.05			
SMC00318	SMC00318_6/15/2010_1	6/15/2010 0:00:00	BMI	0.35	0.51	0.19	1.00	1.00	1.00	1.00	4.00	1.00	0.00	0.00	0.00	0.00	0.00	0.00	0.00	0.00	0.84	2.00	0.50	0.99	0.00	0.00	0.00	0.00	0.00	0.00	0.00	0.00	0.00	0.00	0.00	0.00	0.56	0.00	0.00	0.00	0.28	0.00	0.00	0.00	4.00	0.08	1.00	0.25
SMC00318	SMC00318_7/21/2008_1	7/21/2008 0:00:00	BMI	0.37	0.51	0.23																					0.00	0.08																	3.75			
SMC00324	SMC00324_6/21/2010_1	6/21/2010 0:00:00	BMI	0.78	0.89	0.67	0.09	2.00	0.14	0.85	10.00	0.45	7.722008e-03	1.00	0.07	0.13	3.00	0.21	2.00	0.09	0.06	4.00	0.18	0.70	0.44	10.34	0.27	0.02	1.00	0.04	0.00	0.00	0.00	4.0e-03	1.00	0.04	2.03	0.00	0.00	0.00	0.79	0.14	6.00	0.42	22.00	0.16	7.00	0.31
SMC00324	SMC00324_7/22/2008_1	7/22/2008 0:00:00	BMI	0.81	0.91	0.71																					0.24	0.23																	19.95			
SMC00324	SMC00324_7/23/2008_1	7/23/2008 0:00:00	BMI	0.69	0.63	0.75																					0.16	0.34																	23.40			
SMC00324	SMC00324_7/24/2008_1	7/24/2008 0:00:00	BMI	0.82	0.77	0.86																					0.19	0.59																	19.65			
SMC00324	SMC00324_7/25/2008_1	7/25/2008 0:00:00	BMI	0.81	0.76	0.86																					0.18	0.50																	21.30			
SMC00335	SMC00335_7/26/2008_1	7/26/2008 0:00:00	BMI	0.82	0.94	0.71																					0.45	0.07																	25.35			
SMC00335	SMC00335_7/27/2008_1	7/27/2008 0:00:00	BMI	0.67	0.58	0.76																					0.32	0.05																	18.25			
SMC00345	SMC00345_7/28/2008_1	7/28/2008 0:00:00	BMI	0.59	0.78	0.41																					0.13	0.16																	15.00			
SMC00345	SMC00345_7/29/2008_1	7/29/2008 0:00:00	BMI	0.61	0.78	0.44																					0.13	0.14																	15.00			
SMC00375	SMC00375_6/8/2010_1	6/8/2010 0:00:00	BMI	0.83	1.03	0.64	0.14	1.00	0.11	0.88	5.00	0.31	2.463054e-03	1.00	0.11	0.05	3.00	0.33	1.00	0.06	0.13	5.00	0.31	0.87	0.65	2.00	0.18	0.01	1.00	0.06	0.00	0.00	0.00	0.02	2.00	0.12	1.32	0.00	0.00	0.00	0.56	0.78	1.00	0.11	16.00	0.06	5.00	0.31
SMC00375	SMC00375_7/30/2008_1	7/30/2008 0:00:00	BMI	0.82	1.03	0.61																					0.20	0.05																	14.60			
SMC00382	SMC00382_6/23/2009_1	6/23/2009 0:00:00	BMI	0.35	0.36	0.35	0.93	1.00	0.33	0.99	3.80	1.00	0.00	0.00	0.00	0.00	0.00	0.00	0.00	0.00	0.93	3.00	0.75	0.99	0.00	0.95	0.00	0.00	0.00	0.00	0.00	0.00	0.00	0.00	0.00	0.00	0.49	0.00	0.00	0.00	0.23	2.155172e-03	1.00	0.33	4.00	0.07	2.00	0.50
SMC00436	SMC00436_5/26/2009_1	5/26/2009 0:00:00	BMI	0.59	0.69	0.50	0.74	1.00	0.16	0.91	7.95	0.57	0.00	0.00	0.00	8.0e-03	0.92	0.16	0.00	0.00	0.41	4.00	0.28	0.80	0.08	6.12	0.21	0.00	0.00	0.00	0.00	0.00	0.00	2.0e-03	1.00	0.07	1.64	0.00	0.00	0.00	0.72	0.16	2.00	0.33	14.00	0.11	4.00	0.28
SMC00436	SMC00436_8/7/2008_1	8/7/2008 0:00:00	BMI	0.61	0.72	0.51																					0.21	0.12																	13.60			
SMC00440	SMC00440_5/20/2009_1	5/20/2009 0:00:00	BMI	0.83	0.98	0.68	0.63	3.00	0.27	0.92	7.95	0.47	4.950495e-03	1.00	0.09	0.27	2.00	0.18	0.00	0.00	0.74	10.00	0.58	0.82	0.07	5.80	0.17	2.0e-03	1.00	0.05	0.00	0.00	0.00	0.00	0.00	0.00	1.61	6.0e-03	0.92	0.05	0.71	0.07	1.00	0.09	17.00	0.05	4.00	0.23
SMC00440	SMC00440_8/8/2008_1	8/8/2008 0:00:00	BMI	0.78	0.96	0.60																					0.17	0.04																	15.85			
SMC00457	SMC00457_6/4/2009_1	6/4/2009 0:00:00	BMI	1.06	1.28	0.84	0.23	1.00	0.06	0.84	11.67	0.48	0.02	1.00	0.06	0.43	8.92	0.60	0.00	0.00	0.22	7.00	0.28	0.58	0.54	6.00	0.36	0.06	4.00	0.16	0.01	1.00	0.04	0.01	3.00	0.12	2.28	0.00	0.00	0.00	0.85	0.30	2.00	0.13	25.00	0.21	7.00	0.28
SMC00457	SMC00457_8/10/2008_1	8/10/2008 0:00:00	BMI	1.06	1.27	0.86																					0.37	0.21																	23.60			
SMC00469	SMC00469_5/13/2009_1	5/13/2009 0:00:00	BMI	0.78	0.92	0.63					7.35						0.90	0.09	2.95	0.17							0.23	0.00		0.00							1.72		0.00						17.00			
SMC00469	SMC00469_8/12/2008_1	8/12/2008 0:00:00	BMI	0.92	0.90	0.94																					0.19	0.33																	16.75			
SMC00473	SMC00473_6/3/2009_1	6/3/2009 0:00:00	BMI	0.78	0.97	0.60	0.23	1.00	0.14	0.91	9.95	0.55	0.05	1.00	0.14	0.63	3.00	0.42	0.00	0.00	0.51	5.00	0.27	0.78	0.08	14.06	0.16	0.00	0.00	0.00	0.03	2.00	0.11	0.01	2.00	0.11	1.83	2.0e-03	0.92	0.05	0.76	0.07	1.00	0.14	18.00	0.35	7.00	0.38
SMC00473	SMC00473_8/13/2008_1	8/13/2008 0:00:00	BMI	0.84	0.97	0.70																					0.17	0.34																	17.60			
SMC00479	SMC00479_7/13/2011_1	7/13/2011 0:00:00	BMI	0.45	0.52	0.39	0.95	1.00	0.33	0.99	7.00	0.87	0.00	0.00	0.00	0.04	1.00	0.33	0.00	0.00	0.66	4.00	0.50	0.95	0.00	0.31	0.00	0.00	0.00	0.00	0.00	0.00	0.00	2.0e-03	1.00	0.12	1.04	0.00	0.00	0.00	0.54	0.00	0.00	0.00	8.00	0.24	3.00	0.37
SMC00479	SMC00479_8/15/2008_1	8/15/2008 0:00:00	BMI	0.48	0.62	0.35																					0.00	0.23																	6.25			
SMC00479	SMC00479_8/16/2008_1	8/16/2008 0:00:00	BMI	0.41	0.52	0.30																					0.00	0.14																	6.75			
SMC00531	SMC00531_5/18/2009_1	5/18/2009 0:00:00	BMI	0.52	0.64	0.39	0.62	1.00	0.25	0.96	7.90	0.88	0.00	0.00	0.00	0.22	1.00	0.25	0.00	0.00	0.37	5.00	0.55	0.84	0.04	1.30	0.11	0.00	0.00	0.00	0.00	0.00	0.00	0.00	0.00	0.00	1.40	0.00	0.00	0.00	0.67	0.10	1.00	0.25	9.00	0.51	2.00	0.22
SMC00531	SMC00531_8/24/2008	8/24/2008 0:00:00	BMI	0.55	0.73	0.37																					0.10	0.18																	9.65			
SMC00531	SMC00531_8/25/2008	8/25/2008 0:00:00	BMI	0.55	0.73	0.37																					0.10	0.18																	9.65			
SMC00531	SMC00531_8/26/2008	8/26/2008 0:00:00	BMI	0.58	0.64	0.51																					0.13	0.53																	7.55			
SMC00531	SMC00531_8/27/2008	8/27/2008 0:00:00	BMI	0.58	0.64	0.51																					0.13	0.53																	7.55			
SMC00537	SMC00537_8/28/2008	8/28/2008 0:00:00	BMI	0.44	0.51	0.36																					0.00	1.6e-03																	5.65			
SMC00565	SMC00565_8/31/2008_1	8/31/2008 0:00:00	BMI	0.79	1.03	0.55																					0.28	0.02																	17.90			
SMC00577	SMC00577_9/1/2008_1	9/1/2008 0:00:00	BMI	1.05	1.26	0.84																					0.29	0.05																	25.95			
SMC00580	SMC00580_9/2/2008_1	9/2/2008 0:00:00	BMI	0.53	0.69	0.37																					0.31	0.01																	5.40			
SMC00608	SMC00608_6/27/2011_1	6/27/2011 0:00:00	BMI	0.72	0.81	0.63	0.79	1.00	0.10	0.95	10.00	0.71	0.01	0.00	0.00	0.16	2.00	0.20	0.00	0.00	0.86	5.00	0.35	0.91	0.05	3.33	0.35	0.00	0.00	0.00	0.00	0.00	0.00	0.00	0.00	0.00	1.04	0.00	0.00	0.00	0.44	0.01	3.00	0.30	14.00	0.07	5.00	0.35
SMC00616	SMC00616_9/4/2008_1	9/4/2008 0:00:00	BMI	0.70	0.86	0.54																					0.09	0.08																	18.05			
SMC00632	SMC00632_6/13/2011_1	6/13/2011 0:00:00	BMI	0.46	0.58	0.34	0.95	3.00	0.75	0.95	6.00	0.66	0.00	0.00	0.00	0.00	0.00	0.00	0.00	0.00	0.25	5.00	0.55	0.93	0.00	1.90	0.00	0.00	0.00	0.00	0.00	0.00	0.00	0.02	1.00	0.11	1.12	2.0e-03	1.00	0.11	0.55	0.00	0.00	0.00	9.00	0.65	3.00	0.33
SMC00660	SMC00660_9/9/2008_1	9/9/2008 0:00:00	BMI	0.61	0.74	0.48																					0.30	0.07																	13.20			
SMC00665	SMC00665_7/27/2011_1	7/27/2011 0:00:00	BMI	0.50	0.51	0.53	0.20	3.00	0.33	45.44	11.00	0.61	0.06	2.00	0.22	0.48	1.00	0.11	1.50	0.11	0.02	3.00	0.16	0.89	0.05	7.04	0.11	0.00	0.00	0.00	8.0e-03	2.00	0.11	0.00	0.00	0.00	1.07	2.0e-03	1.00	0.05	0.42	0.02	1.00	0.11	18.00	0.05	7.00	0.38
SMC00665	SMC00665_9/10/2008_1	9/10/2008 0:00:00	BMI	0.48	0.56	0.40																					0.13	0.04																	15.30			
SMC00670	SMC00670_5/21/2009_1	5/21/2009 0:00:00	BMI	0.70	0.79	0.60	0.37	1.00	0.11	0.88	9.97	0.71	0.00	0.00	0.00	0.28	2.00	0.22	0.97	0.07	0.14	4.00	0.28	0.74	0.15	2.66	0.28	0.00	0.00	0.00	0.00	0.00	0.00	6.0e-03	1.00	0.07	1.72	0.00	0.00	0.00	0.71	0.26	3.00	0.33	14.00	0.65	5.00	0.35
SMC00670	SMC00670_9/11/2008_1	9/11/2008 0:00:00	BMI	0.80	0.79	0.81																					0.31	0.67																	12.90			
SMC00684	SMC00684_6/27/2011_1	6/27/2011 0:00:00	BMI	0.44	0.44	0.43	0.85	1.00	0.33	0.98	4.00	0.80	0.00	0.00	0.00	0.14	1.00	0.33	0.00	0.00	0.99	3.00	0.60	0.98	0.00	0.00	0.00	0.00	0.00	0.00	0.00	0.00	0.00	2.0e-03	1.00	0.20	0.53	0.00	0.00	0.00	0.27	0.00	0.00	0.00	5.00	2.0e-03	1.00	0.20
SMC00684	SMC00684_9/12/2008_1	9/12/2008 0:00:00	BMI	0.36	0.44	0.27																					0.00	1.97e-03																	3.90			
SMC00686	SMC00686_6/27/2011_1	6/27/2011 0:00:00	BMI	0.46	0.60	0.33	1.00	1.00	1.00	0.92	3.00	0.60	0.00	0.00	0.00	0.00	0.00	0.00	0.00	0.00	0.04	1.00	0.20	0.99	0.00	6.03	0.00	0.00	0.00	0.00	0.00	0.00	0.00	0.00	0.00	0.00	0.50	0.00	0.00	0.00	0.23	0.00	0.00	0.00	5.00	0.87	2.00	0.40
SMC00693	SMC00693_5/31/2010_1	5/31/2010 0:00:00	BMI	1.01	1.03	0.73	0.25	3.00	0.21	60.30	8.00	0.36	0.03	2.00	0.14	0.58	5.00	0.35	1.50	0.09	0.74	7.00	0.31	0.81	0.16	4.57	0.22	0.67	2.00	0.46	0.00	0.00	0.00	0.01	2.00	0.09	1.69	2.0e-03	1.00	0.04	0.70	0.10	1.00	0.07	22.00	0.01	3.00	4.06
SMC00693	SMC00693_9/14/2008	9/14/2008 0:00:00	BMI	0.92	1.20	0.64																					0.18	0.01																	23.05			
SMC00693	SMC00693_9/15/2008	9/15/2008 0:00:00	BMI	0.94	1.11	0.78																					0.27	0.03																	23.20			
SMC00702	SMC00702_7/19/2011_1	7/19/2011 0:00:00	BMI	0.47	0.44	0.50	0.43	1.00	0.16	0.98	7.00	0.77	0.00	0.00	0.00	0.10	1.00	0.16	0.00	0.00	0.08	4.00	0.44	0.93	0.03	3.55	0.22	0.00	0.00	0.00	0.00	0.00	0.00	0.00	0.00	0.00	1.08	0.00	0.00	0.00	0.54	0.21	1.00	0.16	9.00	0.90	4.00	0.44
SMC00702	SMC00702_9/16/2008_1	9/16/2008 0:00:00	BMI	0.60	0.53	0.67																					0.23	0.91																	8.70			
SMC00710	SMC00710_5/19/2009_1	5/19/2009 0:00:00	BMI	0.60	0.78	0.41					5.95						1.00		0.80											0.00							1.07		1.00									
SMC00710	SMC00710_9/17/2008	9/17/2008 0:00:00	BMI	0.75	0.78	0.72																					0.08	0.72																	12.30			
SMC00729	SMC00729_6/3/2009_1	6/3/2009 0:00:00	BMI	0.69	0.85	0.53	0.10	2.00	0.25	0.96	8.42	0.50	3.663004e-03	1.00	0.12	0.58	1.95	0.25	0.00	0.00	0.38	4.00	0.25	0.76	0.16	15.66	0.18	0.00	0.00	0.00	0.00	0.00	0.00	6.0e-03	2.00	0.12	1.72	0.00	0.00	0.00	0.77	0.30	3.00	0.37	16.00	0.32	6.00	0.37
SMC00729	SMC00729_9/18/2008_1	9/18/2008 0:00:00	BMI	0.74	0.85	0.63																					0.17	0.31																	17.60			
SMC00756	SMC00756_6/23/2009_1	6/23/2009 0:00:00	BMI	0.68	0.86	0.50	0.90	1.00	0.11	0.99	8.92	0.69	0.00	0.00	0.00	0.01	1.92	0.22	0.00	0.00	0.91	5.00	0.38	0.94	0.05	2.00	0.23	0.00	0.00	0.00	0.00	0.00	0.00	4.0e-03	1.00	0.07	0.58	0.00	0.00	0.00	0.21	0.06	4.00	0.44	13.00	0.02	5.00	0.38
SMC00756	SMC00756_9/20/2008_1	9/20/2008 0:00:00	BMI	0.68	0.88	0.48																					0.21	0.01																	13.10			
SMC00756	SMC00756_9/21/2008_1	9/21/2008 0:00:00	BMI	0.68	0.88	0.48																					0.21	0.01																	13.10			
SMC00756	SMC00756_9/22/2008_1	9/22/2008 0:00:00	BMI	0.34	0.00	0.68																					0.00	1.00																	1.00			
SMC00756	SMC00756_9/23/2008_1	9/23/2008 0:00:00	BMI	0.34	0.00	0.68																					0.00	1.00																	1.00			
SMC00756	SMC00756_9/24/2008_1	9/24/2008 0:00:00	BMI	0.35	0.26	0.45																					0.11	0.15																	9.00			
SMC00756	SMC00756_9/25/2008_1	9/25/2008 0:00:00	BMI	0.35	0.26	0.45																					0.11	0.15																	9.00			
SMC00766	SMC00766_7/11/2011_1	7/11/2011 0:00:00	BMI	0.42	0.60	0.24	0.32	2.00	0.66	0.87	5.00	0.62	0.00	0.00	0.00	0.00	0.00	0.00	0.00	0.00	0.05	2.00	0.25	0.93	0.00	8.57	0.00	0.00	0.00	0.00	6.0e-03	1.00	0.12	0.00	0.00	0.00	1.12	0.00	0.00	0.00	0.57	0.67	1.00	0.33	8.00	0.93	4.00	0.50
SMC00766	SMC00766_9/26/2008_1	9/26/2008 0:00:00	BMI	0.54	0.56	0.52																					0.07	0.93																	10.35			
SMC00766	SMC00766_9/27/2008_1	9/27/2008 0:00:00	BMI	0.65	0.67	0.64																					0.06	0.82																	13.90			
SMC00772	SMC00772_9/28/2008_1	9/28/2008 0:00:00	BMI	0.98	1.13	0.82																					0.42	0.04																	23.30			
SMC00808	SMC00808_10/1/2008_1	10/1/2008 0:00:00	BMI	0.82	0.94	0.69																					0.17	0.45																	17.45			
SMC00808	SMC00808_10/2/2008_1	10/2/2008 0:00:00	BMI	0.82	0.94	0.69																					0.17	0.45																	17.45			
SMC00808	SMC00808_10/3/2008_1	10/3/2008 0:00:00	BMI	0.59	0.59	0.59																					0.11	0.52																	13.20			
SMC00808	SMC00808_10/4/2008_1	10/4/2008 0:00:00	BMI	0.59	0.59	0.59																					0.11	0.52																	13.20			
SMC00830	SMC00830_10/6/2008_1	10/6/2008 0:00:00	BMI	0.43	0.38	0.47																					0.14	0.05																	6.80			
SMC00831	SMC00831_10/7/2008_1	10/7/2008 0:00:00	BMI	0.50	0.50	0.50																					0.12	0.02																	8.00			
SMC00836	SMC00836_10/8/2008_1	10/8/2008 0:00:00	BMI	0.75	0.85	0.66																					0.24	0.14																	16.10			
SMC00852	SMC00852_10/9/2008_1	10/9/2008 0:00:00	BMI	0.87	0.91	0.83																					0.16	0.02																	24.00			
SMC00857	SMC00857_10/10/2008_1	10/10/2008 0:00:00	BMI	0.50	0.39	0.61																					0.08	0.87																	11.20			
SMC00857	SMC00857_7/13/2011_1	7/13/2011 0:00:00	BMI	0.44	0.38	0.50	0.80	4.00	0.50	35.35	7.00	0.53	0.00	0.00	0.00	0.05	1.00	0.12	2.00	0.15	0.09	4.00	0.30	0.86	6.0e-03	4.79	0.07	2.0e-03	1.00	0.07	0.00	0.00	0.00	0.27	1.00	0.07	1.47	0.00	0.00	0.00	0.70	0.13	2.00	0.25	13.00	0.87	5.00	0.38
SMC00873	SMC00873_10/12/2008_1	10/12/2008 0:00:00	BMI	0.73	0.85	0.60																					0.29	0.23																	13.65			
SMC00873	SMC00873_5/19/2009_1	5/19/2009 0:00:00	BMI	0.76	0.88	0.64					9.95						2.00		0.00											0.00							1.90		0.00									
SMC00899	SMC00899_10/14/2008_1	10/14/2008 0:00:00	BMI	0.29	0.33	0.25																					0.00	0.01																	4.90			
SMC00899	SMC00899_7/12/2011_1	7/12/2011 0:00:00	BMI	0.29	0.33	0.25	0.98	1.00	0.33	0.99	4.00	0.80	0.00	0.00	0.00	0.00	0.00	0.00	0.00	0.00	0.88	2.00	0.40	0.98	0.00	0.00	0.00	0.00	0.00	0.00	0.00	0.00	0.00	0.00	0.00	0.00	0.47	0.00	0.00	0.00	0.23	2.267574e-03	1.00	0.33	5.00	0.01	2.00	0.40
SMC00910	SMC00910_10/16/2008	10/16/2008 0:00:00	BMI	0.72	0.89	0.55																					0.42	4.99e-03																	6.50			
SMC00910	SMC00910_4/30/2009_1	4/30/2009 0:00:00	BMI	0.70	0.90	0.50	0.38	1.00	0.25	0.98	4.82	0.62	0.00	0.00	0.00	0.60	2.00	0.50	0.00	0.00	0.60	2.00	0.25	0.97	0.02	4.50	0.25	0.00	0.00	0.00	0.00	0.00	0.00	0.00	0.00	0.00	1.21	0.00	0.00	0.00	0.67	0.01	1.00	0.25	8.00	4.0e-03	2.00	0.25
SMC00916	SMC00916_10/18/2008_1	10/18/2008 0:00:00	BMI	0.77	0.98	0.57																					0.18	0.07																	22.10			
SMC00921	SMC00921_10/19/2008	10/19/2008 0:00:00	BMI	0.67	0.67	0.67																					0.14	0.53																	13.95			
SMC00921	SMC00921_6/2/2010_1	6/2/2010 0:00:00	BMI	0.62	0.57	0.51	0.26	1.00	0.16	57.95	7.00	0.53	0.02	1.00	0.16	0.06	1.00	0.16	0.00	0.00	0.07	4.00	0.30	0.67	0.14	7.70	0.15	0.00	0.00	0.00	0.00	0.00	0.00	0.00	0.00	0.00	1.85	0.00	0.00	0.00	0.79	0.59	1.00	0.16	13.00	0.54	5.00	23.69
SMC00926	SMC00926_10/24/2008	10/24/2008 0:00:00	BMI	0.56	0.57	0.55																					0.05	0.79																	15.05			
SMC00926	SMC00926_6/28/2010_1	6/28/2010 0:00:00	BMI	0.51	0.62	0.40	0.15	2.00	0.18	0.88	9.00	0.52	0.04	2.00	0.18	0.01	1.00	0.09	0.00	0.00	0.11	8.00	0.47	0.81	4.0e-03	23.84	0.05	0.00	0.00	0.00	0.00	0.00	0.00	0.01	1.00	0.05	1.55	0.00	0.00	0.00	0.63	0.42	2.00	0.18	17.00	0.79	10.00	0.58
SMC00957	SMC00957_10/25/2008	10/25/2008 0:00:00	BMI	0.80	0.92	0.69																					0.17	0.22																	22.05			
SMC00957	SMC00957_6/21/2010_1	6/21/2010 0:00:00	BMI	0.75	0.89	0.62	0.08	1.00	0.09	0.82	11.00	0.50	5.747126e-03	1.00	0.09	0.01	2.00	0.18	0.00	0.00	0.16	8.00	0.36	0.67	0.53	2.66	0.18	0.00	0.00	0.00	0.00	0.00	0.00	0.13	2.00	0.09	1.98	0.00	0.00	0.00	0.77	0.73	2.00	0.18	22.00	0.24	8.00	0.36
SMC00958	SMC00958_10/26/2008_1	10/26/2008 0:00:00	BMI	0.35	0.21	0.48																					0.00	0.79																	9.55			
SMC00958	SMC00958_7/19/2011_1	7/19/2011 0:00:00	BMI	0.21	0.12	0.30	0.07	1.00	0.25	0.70	7.00	0.63	0.00	0.00	0.00	0.00	0.00	0.00	0.00	0.00	0.02	4.00	0.36	0.85	0.00	0.00	0.00	0.00	0.00	0.00	0.00	0.00	0.00	0.11	2.00	0.18	1.34	0.00	0.00	0.00	0.64	0.00	0.00	0.00	11.00	0.70	5.00	0.45
SMC00963	SMC00963_10/31/2008	10/31/2008 0:00:00	BMI	0.80	1.04	0.56																					0.18	0.15																	16.35			
SMC00964	SMC00964_11/1/2008_1	11/1/2008 0:00:00	BMI	0.74	0.66	0.82																					0.45	0.14																	21.70			
SMC00997	SMC00997_11/2/2008	11/2/2008 0:00:00	BMI	0.52	0.54	0.50																					0.05	0.43																	8.90			
SMC01004	SMC01004_11/3/2008_1	11/3/2008 0:00:00	BMI	0.66	0.82	0.50																					0.18	0.04																	10.90			
SMC01004	SMC01004_5/26/2009_1	5/26/2009 0:00:00	BMI	0.70	0.82	0.58	0.20	3.00	0.33	0.83	7.95	0.72	0.00	0.00	0.00	0.29	2.00	0.22	0.00	0.00	0.37	7.00	0.63	0.80	0.61	1.33	0.18	0.00	0.00	0.00	0.00	0.00	0.00	0.00	0.00	0.00	1.48	0.00	0.00	0.00	0.70	0.46	1.00	0.11	11.00	0.04	4.00	0.36
SMC01013	SMC01013_11/4/2008	11/4/2008 0:00:00	BMI	0.62	0.65	0.59																					0.13	0.80																	13.85			
SMC01013	SMC01013_6/24/2010_1	6/24/2010 0:00:00	BMI	0.57	0.72	0.43	0.81	1.00	0.16	0.79	8.00	0.57	0.00	0.00	0.00	0.02	1.00	0.16	0.00	0.00	0.17	4.00	0.28	0.83	8.0e-03	1.33	0.14	0.00	0.00	0.00	0.00	0.00	0.00	0.19	2.00	0.14	1.50	0.00	0.00	0.00	0.67	0.00	0.00	0.00	14.00	0.81	6.00	0.42
SMC01046	SMC01046_11/6/2008	11/6/2008 0:00:00	BMI	0.75	0.79	0.70																					0.20	0.55																	13.10			
SMC01046	SMC01046_5/21/2009_1	5/21/2009 0:00:00	BMI	0.65	0.79	0.51	0.11	1.00	0.16	0.88	6.52	0.46	0.10	2.00	0.33	0.69	2.00	0.33	0.00	0.00	0.29	2.00	0.15	0.84	0.12	3.23	0.15	0.00	0.00	0.00	2.0e-03	1.00	0.07	0.01	1.00	0.07	1.41	2.0e-03	0.82	0.07	0.63	0.08	1.00	0.16	13.00	0.56	6.00	0.46
SMC01049	SMC01049_11/7/2008	11/7/2008 0:00:00	BMI	0.75	1.03	0.46																					0.15	0.14																	19.70			
SMC01096	SMC01096_11/8/2008_1	11/8/2008 0:00:00	BMI	0.62	0.70	0.53																					0.27	2.9e-03																	7.35			
SMC01096	SMC01096_6/7/2010_1	6/7/2010 0:00:00	BMI	0.68	0.76	0.59	0.07	1.00	0.20	0.90	3.00	0.42	0.02	0.00	0.00	0.54	2.00	0.40	0.00	0.00	0.56	4.00	0.57	0.90	0.43	1.33	0.28	0.00	0.00	0.00	0.00	0.00	0.00	0.00	0.00	0.00	1.22	0.00	0.00	0.00	0.63	0.35	1.00	0.20	7.00	2.0e-03	1.00	0.14
SMC01097	SMC01097_11/9/2008_1	11/9/2008 0:00:00	BMI	1.04	1.29	0.79																					0.28	0.09																	24.05			
SMC01128	SMC01128_11/10/2008_1	11/10/2008 0:00:00	BMI	0.69	0.63	0.74																					0.25	0.49																	12.00			
SMC01128	SMC01128_11/11/2008_1	11/11/2008 0:00:00	BMI	0.69	0.63	0.74																					0.25	0.49																	12.00			
SMC01128	SMC01128_11/12/2008_1	11/12/2008 0:00:00	BMI	0.80	0.75	0.84																					0.37	0.52																	12.50			
SMC01128	SMC01128_11/13/2008_1	11/13/2008 0:00:00	BMI	0.80	0.75	0.84																					0.37	0.52																	12.50			
SMC01128	SMC01128_11/14/2008_1	11/14/2008 0:00:00	BMI	0.68	0.60	0.76																					0.27	0.48																	13.65			
SMC01128	SMC01128_11/15/2008_1	11/15/2008 0:00:00	BMI	0.68	0.60	0.76																					0.27	0.48																	13.65			
SMC01142	SMC01142_11/17/2008_1	11/17/2008 0:00:00	BMI	0.91	0.92	0.90																					0.45	0.09																	17.00			
SMC01144	SMC01144_11/18/2008_1	11/18/2008 0:00:00	BMI	1.10	1.29	0.92																					0.31	0.10																	29.30			
SMC01151	SMC01151_11/19/2008_1	11/19/2008 0:00:00	BMI	0.72	0.63	0.80																					0.20	0.66																	14.95			
SMC01151	SMC01151_6/17/2009_1	6/17/2009 0:00:00	BMI	0.60	0.63	0.58	0.27	1.00	0.10	0.87	8.97	0.60	0.00	0.00	0.00	0.14	3.80	0.40	1.00	0.06	0.10	4.00	0.26	0.77	0.16	4.24	0.20	0.00	0.00	0.00	0.00	0.00	0.00	0.08	1.00	0.06	1.59	0.00	0.00	0.00	0.66	0.06	2.00	0.20	15.00	0.65	5.00	0.33
SMC01155	SMC01155_11/20/2008_1	11/20/2008 0:00:00	BMI	1.05	1.23	0.86																					0.22	0.06																	26.10			
SMC01155	SMC01155_5/12/2009_1	5/12/2009 0:00:00	BMI	1.05	1.22	0.88	0.75	4.00	0.20	0.80	13.72	0.50	0.01	1.00	0.05	0.08	3.95	0.20	4.77	0.17	0.78	11.00	0.39	0.72	0.08	7.17	0.21	0.00	0.00	0.00	0.00	0.00	0.00	0.03	2.00	0.07	1.77	0.00	0.00	0.00	0.63	0.08	5.00	0.25	28.00	0.07	6.00	0.21
SMC01158	SMC01158_11/21/2008_1	11/21/2008 0:00:00	BMI	0.52	0.64	0.39																					0.00	0.16																	7.50			
SMC01158	SMC01158_5/20/2009_1	5/20/2009 0:00:00	BMI	0.48	0.62	0.33					5.00						1.00		0.00											0.00							0.86		0.00									
SMC01161	SMC01161_11/22/2008	11/22/2008 0:00:00	BMI	1.02	1.29	0.74																					0.31	0.04																	26.80			
SMC01161	SMC01161_5/27/2010_1	5/27/2010 0:00:00	BMI	1.08	1.21	0.84	0.49	3.00	0.15	58.28	12.00	0.42	0.02	2.00	0.10	0.21	8.00	0.40	2.00	0.07	0.49	9.00	0.32	0.70	0.39	7.40	0.35	2.37	3.00	1.67	0.00	0.00	0.00	0.01	3.00	0.10	2.03	0.00	0.00	0.00	0.75	0.20	3.00	0.15	28.00	0.05	5.00	7.58
SMC01164	SMC01164_11/24/2008_1	11/24/2008 0:00:00	BMI	0.98	1.03	0.93																					0.27	0.15																	27.50			
SMC01164	SMC01164_11/25/2008_1	11/25/2008 0:00:00	BMI	0.64	0.37	0.92																					0.13	0.83																	14.45			
SMC01166	SMC01166_11/26/2008_1	11/26/2008 0:00:00	BMI	0.90	0.99	0.81																					0.20	0.05																	24.15			
SMC01166	SMC01166_11/27/2008_1	11/27/2008 0:00:00	BMI	1.06	1.02	1.10																					0.37	0.18																	33.40			
SMC01172	SMC01172_11/28/2008_1	11/28/2008 0:00:00	BMI	0.90	0.87	0.92																					0.18	0.48																	25.90			
SMC01172	SMC01172_11/29/2008_1	11/29/2008 0:00:00	BMI	0.83	0.76	0.90																					0.18	0.42																	21.00			
SMC01172	SMC01172_6/24/2009_1	6/24/2009 0:00:00	BMI	0.83	0.85	0.81					11.70						2.85		2.95											0.14							2.06		0.75									
SMC01172	SMC01172_6/24/2009_2	6/24/2009 0:00:00	BMI	0.76	0.75	0.77					10.50						2.00		3.05											0.13							2.07		0.00									
SMC01174	SMC01174_11/30/2008_1	11/30/2008 0:00:00	BMI	0.88	1.00	0.75																					0.06	0.55																	15.80			
SMC01174	SMC01174_7/20/2011_1	7/20/2011 0:00:00	BMI	0.71	0.75	0.56	0.69	2.00	0.22	42.92	6.00	0.35	0.02	1.00	0.11	0.00	0.00	0.00	2.00	0.11	0.30	6.00	0.35	0.81	6.0e-03	13.36	0.05	0.00	0.00	0.00	0.00	0.00	0.00	8.0e-03	2.00	0.11	1.70	0.00	0.00	0.00	0.73	0.26	4.00	0.44	17.00	0.56	8.00	0.47
SMC01201	SMC01201_12/3/2008	12/3/2008 0:00:00	BMI	0.92	1.22	0.63																					0.16	0.09																	24.20			
SMC01201	SMC01201_6/2/2010_1	6/2/2010 0:00:00	BMI	0.97	1.03	0.66	0.66	3.00	0.21	60.96	11.00	0.44	0.02	1.00	0.07	0.20	4.00	0.28	2.00	0.08	0.74	6.00	0.24	0.81	0.13	4.72	0.16	0.33	1.00	0.22	0.02	1.00	0.04	2.0e-03	1.00	0.04	1.61	0.00	0.00	0.00	0.62	0.09	2.00	0.14	25.00	0.09	9.00	11.68
SMC01208	SMC01208_12/4/2008_1	12/4/2008 0:00:00	BMI	0.58	0.51	0.66																					0.11	0.48																	8.80			
SMC01208	SMC01208_6/8/2010_1	6/8/2010 0:00:00	BMI	0.54	0.51	0.57	0.88	1.00	0.25	0.95	6.00	0.66	0.05	0.00	0.00	0.05	2.00	0.50	0.00	0.00	0.35	3.00	0.33	0.94	0.03	0.66	0.11	0.00	0.00	0.00	0.00	0.00	0.00	2.0e-03	1.00	0.11	1.22	0.00	0.00	0.00	0.64	0.00	0.00	0.00	9.00	0.47	3.00	0.33
SMC01215	SMC01215_12/5/2008_1	12/5/2008 0:00:00	BMI	0.92	1.04	0.80																					0.28	0.28																	17.70			
SMC01215	SMC01215_7/13/2011_1	7/13/2011 0:00:00	BMI	0.95	1.14	0.76	0.42	2.00	0.15	0.79	11.00	0.55	0.00	0.00	0.00	0.26	5.00	0.38	2.00	0.10	0.48	6.00	0.30	0.57	0.29	9.22	0.30	4.0e-03	1.00	0.05	0.00	0.00	0.00	0.00	0.00	0.00	2.17	0.00	0.00	0.00	0.83	0.17	3.00	0.23	20.00	0.21	5.00	0.25
SMC01257	SMC01257_12/7/2008_1	12/7/2008 0:00:00	BMI	0.68	0.87	0.49																					0.27	0.01																	10.95			
SMC01257	SMC01257_6/16/2011_1	6/16/2011 0:00:00	BMI	0.72	0.87	0.56	0.16	1.00	0.14	0.95	8.00	0.66	0.00	0.00	0.00	0.09	2.00	0.28	0.00	0.00	0.21	4.00	0.33	0.83	0.72	2.98	0.33	0.00	0.00	0.00	0.00	0.00	0.00	6.0e-03	1.00	0.08	1.57	0.00	0.00	0.00	0.73	0.73	2.00	0.28	12.00	0.01	3.00	0.25
SMC01258	SMC01258_12/8/2008	12/8/2008 0:00:00	BMI	0.60	0.55	0.65																					0.08	0.39																	12.00			
SMC01272	SMC01272_4/3/2012_1	4/3/2012 0:00:00	BMI	0.90	0.99	0.82																					0.39	0.09																	26.65			
SMC01278	SMC01278_12/10/2008	12/10/2008 0:00:00	BMI	0.52	0.51	0.53																					0.10	0.58																	8.75			
SMC01278	SMC01278_6/17/2009_1	6/17/2009 0:00:00	BMI	0.42	0.51	0.33	0.96	1.00	0.33	0.98	5.95	0.60	0.00	0.00	0.00	0.00	0.00	0.00	0.00	0.00	0.25	3.00	0.30	0.90	4.0e-03	0.66	0.10	0.00	0.00	0.00	0.00	0.00	0.00	2.0e-03	1.00	0.10	1.28	0.00	0.00	0.00	0.65	0.03	2.00	0.66	10.00	0.58	5.00	0.50
SMC01341	SMC01341_12/12/2008	12/12/2008 0:00:00	BMI	0.38	0.33	0.43																					0.18	0.16																	10.00			
SMC01372	SMC01372_12/15/2008_1	12/15/2008 0:00:00	BMI	0.67	0.74	0.59																					0.25	0.03																	19.90			
SMC01372	SMC01372_12/16/2008_1	12/16/2008 0:00:00	BMI	0.65	0.71	0.59																					0.27	0.03																	18.15			
SMC01383	SMC01383_12/17/2008_1	12/17/2008 0:00:00	BMI	0.24	0.22	0.25																					0.00	0.00																	1.00			
SMC01383	SMC01383_6/1/2010_1	6/1/2010 0:00:00	BMI	0.24	0.22	0.26	1.00	1.00	1.00	0.98	1.00	1.00	0.00	0.00	0.00	0.00	0.00	0.00	0.00	0.00	1.00	1.00	1.00	1.00	0.00	0.00	0.00	0.00	0.00	0.00	0.00	0.00	0.00	0.00	0.00	0.00	0.08	0.00	0.00	0.00	0.03	0.00	0.00	0.00	1.00	0.00	0.00	0.00
SMC01384	SMC01384_12/18/2008	12/18/2008 0:00:00	BMI	0.94	0.89	0.98																					0.29	0.65																	22.90			
SMC01384	SMC01384_6/29/2009_1	6/29/2009 0:00:00	BMI	0.81	0.89	0.73					13.05						5.80		2.60											0.04							1.99		1.00									
SMC01418	SMC01418_12/22/2008_1	12/22/2008 0:00:00	BMI	1.25	1.26	1.24																					0.33	0.33																	40.20			
SMC01452	SMC01452_12/25/2008_1	12/25/2008 0:00:00	BMI	0.40	0.43	0.38																					0.00	0.16																	5.90			
SMC01452	SMC01452_7/15/2010_1	7/15/2010 0:00:00	BMI	0.37	0.45	0.29	0.93	1.00	0.50	0.99	5.00	0.83	0.00	0.00	0.00	0.00	0.00	0.00	0.00	0.00	0.76	3.00	0.50	0.93	0.00	8.57	0.00	0.00	0.00	0.00	0.00	0.00	0.00	2.0e-03	1.00	0.16	0.98	0.00	0.00	0.00	0.48	0.00	0.00	0.00	6.00	0.16	2.00	0.33
SMC01464	SMC01464_12/28/2008_1	12/28/2008 0:00:00	BMI	0.74	0.81	0.68																					0.28	0.21																	10.25			
SMC01512	SMC01512_12/30/2008_1	12/30/2008 0:00:00	BMI	0.61	0.52	0.71																					0.30	0.41																	6.60			
SMC01512	SMC01512_6/23/2010_1	6/23/2010 0:00:00	BMI	0.56	0.52	0.60	0.80	1.00	0.33	0.89	4.00	0.66	0.10	0.00	0.00	0.08	1.00	0.33	0.00	0.00	0.44	1.00	0.16	0.92	0.11	1.33	0.33	0.00	0.00	0.00	0.00	0.00	0.00	2.0e-03	1.00	0.16	1.15	0.00	0.00	0.00	0.61	7.168459e-03	1.00	0.33	6.00	0.41	2.00	0.33
SMC01550	SMC01550_1/4/2009	1/4/2009 0:00:00	BMI	0.70	0.64	0.76																					0.20	0.49																	19.90			
SMC01550	SMC01550_6/25/2009_1	6/25/2009 0:00:00	BMI	0.63	0.64	0.62					9.50						3.00		1.50											0.14							1.90		0.00									
SMC01555	SMC01555_1/5/2009_1	1/5/2009 0:00:00	BMI	0.63	0.77	0.48																					0.33	0.03																	6.00			
SMC01555	SMC01555_6/23/2011_1	6/23/2011 0:00:00	BMI	0.66	0.77	0.54	0.41	1.00	0.25	0.95	4.00	0.66	2.320186e-03	0.00	0.00	0.28	2.00	0.50	0.00	0.00	0.60	2.00	0.33	0.85	0.26	1.33	0.33	0.00	0.00	0.00	0.00	0.00	0.00	0.03	1.00	0.16	1.45	0.00	0.00	0.00	0.73	0.29	1.00	0.25	6.00	0.03	1.00	0.16
SMC01606	SMC01606_1/8/2009	1/8/2009 0:00:00	BMI	0.73	0.86	0.60																					0.16	0.21																	12.50			
SMC01606	SMC01606_5/26/2009_1	5/26/2009 0:00:00	BMI	0.71	0.85	0.58	0.93	2.00	0.33	0.98	8.00	0.61	0.00	0.00	0.00	0.03	2.00	0.33	0.00	0.00	0.68	6.00	0.46	0.87	0.02	13.71	0.15	0.00	0.00	0.00	2.0e-03	1.00	0.07	4.0e-03	1.00	0.07	1.20	2.0e-03	1.00	0.07	0.53	0.02	1.00	0.16	13.00	0.22	4.00	0.30
SMC01640	SMC01640_1/10/2009_1	1/10/2009 0:00:00	BMI	0.45	0.33	0.58																					0.00	0.79																	4.85			
SMC01640	SMC01640_6/29/2009_1	6/29/2009 0:00:00	BMI	0.37	0.32	0.42					4.80						0.95		0.00											0.00							0.58		0.00									
SMC01655	SMC01655_1/11/2009_1	1/11/2009 0:00:00	BMI	1.05	1.16	0.93																					0.43	0.02																	16.00			
SMC01656	SMC01656_1/12/2009_1	1/12/2009 0:00:00	BMI	0.75	0.83	0.67																					0.12	0.36																	15.65			
SMC01676	SMC01676_1/14/2009_1	1/14/2009 0:00:00	BMI	0.86	1.00	0.73																					0.25	0.09																	23.65			
SMC01684	SMC01684_1/15/2009_1	1/15/2009 0:00:00	BMI	0.41	0.33	0.48																					0.00	0.72																	4.35			
SMC01684	SMC01684_6/3/2009_1	6/3/2009 0:00:00	BMI	0.31	0.33	0.30	1.00	3.00	1.00	0.99	2.90	0.60	0.00	0.00	0.00	0.00	0.00	0.00	0.00	0.00	0.28	3.00	0.60	0.99	0.00	1.26	0.00	0.00	0.00	0.00	0.00	0.00	0.00	0.00	0.00	0.00	0.64	0.00	0.00	0.00	0.41	0.00	0.00	0.00	5.00	0.71	1.00	0.20
SMC01689	SMC01689_1/16/2009_1	1/16/2009 0:00:00	BMI	0.38	0.33	0.44																					0.00	0.27																	9.40			
SMC01692	SMC01692_1/17/2009_1	1/17/2009 0:00:00	BMI	0.80	1.00	0.60																					0.22	0.02																	11.90			
SMC01692	SMC01692_6/20/2011_1	6/20/2011 0:00:00	BMI	0.88	1.08	0.68	0.09	1.00	0.10	0.79	8.00	0.57	2.040816e-03	0.00	0.00	0.40	3.00	0.30	1.00	0.07	0.33	7.00	0.50	0.86	0.65	2.00	0.21	0.00	0.00	0.00	0.00	0.00	0.00	0.00	0.00	0.00	1.44	0.00	0.00	0.00	0.69	0.48	2.00	0.20	14.00	0.02	6.00	0.42
SMC01694	SMC01694_1/18/2009	1/18/2009 0:00:00	BMI	0.45	0.35	0.55																					0.13	0.91																	7.55			
SMC01694	SMC01694_6/28/2010_1	6/28/2010 0:00:00	BMI	0.39	0.35	0.43	0.58	1.00	0.25	0.98	7.00	0.87	0.00	0.00	0.00	0.00	0.00	0.00	0.00	0.00	0.07	3.00	0.37	0.94	0.02	4.19	0.25	0.00	0.00	0.00	0.00	0.00	0.00	0.00	0.00	0.00	0.94	0.00	0.00	0.00	0.45	0.20	1.00	0.25	8.00	0.90	4.00	0.50
SMC01705	SMC01705_1/19/2009_1	1/19/2009 0:00:00	BMI	0.97	0.90	1.03																					0.46	0.61																	24.85			
SMC01705	SMC01705_5/14/2009_1	5/14/2009 0:00:00	BMI	0.82	0.85	0.78					12.50						8.40	0.38	1.75	0.08							0.44	0.02		0.18							1.66		0.00						25.00			
SMC01716	SMC01716_1/21/2009_1	1/21/2009 0:00:00	BMI	0.42	0.38	0.45																					0.00	0.01																	3.90			
SMC01716	SMC01716_6/8/2010_1	6/8/2010 0:00:00	BMI	0.48	0.47	0.49	0.99	1.00	0.33	1.00	4.00	1.00	0.00	0.00	0.00	2.020202e-03	1.00	0.33	0.00	0.00	1.00	4.00	1.00	0.99	0.00	0.00	0.00	0.00	0.00	0.00	0.00	0.00	0.00	0.00	0.00	0.00	0.08	0.00	0.00	0.00	0.02	0.00	0.00	0.00	4.00	0.01	2.00	0.50
SMC01717	SMC01717_1/22/2009_1	1/22/2009 0:00:00	BMI	0.60	0.66	0.53																					0.00	0.33																	16.25			
SMC01717	SMC01717_5/28/2009_1	5/28/2009 0:00:00	BMI	0.63	0.64	0.63					10.80						1.00		0.00											0.08							1.81		1.75									
SMC01726	SMC01726_1/23/2009	1/23/2009 0:00:00	BMI	0.59	0.66	0.53																					0.14	0.12																	13.75			
SMC01726	SMC01726_6/30/2010_1	6/30/2010 0:00:00	BMI	0.58	0.66	0.50	0.37	1.00	0.11	0.87	11.00	0.73	0.01	0.00	0.00	0.04	2.00	0.22	0.00	0.00	0.44	8.00	0.53	0.79	0.44	1.33	0.13	0.00	0.00	0.00	0.00	0.00	0.00	4.0e-03	1.00	0.06	1.76	0.00	0.00	0.00	0.72	0.52	3.00	0.33	15.00	0.12	6.00	0.40
SMC01748	SMC01748_1/25/2009_1	1/25/2009 0:00:00	BMI	0.81	0.84	0.78																					0.31	0.65																	15.25			
SMC01748	SMC01748_6/3/2009_1	6/3/2009 0:00:00	BMI	0.73	0.86	0.60	0.77	1.00	0.12	0.98	10.67	0.68	0.01	1.00	0.12	0.06	2.85	0.37	0.00	0.00	0.21	4.00	0.25	0.85	0.04	4.31	0.31	2.0e-03	1.00	0.06	0.12	1.00	0.06	6.0e-03	1.00	0.06	1.46	0.00	0.00	0.00	0.65	0.07	2.00	0.25	16.00	0.66	4.00	0.25
SMC01784	SMC01784_4/4/2012_1	4/4/2012 0:00:00	BMI	0.76	0.76	0.77																					0.14	0.16																	21.20			
SMC01811	SMC01811_1/28/2009	1/28/2009 0:00:00	BMI	0.75	0.90	0.60																					0.15	0.49																	12.70			
SMC01814	SMC01814_1/29/2009	1/29/2009 0:00:00	BMI	0.53	0.45	0.61																					0.08	0.40																	11.55			
SMC01814	SMC01814_1/30/2009	1/30/2009 0:00:00	BMI	0.53	0.45	0.61																					0.08	0.40																	11.55			
SMC01824	SMC01824_2/2/2009_1	2/2/2009 0:00:00	BMI	0.70	0.84	0.57																					0.07	0.50																	9.60			
SMC01849	SMC01849_2/3/2009_1	2/3/2009 0:00:00	BMI	1.03	1.13	0.93																					0.41	0.01																	23.95			
SMC01860	SMC01860_2/4/2009_1	2/4/2009 0:00:00	BMI	0.59	0.64	0.55																					0.27	0.14																	11.00			
SMC01881	SMC01881_2/5/2009_1	2/5/2009 0:00:00	BMI	0.44	0.40	0.48																					0.00	0.55																	10.70			
SMC01881	SMC01881_2/6/2009_1	2/6/2009 0:00:00	BMI	0.43	0.38	0.48																					0.00	0.45																	10.40			
SMC01902	SMC01902_2/8/2009_1	2/8/2009 0:00:00	BMI	0.61	0.76	0.45																					0.08	0.06																	11.65			
SMC01909	SMC01909_2/9/2009_1	2/9/2009 0:00:00	BMI	0.98	1.16	0.81																					0.14	0.33																	26.35			
SMC01909	SMC01909_6/8/2009_1	6/8/2009 0:00:00	BMI	0.98	1.16	0.80					12.90						4.00		2.70											0.00							2.63		0.00									
SMC01923	SMC01923_2/11/2009_1	2/11/2009 0:00:00	BMI	0.62	0.59	0.65																					0.11	0.51																	16.80			
SMC01923	SMC01923_7/12/2011_1	7/12/2011 0:00:00	BMI	0.54	0.60	0.48	0.81	4.00	0.36	0.90	10.00	0.62	4.149378e-03	1.00	0.09	4.149378e-03	1.00	0.09	1.00	0.06	0.43	8.00	0.50	0.85	0.04	1.33	0.12	0.00	0.00	0.00	0.00	0.00	0.00	0.07	1.00	0.06	1.50	2.0e-03	0.00	0.00	0.68	0.09	1.00	0.09	16.00	0.50	7.00	0.43
SMC01934	SMC01934_2/12/2009_1	2/12/2009 0:00:00	BMI	0.61	0.67	0.54																					0.28	0.25																	13.10			
SMC01953	SMC01953_2/13/2009_1	2/13/2009 0:00:00	BMI	1.07	1.27	0.87																					0.35	0.10																	28.00			
SMC01960	SMC01960_2/14/2009_1	2/14/2009 0:00:00	BMI	0.55	0.47	0.63																					0.21	0.87																	12.70			
SMC01960	SMC01960_6/23/2010_1	6/23/2010 0:00:00	BMI	0.51	0.51	0.52	0.32	1.00	0.12	0.94	9.00	0.64	0.02	0.00	0.00	0.01	1.00	0.12	0.00	0.00	0.11	4.00	0.28	0.83	0.02	3.61	0.28	0.00	0.00	0.00	0.00	0.00	0.00	0.02	1.00	0.07	1.53	0.00	0.00	0.00	0.67	0.20	3.00	0.37	14.00	0.87	7.00	0.50
SMC01962	SMC01962_2/15/2009	2/15/2009 0:00:00	BMI	0.61	0.66	0.55																					0.00	0.78																	8.50			
SMC01962	SMC01962_6/8/2010_1	6/8/2010 0:00:00	BMI	0.45	0.44	0.34	0.10	2.00	0.50	49.57	4.00	0.40	0.00	0.00	0.00	0.00	0.00	0.00	0.00	0.00	0.02	2.00	0.20	0.80	0.00	13.52	0.00	0.00	0.00	0.00	4.0e-03	1.00	0.10	0.02	2.00	0.20	1.56	4.0e-03	1.00	0.10	0.73	0.87	1.00	0.25	10.00	0.79	6.00	32.80
SMC01972	SMC01972_2/16/2009_1	2/16/2009 0:00:00	BMI	0.44	0.43	0.44																					0.17	3.7e-03																	5.85			
SMC01972	SMC01972_6/7/2010_1	6/7/2010 0:00:00	BMI	0.45	0.45	0.45	0.98	1.00	0.25	0.99	4.00	0.80	4.62963e-03	1.00	0.25	0.00	0.00	0.00	0.00	0.00	0.86	3.00	0.60	0.99	4.0e-03	0.66	0.20	0.00	0.00	0.00	0.00	0.00	0.00	0.00	0.00	0.00	0.46	0.00	0.00	0.00	0.25	0.00	0.00	0.00	5.00	2.0e-03	1.00	0.20
SMC01979	SMC01979_2/17/2009_1	2/17/2009 0:00:00	BMI	0.94	0.98	0.91																					0.56	0.03																	27.40			
SMC01979	SMC01979_7/14/2011_1	7/14/2011 0:00:00	BMI	0.99	0.97	1.00	0.09	3.00	0.12	0.78	13.00	0.43	0.07	3.00	0.12	0.58	13.00	0.54	2.00	0.06	0.51	5.00	0.16	0.69	0.44	10.00	0.50	0.19	11.00	0.36	0.00	0.00	0.00	0.03	7.00	0.23	2.05	0.08	2.00	0.06	0.76	0.22	2.00	0.08	30.00	0.01	3.00	0.10
SMC01982	SMC01982_2/18/2009_1	2/18/2009 0:00:00	BMI	0.51	0.54	0.48																					0.00	0.88																	5.75			
SMC01987	SMC01987_2/19/2009_1	2/19/2009 0:00:00	BMI	0.82	1.05	0.60																					0.19	0.22																	19.80			
SMC01987	SMC01987_2/20/2009_1	2/20/2009 0:00:00	BMI	0.73	0.83	0.63																					0.17	0.79																	11.85			
SMC01990	SMC01990_2/21/2009_1	2/21/2009 0:00:00	BMI	0.68	0.67	0.69																					0.06	0.57																	16.40			
SMC01990	SMC01990_5/21/2009_1	5/21/2009 0:00:00	BMI	0.57	0.63	0.50					8.15						0.95		0.00											0.00							1.15		1.70									
SMC02006	SMC02006_2/22/2009_1	2/22/2009 0:00:00	BMI	0.56	0.39	0.74																					0.16	0.80																	6.25			
SMC02006	SMC02006_5/26/2009_1	5/26/2009 0:00:00	BMI	0.43	0.39	0.46	0.89	1.00	0.25	0.99	4.85	0.71	0.00	0.00	0.00	0.00	0.00	0.00	0.87	0.14	0.11	2.00	0.28	0.98	0.01	3.20	0.14	0.00	0.00	0.00	0.00	0.00	0.00	0.00	0.00	0.00	0.65	0.00	0.00	0.00	0.32	0.10	3.00	0.75	7.00	0.81	3.00	0.42
SMC02028	SMC02028_2/23/2009_1	2/23/2009 0:00:00	BMI	0.75	0.81	0.68																					0.31	0.29																	12.65			
SMC02058	SMC02058_2/24/2009_1	2/24/2009 0:00:00	BMI	1.12	1.18	1.05																					0.28	0.41																	22.90			
SMC02059	SMC02059_2/25/2009_1	2/25/2009 0:00:00	BMI	0.50	0.63	0.37																					0.19	0.03																	9.15			
SMC02059	SMC02059_2/26/2009_1	2/26/2009 0:00:00	BMI	0.51	0.62	0.39																					0.06	0.01																	9.55			
SMC02123	SMC02123_3/2/2009_1	3/2/2009 0:00:00	BMI	0.77	0.98	0.56																					0.31	0.03																	12.50			
SMC02127	SMC02127_3/3/2009_1	3/3/2009 0:00:00	BMI	0.93	0.99	0.86																					0.35	0.40																	25.00			
SMC02127	SMC02127_6/4/2009_1	6/4/2009 0:00:00	BMI	0.86	1.00	0.72	0.71	2.00	0.12	0.88	11.22	0.44	0.02	2.00	0.12	0.13	7.00	0.43	1.00	0.04	0.43	4.00	0.16	0.78	0.08	18.38	0.36	0.02	2.00	0.08	0.00	0.00	0.00	0.02	2.00	0.08	1.81	0.00	0.00	0.00	0.72	0.01	2.00	0.12	25.00	0.41	9.00	0.36
SMC02145	SMC02145_3/5/2009_1	3/5/2009 0:00:00	BMI	1.02	1.20	0.85																					0.28	0.12																	28.40			
SMC02145	SMC02145_3/6/2009_1	3/6/2009 0:00:00	BMI	1.02	1.20	0.85																					0.28	0.12																	28.40			
SMC02145	SMC02145_7/19/2011_1	7/19/2011 0:00:00	BMI	1.07	1.14	0.94	0.28	5.00	0.20	33.34	16.00	0.48	0.14	4.00	0.16	0.29	5.00	0.20	5.00	0.15	0.32	9.00	0.27	0.45	0.35	5.33	0.24	0.02	4.00	0.12	0.00	0.00	0.00	0.00	0.00	0.00	2.70	0.01	3.00	0.09	0.90	0.24	6.00	0.24	33.00	0.12	8.00	0.24
SMC02152	SMC02152_3/7/2009_1	3/7/2009 0:00:00	BMI	0.67	0.65	0.70																					0.22	0.94																	13.85			
SMC02167	SMC02167_3/8/2009_1	3/8/2009 0:00:00	BMI	0.94	1.16	0.71																					0.33	0.05																	16.50			
SMC02167	SMC02167_6/7/2010_1	6/7/2010 0:00:00	BMI	0.96	1.17	0.74	0.11	2.00	0.15	0.88	10.00	0.55	2.192982e-03	1.00	0.07	0.07	5.00	0.38	1.00	0.05	0.15	6.00	0.33	0.87	0.75	4.00	0.33	0.01	3.00	0.16	0.00	0.00	0.00	0.01	1.00	0.05	1.21	0.00	0.00	0.00	0.47	0.80	3.00	0.23	18.00	0.06	3.00	0.16
SMC02201	SMC02201_3/10/2009_1	3/10/2009 0:00:00	BMI	0.49	0.43	0.56																					0.00	0.47																	12.85			
SMC02201	SMC02201_3/11/2009_1	3/11/2009 0:00:00	BMI	0.61	0.68	0.55																					0.00	0.76																	11.70			
SMC02206	SMC02206_3/12/2009_1	3/12/2009 0:00:00	BMI	0.56	0.55	0.58																					0.05	0.36																	14.30			
SMC02206	SMC02206_7/19/2011_1	7/19/2011 0:00:00	BMI	0.53	0.62	0.44	0.93	2.00	0.28	0.65	6.00	0.40	0.00	0.00	0.00	6.802721e-03	1.00	0.14	0.00	0.00	0.30	7.00	0.46	0.91	2.0e-03	2.57	0.06	0.00	0.00	0.00	0.01	1.00	0.06	0.31	3.00	0.20	1.50	0.00	0.00	0.00	0.72	0.02	1.00	0.14	15.00	0.35	6.00	0.40
SMC02228	SMC02228_3/14/2009_1	3/14/2009 0:00:00	BMI	0.67	0.82	0.52																					0.26	0.02																	11.15			
SMC02228	SMC02228_6/23/2009_1	6/23/2009 0:00:00	BMI	0.69	0.87	0.52	0.03	1.00	0.14	0.92	7.75	0.66	0.00	0.00	0.00	0.05	1.92	0.28	0.00	0.00	0.03	4.00	0.33	0.90	0.89	2.00	0.25	0.00	0.00	0.00	0.00	0.00	0.00	0.00	0.00	0.00	0.81	0.00	0.00	0.00	0.31	0.90	2.00	0.28	12.00	0.03	3.00	0.25
SMC02246	SMC02246_3/15/2009_1	3/15/2009 0:00:00	BMI	0.83	0.85	0.81																					0.24	0.68																	16.45			
SMC02270	SMC02270_3/16/2009	3/16/2009 0:00:00	BMI	0.66	0.80	0.52																					0.25	0.08																	7.80			
SMC02270	SMC02270_6/30/2010_1	6/30/2010 0:00:00	BMI	0.70	0.84	0.56	0.94	1.00	0.20	0.97	6.00	0.85	9.546539e-03	0.00	0.00	0.02	2.00	0.40	0.00	0.00	0.80	3.00	0.42	0.95	0.03	1.33	0.28	0.00	0.00	0.00	0.00	0.00	0.00	0.00	0.00	0.00	0.79	0.00	0.00	0.00	0.35	0.01	1.00	0.20	7.00	0.08	1.00	0.14
SMC02284	SMC02284_3/17/2009_1	3/17/2009 0:00:00	BMI	0.47	0.43	0.50																					0.00	0.35																	7.55			
SMC02293	SMC02293_3/18/2009_1	3/18/2009 0:00:00	BMI	0.89	1.09	0.70																					0.36	0.10																	21.50			
SMC02302	SMC02302_3/19/2009_1	3/19/2009 0:00:00	BMI	0.28	0.11	0.44																					0.00	0.97																	4.65			
SMC02357	SMC02357_3/20/2009_1	3/20/2009 0:00:00	BMI	0.80	0.94	0.66																					0.44	0.03																	17.15			
SMC02417	SMC02417_3/22/2009_1	3/22/2009 0:00:00	BMI	0.69	0.57	0.82																					0.27	0.71																	10.65			
SMC02417	SMC02417_7/20/2011_1	7/20/2011 0:00:00	BMI	0.62	0.47	0.65	0.30	1.00	0.12	49.48	8.00	0.72	0.00	0.00	0.00	0.04	2.00	0.25	1.00	0.09	0.13	4.00	0.36	0.93	0.17	2.31	0.27	0.00	0.00	0.00	0.00	0.00	0.00	0.00	0.00	0.00	1.06	0.00	0.00	0.00	0.50	0.52	3.00	0.37	11.00	0.71	5.00	0.45
SMC02436	SMC02436_3/23/2009_1	3/23/2009 0:00:00	BMI	0.71	0.76	0.66																					0.28	0.45																	13.95			
SMC02436	SMC02436_5/28/2009_1	5/28/2009 0:00:00	BMI	0.62	0.76	0.49	0.31	1.00	0.11	0.87	9.50	0.66	0.00	0.00	0.00	0.14	1.00	0.11	0.00	0.00	0.24	5.00	0.33	0.66	0.30	3.93	0.26	0.00	0.00	0.00	0.00	0.00	0.00	4.0e-03	1.00	0.06	2.02	0.00	0.00	0.00	0.81	0.35	2.00	0.22	15.00	0.46	6.00	0.40
SMC02452	SMC02452_3/24/2009_1	3/24/2009 0:00:00	BMI	0.70	0.71	0.69																					0.27	0.26																	14.40			
SMC02452	SMC02452_6/30/2011_1	6/30/2011 0:00:00	BMI	0.63	0.63	0.63	0.15	1.00	0.09	0.89	12.00	0.70	0.01	0.00	0.00	0.24	2.00	0.18	1.00	0.05	0.24	6.00	0.35	0.65	0.52	4.92	0.29	8.0e-03	1.00	0.05	6.0e-03	1.00	0.05	2.0e-03	1.00	0.05	1.96	0.00	0.00	0.00	0.80	0.48	4.00	0.36	17.00	0.21	4.00	0.23
SMC02457	SMC02457_3/25/2009	3/25/2009 0:00:00	BMI	0.58	0.78	0.38																					0.16	0.05																	11.80			
SMC02457	SMC02457_5/31/2010_1	5/31/2010 0:00:00	BMI	0.64	0.48	0.51	0.63	2.00	0.40	66.99	11.00	0.84	0.00	0.00	0.00	0.30	2.00	0.40	0.00	0.00	0.21	3.00	0.23	0.81	0.02	8.26	0.15	4.0e-03	1.00	0.18	0.04	2.00	0.15	0.00	0.00	0.00	1.45	2.0e-03	1.00	0.07	0.62	0.05	1.00	0.20	13.00	0.05	5.00	11.69
SMC02536	SMC02536_3/27/2009_1	3/27/2009 0:00:00	BMI	0.68	0.68	0.68																					0.23	0.72																	8.70			
SMC02536	SMC02536_6/29/2011_1	6/29/2011 0:00:00	BMI	0.64	0.71	0.58	0.34	1.00	0.11	0.93	9.00	0.81	0.03	0.00	0.00	0.20	2.00	0.22	0.00	0.00	0.18	6.00	0.54	0.82	0.12	2.00	0.27	0.00	0.00	0.00	0.00	0.00	0.00	0.00	0.00	0.00	1.27	0.00	0.00	0.00	0.54	0.17	1.00	0.11	11.00	0.72	3.00	0.27
SMC02548	SMC02548_3/28/2009_1	3/28/2009 0:00:00	BMI	0.93	0.96	0.90																					0.51	0.02																	19.20			
SMC02563	SMC02563_3/30/2009	3/30/2009 0:00:00	BMI	0.57	0.67	0.48																					0.26	0.10																	10.60			
SMC02563	SMC02563_3/31/2009	3/31/2009 0:00:00	BMI	0.56	0.57	0.55																					0.11	0.35																	15.10			
SMC02563	SMC02563_6/24/2010_1	6/24/2010 0:00:00	BMI	0.49	0.57	0.41	0.91	2.00	0.25	0.92	9.00	0.60	3.636364e-03	0.00	0.00	0.01	1.00	0.12	0.00	0.00	0.56	8.00	0.53	0.86	0.01	8.95	0.13	0.00	0.00	0.00	0.00	0.00	0.00	0.05	2.00	0.13	1.45	0.00	0.00	0.00	0.66	3.636364e-03	1.00	0.12	15.00	0.33	5.00	0.33
SMC02573	SMC02573_4/3/2009_1	4/3/2009 0:00:00	BMI	0.64	0.75	0.52																					0.27	6.8e-03																	10.80			
SMC02573	SMC02573_6/9/2010_1	6/9/2010 0:00:00	BMI	0.67	0.77	0.56	0.25	2.00	0.28	0.97	8.00	0.72	0.00	0.00	0.00	0.56	2.00	0.28	0.00	0.00	0.55	6.00	0.54	0.84	0.12	2.63	0.27	0.00	0.00	0.00	0.00	0.00	0.00	0.00	0.00	0.00	1.51	0.00	0.00	0.00	0.72	0.16	2.00	0.28	11.00	8.0e-03	2.00	0.18
SMC02585	SMC02585_4/4/2009_1	4/4/2009 0:00:00	BMI	0.89	1.03	0.75																					0.25	0.52																	19.55			
SMC02622	SMC02622_4/6/2009_1	4/6/2009 0:00:00	BMI	0.47	0.51	0.44																					0.10	0.27																	8.00			
SMC02622	SMC02622_6/15/2010_1	6/15/2010 0:00:00	BMI	0.44	0.51	0.37	0.96	1.00	0.25	0.98	5.00	0.62	0.01	0.00	0.00	4.761905e-03	1.00	0.25	0.00	0.00	0.40	3.00	0.37	0.97	8.0e-03	0.66	0.12	0.00	0.00	0.00	0.00	0.00	0.00	0.00	0.00	0.00	1.21	0.00	0.00	0.00	0.67	0.01	1.00	0.25	8.00	0.27	2.00	0.25
SMC02644	SMC02644_4/7/2009_1	4/7/2009 0:00:00	BMI	0.72	0.79	0.66																					0.18	0.72																	10.85			
SMC02644	SMC02644_6/30/2011_1	6/30/2011 0:00:00	BMI	0.71	0.79	0.63	0.84	1.00	0.25	0.56	6.00	0.50	0.00	0.00	0.00	0.07	2.00	0.50	0.00	0.00	0.18	2.00	0.16	0.70	0.02	1.33	0.16	0.00	0.00	0.00	0.34	1.00	0.08	0.35	3.00	0.25	1.70	0.00	0.00	0.00	0.77	0.07	1.00	0.25	12.00	0.71	5.00	0.41
SMC02656	SMC02656_4/8/2009_1	4/8/2009 0:00:00	BMI	0.66	0.67	0.65																					0.19	0.22																	13.80			
SMC02656	SMC02656_6/23/2009_1	6/23/2009 0:00:00	BMI	0.64	0.67	0.60	0.68	1.00	0.11	0.83	10.17	0.71	4.987531e-03	0.00	0.00	0.20	2.00	0.22	0.00	0.00	0.64	9.00	0.64	0.87	0.16	2.00	0.21	0.00	0.00	0.00	0.00	0.00	0.00	0.00	0.00	0.00	1.45	0.00	0.00	0.00	0.64	0.02	2.00	0.22	14.00	0.21	4.00	0.28
SMC02702	SMC02702_4/9/2009_1	4/9/2009 0:00:00	BMI	0.50	0.52	0.49																					0.14	0.28																	7.00			
SMC02749	SMC02749_4/11/2009_1	4/11/2009 0:00:00	BMI	0.72	0.77	0.67																					0.17	0.45																	11.20			
SMC02764	SMC02764_4/12/2009_1	4/12/2009 0:00:00	BMI	0.81	0.98	0.65																					0.33	0.07																	23.20			
SMC02774	SMC02774_4/13/2009_1	4/13/2009 0:00:00	BMI	0.69	0.85	0.53																					0.18	8.5e-03																	10.25			
SMC02804	SMC02804_4/14/2009_1	4/14/2009 0:00:00	BMI	0.73	0.88	0.58																					0.26	0.23																	10.75			
SMC02804	SMC02804_6/20/2011_1	6/20/2011 0:00:00	BMI	0.72	0.90	0.55	0.14	1.00	0.14	0.84	7.00	0.58	0.06	0.00	0.00	0.07	2.00	0.28	0.00	0.00	0.14	4.00	0.33	0.75	0.60	2.31	0.25	0.00	0.00	0.00	0.00	0.00	0.00	0.00	0.00	0.00	1.68	0.00	0.00	0.00	0.70	0.68	2.00	0.28	12.00	0.22	3.00	0.25
SMC02873	SMC02873_4/15/2009_1	4/15/2009 0:00:00	BMI	1.12	1.21	1.03																					0.36	0.09																	32.25			
SMC02884	SMC02884_4/16/2009_1	4/16/2009 0:00:00	BMI	0.64	0.64	0.63																					0.30	0.27																	12.55			
SMC02884	SMC02884_6/23/2010_1	6/23/2010 0:00:00	BMI	0.60	0.64	0.56	0.77	1.00	0.12	0.93	11.00	0.78	0.03	0.00	0.00	2.659574e-03	1.00	0.12	0.00	0.00	0.58	3.00	0.21	0.77	0.13	6.19	0.35	0.00	0.00	0.00	0.06	1.00	0.07	2.0e-03	1.00	0.07	1.55	0.00	0.00	0.00	0.63	0.08	4.00	0.50	14.00	0.25	6.00	0.42
SMC02902	SMC02902_4/19/2009_1	4/19/2009 0:00:00	BMI	0.84	1.00	0.68																					0.13	0.70																	14.65			
SMC02902	SMC02902_4/20/2009_1	4/20/2009 0:00:00	BMI	0.84	1.00	0.68																					0.13	0.70																	14.65			
SMC02902	SMC02902_8/2/2011_1	8/2/2011 0:00:00	BMI	0.76	0.83	0.51	0.03	2.00	0.40	28.28	7.00	0.58	0.00	0.00	0.00	4.424779e-03	1.00	0.20	0.00	0.00	0.01	4.00	0.33	0.90	0.01	8.92	0.08	0.00	0.00	0.00	0.01	1.00	0.08	0.00	0.00	0.00	1.47	0.00	0.00	0.00	0.71	0.96	2.00	0.40	12.00	0.70	5.00	0.41
SMC02905	SMC02905_4/21/2009_1	4/21/2009 0:00:00	BMI	0.48	0.53	0.42																					0.00	0.23																	9.30			
SMC02920	SMC02920_4/22/2009_1	4/22/2009 0:00:00	BMI	0.56	0.58	0.54																					0.00	0.55																	9.45			
SMC02933	SMC02933_4/23/2009	4/23/2009 0:00:00	BMI	0.74	1.01	0.47																					0.12	0.20																	16.60			
SMC02947	SMC02947_4/24/2009_1	4/24/2009 0:00:00	BMI	0.62	0.57	0.68																					0.24	0.89																	10.30			
SMC02947	SMC02947_7/12/2011_1	7/12/2011 0:00:00	BMI	0.57	0.60	0.53	0.25	2.00	0.28	0.74	7.00	0.53	0.00	0.00	0.00	0.01	1.00	0.14	0.00	0.00	0.06	3.00	0.23	0.81	0.01	10.25	0.23	0.00	0.00	0.00	0.00	0.00	0.00	0.06	2.00	0.15	1.61	2.0e-03	1.00	0.07	0.72	0.71	3.00	0.42	13.00	0.88	5.00	0.38
SMC02984	SMC02984_4/27/2009_1	4/27/2009 0:00:00	BMI	0.58	0.56	0.61																					0.15	0.83																	12.80			
SMC02984	SMC02984_6/23/2010_1	6/23/2010 0:00:00	BMI	0.52	0.51	0.53	0.52	2.00	0.28	0.86	7.00	0.50	0.02	0.00	0.00	0.06	1.00	0.14	0.00	0.00	0.09	5.00	0.35	0.81	0.06	2.95	0.21	0.00	0.00	0.00	2.0e-03	1.00	0.07	0.03	1.00	0.07	1.58	2.0e-03	1.00	0.07	0.69	0.20	2.00	0.28	14.00	0.81	8.00	0.57
SMC03011	SMC03011_4/28/2009_1	4/28/2009 0:00:00	BMI	0.66	0.78	0.54																					0.19	0.20																	15.35			
SMC03048	SMC03048_4/5/2012_1	4/5/2012 0:00:00	BMI	0.78	0.96	0.60																					0.10	0.28																	9.70			
SMC03110	SMC03110_4/29/2009_1	4/29/2009 0:00:00	BMI	0.74	0.78	0.70																					0.09	0.88																	21.65			
SMC03110	SMC03110_7/26/2011_1	7/26/2011 0:00:00	BMI	0.66	0.74	0.56	0.10	1.00	0.10	40.90	10.00	0.45	0.51	2.00	0.20	0.12	2.00	0.20	0.00	0.00	0.03	5.00	0.22	0.77	0.01	5.14	0.09	0.00	0.00	0.00	0.04	2.00	0.09	0.03	1.00	0.04	1.50	2.0e-03	1.00	0.04	0.54	0.17	3.00	0.30	22.00	0.87	11.00	0.50
SMC03133	SMC03133_4/30/2009_1	4/30/2009 0:00:00	BMI	0.65	0.64	0.67																					0.43	0.01																	8.85			
SMC03133	SMC03133_6/2/2010_1	6/2/2010 0:00:00	BMI	0.68	0.67	0.70	0.75	1.00	0.14	0.90	7.00	0.70	0.06	1.00	0.14	0.13	3.00	0.42	0.00	0.00	0.67	2.00	0.20	0.86	0.07	2.66	0.40	0.00	0.00	0.00	0.00	0.00	0.00	0.06	2.00	0.20	1.31	0.00	0.00	0.00	0.60	0.04	2.00	0.28	10.00	0.02	2.00	0.20
SMC03210	SMC03210_5/1/2009_1	5/1/2009 0:00:00	BMI	0.87	0.87	0.87																					0.62	0.03																	12.40			
SMC03210	SMC03210_5/2/2009_1	5/2/2009 0:00:00	BMI	0.91	1.02	0.81																					0.52	0.02																	16.85			
SMC03222	SMC03222_5/4/2009_1	5/4/2009 0:00:00	BMI	0.68	0.62	0.74																					0.18	0.79																	13.70			
SMC03268	SMC03268_5/28/2009_1	5/28/2009 0:00:00	BMI	0.71	0.85	0.57	0.47	1.00	0.12	0.86	11.80	0.75	0.04	0.00	0.00	0.12	2.00	0.25	0.00	0.00	0.47	6.00	0.37	0.55	0.21	2.66	0.25	0.00	0.00	0.00	8.0e-03	1.00	0.06	0.03	1.00	0.06	2.15	0.00	0.45	0.00	0.84	0.18	2.00	0.25	16.00	0.16	4.00	0.25
SMC03268	SMC03268_5/6/2009	5/6/2009 0:00:00	BMI	0.71	0.85	0.58																					0.23	0.16																	16.60			
SMC03304	SMC03304_5/8/2009_1	5/8/2009 0:00:00	BMI	0.59	0.67	0.52																					0.28	0.05																	7.00			
SMC03304	SMC03304_6/29/2011_1	6/29/2011 0:00:00	BMI	0.63	0.67	0.60	0.88	1.00	0.14	0.98	8.00	0.88	4.219409e-03	0.00	0.00	0.02	2.00	0.28	0.00	0.00	0.88	4.00	0.44	0.91	0.06	2.00	0.33	0.00	0.00	0.00	0.00	0.00	0.00	0.00	0.00	0.00	0.76	0.00	0.00	0.00	0.29	0.05	1.00	0.14	9.00	0.05	2.00	0.22
SMC03320	SMC03320_4/6/2012_1	4/6/2012 0:00:00	BMI	0.61	0.74	0.49																					0.06	0.04																	15.00			
SMC03401	SMC03401_5/10/2009_1	5/10/2009 0:00:00	BMI	1.13	1.20	1.05																					0.29	0.48																	36.40			
SMC03438	SMC03438_5/11/2009_1	5/11/2009 0:00:00	BMI	0.89	1.03	0.74																					0.21	0.69																	18.15			
SMC03510	SMC03510_5/13/2009_1	5/13/2009 0:00:00	BMI	0.87	0.83	0.90																					0.18	0.32																	20.85			
SMC03510	SMC03510_7/21/2011_1	7/21/2011 0:00:00	BMI	0.85	0.81	0.85	0.13	2.00	0.12	44.94	13.00	0.56	0.01	1.00	0.06	0.15	3.00	0.18	3.50	0.17	0.23	7.00	0.30	0.65	0.46	2.66	0.17	0.00	0.00	0.00	4.0e-03	1.00	0.04	0.06	1.00	0.04	2.03	4.0e-03	1.00	0.04	0.79	0.67	7.00	0.43	23.00	0.31	8.00	0.34
SMC03523	SMC03523_5/14/2009_1	5/14/2009 0:00:00	BMI	0.66	0.72	0.61																					0.11	0.87																	17.50			
SMC03523	SMC03523_5/15/2009_1	5/15/2009 0:00:00	BMI	0.60	0.59	0.60																					0.15	0.92																	12.65			
SMC03533	SMC03533_5/16/2009_1	5/16/2009 0:00:00	BMI	0.59	0.77	0.41																					0.09	0.04																	11.00			
SMC03687	SMC03687_5/19/2009_1	5/19/2009 0:00:00	BMI	0.30	0.33	0.27																					0.00	3.1e-03																	2.55			
SMC03687	SMC03687_6/2/2010_1	6/2/2010 0:00:00	BMI	0.30	0.33	0.27	1.00	1.00	1.00	1.00	3.00	1.00	0.00	0.00	0.00	0.00	0.00	0.00	0.00	0.00	0.99	2.00	0.66	1.00	0.00	0.00	0.00	0.00	0.00	0.00	0.00	0.00	0.00	0.00	0.00	0.00	0.02	0.00	0.00	0.00	7.976e-03	0.00	0.00	0.00	3.00	4.0e-03	2.00	0.66
SMC03737	SMC03737_5/20/2009_1	5/20/2009 0:00:00	BMI	0.63	0.53	0.73																					0.30	0.40																	12.00			
SMC03786	SMC03786_5/21/2009_1	5/21/2009 0:00:00	BMI	1.22	1.22	1.22																					0.46	0.33																	29.90			
SMC03832	SMC03832_5/22/2009_1	5/22/2009 0:00:00	BMI	0.71	0.70	0.72																					0.11	0.58																	17.20			
SMC03929	SMC03929_5/23/2009_1	5/23/2009 0:00:00	BMI	0.91	1.00	0.82																					0.27	0.40																	20.70			
SMC03944	SMC03944_5/24/2009_1	5/24/2009 0:00:00	BMI	0.51	0.45	0.57																					0.13	0.89																	6.80			
SMC03971	SMC03971_5/25/2009_1	5/25/2009 0:00:00	BMI	0.33	0.21	0.45																					0.00	0.89																	8.85			
SMC03971	SMC03971_7/11/2011_1	7/11/2011 0:00:00	BMI	0.25	0.24	0.25	0.02	1.00	0.33	0.98	7.00	0.77	0.00	0.00	0.00	0.00	0.00	0.00	0.00	0.00	0.08	3.00	0.33	0.95	0.00	6.03	0.00	0.00	0.00	0.00	2.0e-03	1.00	0.11	0.01	1.00	0.11	1.07	0.00	0.00	0.00	0.56	0.00	0.00	0.00	9.00	0.90	5.00	0.55
SMC03988	SMC03988_5/27/2009_1	5/27/2009 0:00:00	BMI	0.98	1.21	0.75																					0.25	0.57																	15.65			
SMC03988	SMC03988_6/29/2011_1	6/29/2011 0:00:00	BMI	0.92	1.13	0.71	0.60	1.00	0.12	0.90	9.00	0.50	0.02	1.00	0.12	0.17	3.00	0.37	0.00	0.00	0.32	5.00	0.27	0.77	0.12	2.66	0.22	0.00	0.00	0.00	4.0e-03	1.00	0.05	0.02	2.00	0.11	1.75	4.0e-03	1.00	0.05	0.72	0.16	2.00	0.25	18.00	0.55	7.00	0.38
SMC04008	SMC04008_5/29/2009_1	5/29/2009 0:00:00	BMI	0.92	1.09	0.74																					0.20	0.44																	19.05			
SMC04047	SMC04047_5/14/2009_1	5/14/2009 0:00:00	BMI	0.65	0.91	0.40	0.48	1.00	0.12	0.61	6.87	0.46	7.575758e-03	1.00	0.12	0.21	1.97	0.25	0.00	0.00	0.21	5.00	0.33	0.71	0.06	1.65	0.13	0.00	0.00	0.00	0.00	0.00	0.00	0.30	3.00	0.20	1.76	0.00	0.00	0.00	0.76	0.01	1.00	0.12	15.00	0.78	7.00	0.46
SMC04047	SMC04047_5/30/2009_1	5/30/2009 0:00:00	BMI	0.71	0.88	0.54																					0.13	0.78																	14.95			
SMC04054	SMC04054_5/27/2009_1	5/27/2009 0:00:00	BMI	0.70	0.83	0.56					8.80						1.80		0.00											0.05							2.00		1.00									
SMC04054	SMC04054_5/31/2009_1	5/31/2009 0:00:00	BMI	0.76	0.81	0.71																					0.15	0.59																	18.25			
SMC04086	SMC04086_6/1/2009_1	6/1/2009 0:00:00	BMI	0.95	0.99	0.91																					0.15	0.65																	24.70			
SMC04086	SMC04086_6/2/2009_1	6/2/2009 0:00:00	BMI	1.03	0.97	1.09																					0.24	0.42																	30.25			
SMC04121	SMC04121_6/3/2009_1	6/3/2009 0:00:00	BMI	0.66	0.78	0.55																					0.11	0.67																	17.00			
SMC04132	SMC04132_6/4/2009_1	6/4/2009 0:00:00	BMI	0.73	0.76	0.70																					0.18	0.54																	15.90			
SMC04132	SMC04132_6/5/2009_1	6/5/2009 0:00:00	BMI	0.77	0.84	0.70																					0.17	0.47																	16.50			
SMC04134	SMC04134_6/6/2009_1	6/6/2009 0:00:00	BMI	0.84	0.86	0.83																					0.24	0.36																	20.45			
SMC04134	SMC04134_7/26/2011_1	7/26/2011 0:00:00	BMI	0.75	0.81	0.72	0.03	1.00	0.10	39.39	10.00	0.50	0.08	3.00	0.30	0.66	3.00	0.30	0.00	0.00	0.33	3.00	0.15	0.66	0.18	3.96	0.25	0.00	0.00	0.00	0.24	2.00	0.10	0.01	2.00	0.10	2.11	2.0e-03	1.00	0.05	0.81	0.21	2.00	0.20	20.00	0.36	8.00	0.40
SMC04175	SMC04175_6/11/2009_1	6/11/2009 0:00:00	BMI	0.93	0.97	0.90	0.30	4.00	0.18	0.67	13.90	0.40	0.09	2.00	0.09	0.37	7.00	0.31	3.00	0.08	0.09	7.00	0.20	0.56	0.10	9.84	0.25	0.01	2.00	0.05	0.00	0.00	0.00	0.05	4.00	0.11	2.47	4.0e-03	1.95	0.05	0.86	0.09	5.00	0.22	35.00	0.46	9.00	0.25
SMC04175	SMC04175_6/7/2009_1	6/7/2009 0:00:00	BMI	0.98	0.94	1.03																					0.25	0.46																	34.80			
SMC04239	SMC04239_6/11/2009_1	6/11/2009 0:00:00	BMI	0.91	1.09	0.73	0.32	1.00	0.05	0.79	11.47	0.40	0.01	4.00	0.20	0.20	7.92	0.40	1.00	0.03	0.28	5.00	0.16	0.51	0.21	10.19	0.36	0.02	2.00	0.06	0.00	0.00	0.00	0.10	5.00	0.16	2.48	0.00	0.00	0.00	0.87	0.03	3.00	0.15	30.00	0.52	10.00	0.33
SMC04239	SMC04239_6/9/2009_1	6/9/2009 0:00:00	BMI	0.97	1.05	0.90																					0.37	0.51																	28.60			
SMC04264	SMC04264_6/10/2009_1	6/10/2009 0:00:00	BMI	0.60	0.52	0.68																					0.16	0.93																	11.75			
SMC04294	SMC04294_6/11/2009_1	6/11/2009 0:00:00	BMI	0.91	1.05	0.77																					0.19	0.52																	18.75			
SMC04308	SMC04308_6/12/2009_1	6/12/2009 0:00:00	BMI	0.88	1.01	0.74																					0.21	0.73																	13.80			
SMC04308	SMC04308_6/17/2009_1	6/17/2009 0:00:00	BMI	0.78	1.01	0.55	0.52	1.00	0.14	0.79	8.85	0.64	0.01	0.00	0.00	0.15	1.97	0.28	0.00	0.00	0.23	5.00	0.35	0.70	0.06	2.95	0.21	0.00	0.00	0.00	0.00	0.00	0.00	0.10	2.00	0.14	1.95	0.00	0.00	0.00	0.80	0.10	2.00	0.28	14.00	0.72	6.00	0.42
SMC04309	SMC04309_6/13/2009_1	6/13/2009 0:00:00	BMI	0.91	1.18	0.64																					0.41	0.05																	22.60			
SMC04399	SMC04399_6/11/2009_1	6/11/2009 0:00:00	BMI	0.79	1.00	0.58	0.63	2.00	0.16	0.85	9.85	0.58	9.433962e-03	1.00	0.08	0.22	4.00	0.33	0.00	0.00	0.41	6.00	0.35	0.71	0.22	16.38	0.35	0.00	0.00	0.00	0.00	0.00	0.00	0.00	0.00	0.00	1.84	0.00	0.00	0.00	0.76	0.10	2.00	0.16	17.00	0.15	4.00	0.23
SMC04399	SMC04399_6/15/2009_1	6/15/2009 0:00:00	BMI	0.79	0.95	0.63																					0.36	0.16																	16.30			
SMC04409	SMC04409_6/16/2009_1	6/16/2009 0:00:00	BMI	0.90	1.02	0.78																					0.44	0.03																	16.90			
SMC04426	SMC04426_6/17/2009_1	6/17/2009 0:00:00	BMI	0.94	0.78	1.10																					0.33	0.37																	30.00			
SMC04426	SMC04426_7/25/2011_1	7/25/2011 0:00:00	BMI	0.89	1.04	0.99	0.12	4.00	0.13	27.27	14.00	0.40	0.12	7.00	0.23	0.25	8.00	0.26	4.50	0.11	0.29	7.00	0.20	0.44	0.26	7.65	0.31	0.04	6.00	0.17	0.00	0.00	0.00	0.26	5.00	0.14	2.69	0.08	2.00	0.05	0.89	0.16	7.00	0.23	35.00	0.38	9.00	0.25
SMC04441	SMC04441_6/19/2009_1	6/19/2009 0:00:00	BMI	0.59	0.65	0.53																					0.00	0.44																	14.00			
SMC04532	SMC04532_6/21/2009_1	6/21/2009 0:00:00	BMI	0.69	0.86	0.52																					0.20	0.14																	14.30			
SMC04565	SMC04565_6/22/2009_1	6/22/2009 0:00:00	BMI	1.08	1.18	0.97																					0.43	0.02																	26.25			
SMC04600	SMC04600_4/7/2012_1	4/7/2012 0:00:00	BMI	0.81	0.99	0.64																					0.27	0.02																	18.30			
SMC04661	SMC04661_6/23/2009_1	6/23/2009 0:00:00	BMI	0.98	1.20	0.75																					0.39	0.13																	26.65			
SMC04661	SMC04661_7/18/2011_1	7/18/2011 0:00:00	BMI	1.02	1.22	0.78	0.12	1.00	0.06	37.86	12.00	0.46	0.04	2.00	0.12	0.35	8.00	0.50	0.00	0.00	0.15	5.00	0.19	0.43	0.62	6.66	0.38	0.04	2.00	0.07	0.01	1.00	0.03	0.05	3.00	0.11	2.67	0.00	0.00	0.00	0.90	0.32	2.00	0.12	26.00	0.12	7.00	0.26
SMC04748	SMC04748_6/25/2009_1	6/25/2009 0:00:00	BMI	0.66	0.71	0.62																					0.20	0.13																	19.20			
SMC04748	SMC04748_7/2/2009_1	7/2/2009 0:00:00	BMI	0.71	0.73	0.69					10.65						2.00		0.80											0.00							1.90		0.00									
SMC04749	SMC04749_6/23/2009_1	6/23/2009 0:00:00	BMI	0.59	0.62	0.56	0.74	1.00	0.14	0.64	5.75	0.40	7.380074e-03	2.00	0.28	3.690037e-03	0.90	0.14	1.17	0.06	0.58	4.00	0.26	0.70	2.0e-03	14.95	0.06	0.00	0.00	0.00	0.00	0.00	0.00	0.03	2.00	0.13	1.75	0.00	0.45	0.00	0.76	0.24	2.00	0.28	15.00	0.36	7.00	0.46
SMC04749	SMC04749_6/26/2009_1	6/26/2009 0:00:00	BMI	0.70	0.64	0.75																					0.04	0.36																	15.80			
SMC04750	SMC04750_6/27/2009_1	6/27/2009 0:00:00	BMI	1.04	1.17	0.90																					0.41	0.05																	21.60			
SMC04756	SMC04756_6/28/2009_1	6/28/2009 0:00:00	BMI	0.63	0.63	0.63																					0.12	0.71																	16.30			
SMC04756	SMC04756_7/7/2010_1	7/7/2010 0:00:00	BMI	0.56	0.63	0.48	0.10	3.00	0.27	0.85	12.00	0.66	0.04	1.00	0.09	0.30	2.00	0.18	0.00	0.00	0.09	9.00	0.50	0.71	0.21	3.58	0.16	0.00	0.00	0.00	0.00	0.00	0.00	0.01	1.00	0.05	1.83	0.00	0.00	0.00	0.71	0.30	1.00	0.09	18.00	0.68	6.00	0.33
SMC04806	SMC04806_6/30/2009_1	6/30/2009 0:00:00	BMI	0.83	0.91	0.75																					0.20	0.44																	19.35			
SMC04868	SMC04868_7/1/2009_1	7/1/2009 0:00:00	BMI	0.99	0.98	1.00																					0.46	0.04																	20.85			
SMC04932	SMC04932_7/12/2010_1	7/12/2010 0:00:00	BMI	0.39	0.38	0.39	0.85	1.00	0.20	0.90	7.00	0.53	0.03	2.00	0.40	0.00	0.00	0.00	0.00	0.00	0.31	2.00	0.15	0.77	0.02	7.01	0.07	0.00	0.00	0.00	0.17	2.00	0.15	0.06	2.00	0.15	1.77	2.0e-03	1.00	0.07	0.77	0.04	1.00	0.20	13.00	0.60	10.00	0.76
SMC04932	SMC04932_7/3/2009_1	7/3/2009 0:00:00	BMI	0.44	0.38	0.50																					0.00	0.62																	9.55			
SMC04934	SMC04934_7/4/2009_1	7/4/2009 0:00:00	BMI	0.86	0.96	0.76																					0.06	0.39																	29.20			
SMC04956	SMC04956_7/5/2009_1	7/5/2009 0:00:00	BMI	0.82	1.01	0.64																					0.18	0.07																	21.65			
SMC05017	SMC05017_7/7/2009_1	7/7/2009 0:00:00	BMI	0.59	0.43	0.74																					0.25	0.88																	10.10			
SMC05109	SMC05109_6/23/2009_1	6/23/2009 0:00:00	BMI	0.84	1.01	0.67	0.54	1.00	0.09	0.93	9.90	0.58	0.00	0.00	0.00	0.08	2.00	0.18	1.80	0.11	0.59	6.00	0.35	0.75	0.19	2.98	0.23	0.00	0.00	0.00	0.00	0.00	0.00	2.0e-03	1.00	0.05	1.81	0.00	0.00	0.00	0.74	0.25	5.00	0.45	17.00	0.08	3.00	0.17
SMC05109	SMC05109_7/8/2009_1	7/8/2009 0:00:00	BMI	0.79	1.00	0.59																					0.20	0.09																	16.85			
SMC05165	SMC05165_7/11/2009_1	7/11/2009 0:00:00	BMI	0.84	1.16	0.52																					0.19	0.05																	18.70			
SMC05165	SMC05165_7/12/2009_1	7/12/2009 0:00:00	BMI	0.84	1.16	0.52																					0.17	0.11																	19.55			
SMC05173	SMC05173_4/8/2012_1	4/8/2012 0:00:00	BMI	0.78	1.00	0.56																					0.37	0.01																	18.00			
SMC05199	SMC05199_7/13/2009_1	7/13/2009 0:00:00	BMI	0.98	1.16	0.80																					0.36	0.05																	23.55			
SMC05199	SMC05199_7/6/2011_1	7/6/2011 0:00:00	BMI	1.04	1.19	0.89	0.16	1.00	0.05	0.82	11.00	0.45	4.175365e-03	2.00	0.11	0.61	8.00	0.47	1.00	0.04	0.47	6.00	0.25	0.60	0.47	6.00	0.37	0.11	1.00	0.04	0.00	0.00	0.00	8.0e-03	1.00	0.04	2.14	0.00	0.00	0.00	0.83	0.18	2.00	0.11	24.00	0.03	6.00	0.25
SMC05230	SMC05230_7/14/2009_1	7/14/2009 0:00:00	BMI	0.65	0.84	0.46																					0.28	0.04																	10.50			
SMC05243	SMC05243_6/10/2010_1	6/10/2010 0:00:00	BMI	0.69	0.80	0.57	0.66	1.00	0.11	0.75	7.00	0.53	0.07	0.00	0.00	0.20	3.00	0.33	0.00	0.00	0.57	2.00	0.15	0.83	0.28	17.46	0.46	0.00	0.00	0.00	0.00	0.00	0.00	2.0e-03	1.00	0.07	1.45	0.00	0.00	0.00	0.62	0.03	3.00	0.33	13.00	0.04	3.00	0.23
SMC05247	SMC05247_4/9/2012_1	4/9/2012 0:00:00	BMI	0.91	0.97	0.85																					0.27	0.20																	20.20			
SMC05332	SMC05332_7/17/2009_1	7/17/2009 0:00:00	BMI	0.77	0.82	0.73																					0.19	0.52																	15.70			
SMC05379	SMC05379_7/18/2009_1	7/18/2009 0:00:00	BMI	0.45	0.41	0.48																					0.11	0.41																	9.15			
SMC05423	SMC05423_7/22/2009_1	7/22/2009 0:00:00	BMI	0.79	0.99	0.59																					0.39	0.04																	12.20			
SMC05514	SMC05514_7/23/2009_1	7/23/2009 0:00:00	BMI	1.06	1.25	0.87																					0.38	0.11																	24.30			
SMC05514	SMC05514_7/24/2009_1	7/24/2009 0:00:00	BMI	1.00	1.05	0.95																					0.40	0.11																	23.45			
SMC05524	SMC05524_6/30/2011_1	6/30/2011 0:00:00	BMI	0.68	0.76	0.60	0.25	1.00	0.10	0.81	11.00	0.78	2.202643e-03	1.00	0.10	0.20	1.00	0.10	1.00	0.07	0.27	5.00	0.35	0.73	0.63	4.60	0.35	0.00	0.00	0.00	4.0e-03	1.00	0.07	0.00	0.00	0.00	1.81	0.00	0.00	0.00	0.79	0.37	3.00	0.30	14.00	0.11	5.00	0.35
SMC05524	SMC05524_7/25/2009_1	7/25/2009 0:00:00	BMI	0.66	0.73	0.60																					0.25	0.12																	15.05			
SMC05567	SMC05567_7/26/2009_1	7/26/2009 0:00:00	BMI	1.01	1.13	0.88																					0.22	0.24																	26.25			
SMC05702	SMC05702_6/7/2010_1	6/7/2010 0:00:00	BMI	0.46	0.49	0.36	0.70	1.00	0.20	52.25	6.00	0.54	0.16	2.00	0.40	0.00	0.00	0.00	0.00	0.00	0.04	4.00	0.36	0.92	0.00	0.95	0.00	0.00	0.00	0.00	4.0e-03	1.00	0.09	0.21	1.00	0.09	1.01	4.0e-03	1.00	0.09	0.49	0.08	1.00	0.20	11.00	0.93	8.00	40.86
SMC05702	SMC05702_7/27/2009	7/27/2009 0:00:00	BMI	0.63	0.65	0.60																					0.00	0.92																	12.25			
SMC05759	SMC05759_6/21/2010_1	6/21/2010 0:00:00	BMI	0.86	0.88	0.83	0.06	2.00	0.14	0.91	10.00	0.55	0.00	0.00	0.00	0.44	7.00	0.50	2.00	0.11	0.37	5.00	0.27	0.66	0.53	4.95	0.33	0.00	0.00	0.00	0.00	0.00	0.00	8.0e-03	2.00	0.11	2.03	0.00	0.00	0.00	0.80	0.41	2.00	0.14	18.00	0.07	5.00	0.27
SMC05759	SMC05759_7/28/2009_1	7/28/2009 0:00:00	BMI	0.85	0.88	0.81																					0.29	0.07																	16.70			
SMC05764	SMC05764_7/29/2009_1	7/29/2009 0:00:00	BMI	0.35	0.39	0.31																					0.00	0.09																	5.55			
SMC05902	SMC05902_7/31/2009_1	7/31/2009 0:00:00	BMI	0.61	0.66	0.56																					0.33	0.04																	6.00			
SMC05956	SMC05956_8/1/2009_1	8/1/2009 0:00:00	BMI	0.71	0.73	0.68																					0.18	0.25																	14.90			
SMC05992	SMC05992_4/10/2012_1	4/10/2012 0:00:00	BMI	0.60	0.58	0.62																					0.12	0.84																	7.80			
SMC06019	SMC06019_6/17/2010_1	6/17/2010 0:00:00	BMI	0.50	0.60	0.40	0.92	1.00	0.14	0.97	9.00	0.81	0.00	0.00	0.00	2.487562e-03	1.00	0.14	0.00	0.00	0.80	5.00	0.45	0.91	8.0e-03	0.66	0.09	0.00	0.00	0.00	0.00	0.00	0.00	8.0e-03	1.00	0.09	0.98	0.00	0.00	0.00	0.43	0.01	2.00	0.28	11.00	0.14	6.00	0.54
SMC06019	SMC06019_8/4/2009	8/4/2009 0:00:00	BMI	0.51	0.57	0.44																					0.09	0.13																	10.60			
SMC06030	SMC06030_8/5/2009	8/5/2009 0:00:00	BMI	0.43	0.48	0.38																					0.00	0.17																	11.40			
SMC06036	SMC06036_8/6/2009_1	8/6/2009 0:00:00	BMI	0.77	0.95	0.59																					0.33	0.02																	11.35			
SMC06079	SMC06079_8/7/2009_1	8/7/2009 0:00:00	BMI	0.94	1.02	0.87																					0.26	0.24																	28.05			
SMC06079	SMC06079_8/8/2009_1	8/8/2009 0:00:00	BMI	0.82	0.76	0.88																					0.35	0.22																	16.40			
SMC06216	SMC06216_5/26/2009_1	5/26/2009 0:00:00	BMI	0.88	0.97	0.79	0.30	1.00	0.05	0.68	15.40	0.59	0.01	2.00	0.10	0.24	4.80	0.25	1.77	0.07	0.39	8.00	0.29	0.48	0.36	10.41	0.29	2.0e-03	1.00	0.03	0.00	0.00	0.00	0.15	2.00	0.07	2.44	0.00	0.00	0.00	0.87	0.19	4.00	0.20	27.00	0.27	7.00	0.25
SMC06216	SMC06216_8/11/2009_1	8/11/2009 0:00:00	BMI	0.88	0.96	0.81																					0.28	0.27																	25.30			
SMC06231	SMC06231_8/12/2009_1	8/12/2009 0:00:00	BMI	0.77	0.82	0.73																					0.20	0.82																	13.15			
SMC06302	SMC06302_8/16/2009_1	8/16/2009 0:00:00	BMI	0.65	0.71	0.59																					0.07	0.45																	13.00			
SMC06356	SMC06356_8/18/2009_1	8/18/2009 0:00:00	BMI	0.89	1.01	0.77																					0.29	0.55																	13.65			
SMC06456	SMC06456_8/19/2009_1	8/19/2009 0:00:00	BMI	1.01	1.07	0.95																					0.35	0.27																	27.50			
SMC06458	SMC06458_6/6/2010_1	6/6/2010 0:00:00	BMI	0.57	0.53	0.51	0.73	2.00	0.25	53.60	8.00	0.61	0.02	1.00	0.12	0.21	2.00	0.25	1.00	0.07	0.37	6.00	0.46	0.68	0.03	20.22	0.07	0.00	0.00	0.00	0.00	0.00	0.00	0.14	1.00	0.07	1.86	0.00	0.00	0.00	0.80	4.694836e-03	1.00	0.12	13.00	0.53	6.00	26.48
SMC06458	SMC06458_8/20/2009	8/20/2009 0:00:00	BMI	0.66	0.63	0.68																					0.07	0.53																	12.65			
SMC06467	SMC06467_6/28/2010_1	6/28/2010 0:00:00	BMI	0.95	1.12	0.78	0.73	1.00	0.06	0.82	8.00	0.40	0.08	2.00	0.12	0.11	5.00	0.31	5.00	0.25	0.81	9.00	0.45	0.81	0.10	6.44	0.15	0.00	0.00	0.00	0.00	0.00	0.00	8.0e-03	2.00	0.10	1.32	0.00	0.00	0.00	0.48	0.03	3.00	0.18	20.00	0.03	4.00	0.20
SMC06467	SMC06467_8/21/2009_1	8/21/2009 0:00:00	BMI	0.90	0.90	0.90																					0.14	0.02																	20.25			
SMC06570	SMC06570_8/22/2009_1	8/22/2009 0:00:00	BMI	0.90	1.17	0.63																					0.21	0.30																	11.30			
SMC06612	SMC06612_8/23/2009_1	8/23/2009 0:00:00	BMI	0.59	0.62	0.56																					0.11	0.27																	18.00			
SMC06653	SMC06653_7/1/2010_1	7/1/2010 0:00:00	BMI	0.73	0.78	0.69	0.32	2.00	0.13	0.82	10.00	0.45	0.04	3.00	0.20	0.10	3.00	0.20	2.00	0.09	0.28	5.00	0.22	0.66	0.45	3.30	0.18	0.00	0.00	0.00	0.00	0.00	0.00	0.05	1.00	0.04	2.06	6.0e-03	1.00	0.04	0.81	0.11	4.00	0.26	22.00	0.25	8.00	0.36
SMC06653	SMC06653_8/24/2009	8/24/2009 0:00:00	BMI	0.74	0.73	0.75																					0.19	0.23																	21.05			
SMC06653	SMC06653_8/25/2009	8/25/2009 0:00:00	BMI	0.46	0.33	0.59																					0.37	0.08																	8.00			
SMC06660	SMC06660_8/26/2009_1	8/26/2009 0:00:00	BMI	0.97	0.93	1.01																					0.36	0.12																	26.55			
SMC06660	SMC06660_8/27/2009_1	8/27/2009 0:00:00	BMI	1.01	1.01	1.00																					0.39	0.05																	31.35			
SMC06714	SMC06714_6/6/2010_1	6/6/2010 0:00:00	BMI	0.60	0.75	0.43	0.74	3.00	0.27	58.28	7.00	0.41	0.05	1.00	0.09	0.04	2.00	0.18	0.00	0.00	0.51	8.00	0.47	0.79	0.01	6.32	0.05	0.00	0.00	0.00	0.00	0.00	0.00	0.01	1.00	0.05	1.79	0.00	0.00	0.00	0.74	0.07	2.00	0.18	17.00	0.50	8.00	23.98
SMC06714	SMC06714_8/29/2009	8/29/2009 0:00:00	BMI	0.71	0.81	0.62																					0.06	0.50																	16.55			
SMC06740	SMC06740_8/30/2009_1	8/30/2009 0:00:00	BMI	0.67	0.65	0.68																					0.25	0.51																	11.65			
SMC06794	SMC06794_8/31/2009_1	8/31/2009 0:00:00	BMI	1.03	0.92	1.15																					0.31	0.66																	36.35			
SMC06798	SMC06798_4/11/2012_1	4/11/2012 0:00:00	BMI	0.62	0.79	0.44																					0.14	0.08																	12.50			
SMC06851	SMC06851_9/1/2009_1	9/1/2009 0:00:00	BMI	0.74	0.91	0.56																					0.18	0.22																	16.50			
SMC06904	SMC06904_9/3/2009_1	9/3/2009 0:00:00	BMI	0.84	0.88	0.80																					0.20	0.32																	30.00			
SMC06918	SMC06918_9/4/2009_1	9/4/2009 0:00:00	BMI	0.69	0.78	0.61																					0.00	0.47																	13.00			
SMC06926	SMC06926_7/1/2009_1	7/1/2009 0:00:00	BMI	0.76	0.90	0.62					8.85						3.00		1.90											0.09							2.15		0.00									
SMC06926	SMC06926_9/5/2009	9/5/2009 0:00:00	BMI	0.86	0.93	0.80																					0.23	0.59																	21.35			
SMC06969	SMC06969_9/6/2009_1	9/6/2009 0:00:00	BMI	0.90	0.87	0.92																					0.21	0.61																	31.65			
SMC07085	SMC07085_9/8/2009_1	9/8/2009 0:00:00	BMI	0.55	0.44	0.66																					0.22	0.91																	7.65			
SMC07126	SMC07126_9/9/2009_1	9/9/2009 0:00:00	BMI	0.48	0.45	0.52																					0.00	0.85																	12.85			
SMC07485	SMC07485_4/12/2012_1	4/12/2012 0:00:00	BMI	0.41	0.44	0.38																					0.00	0.20																	8.70			
SMC07828	SMC07828_9/11/2009_1	9/11/2009 0:00:00	BMI	0.41	0.32	0.50																					0.19	0.11																	10.30			
SMC08040	SMC08040_4/13/2012_1	4/13/2012 0:00:00	BMI	0.43	0.45	0.40																					0.00	0.16																	7.75			
SMC08068	SMC08068_9/12/2009_1	9/12/2009 0:00:00	BMI	0.42	0.38	0.47																					0.00	0.94																	5.75			
SMC08089	SMC08089_9/13/2009_1	9/13/2009 0:00:00	BMI	0.85	0.98	0.73																					0.37	0.11																	15.65			
SMC08089	SMC08089_9/14/2009_1	9/14/2009 0:00:00	BMI	0.77	0.81	0.73																					0.41	0.06																	14.00			
SMC08094	SMC08094_9/15/2009_1	9/15/2009 0:00:00	BMI	0.56	0.58	0.55																					0.16	0.67																	11.50			
SMC08150	SMC08150_6/3/2010_1	6/3/2010 0:00:00	BMI	0.75	0.72	0.72	0.23	2.00	0.20	56.94	10.00	0.50	4.672897e-03	0.00	0.00	0.13	2.00	0.20	0.50	0.05	0.15	5.00	0.25	0.49	0.26	4.91	0.20	0.00	0.00	0.00	2.0e-03	1.00	0.05	0.14	4.00	0.20	2.23	2.0e-03	1.00	0.05	0.87	0.62	6.00	0.60	20.00	0.42	10.00	25.25
SMC08150	SMC08150_9/16/2009	9/16/2009 0:00:00	BMI	0.82	0.78	0.85																					0.26	0.42																	15.00			
SMC08157	SMC08157_9/17/2009_1	9/17/2009 0:00:00	BMI	0.72	0.58	0.85																					0.15	0.79																	19.00			
SMC08183	SMC08183_9/18/2009_1	9/18/2009 0:00:00	BMI	0.59	0.59	0.59																					0.14	0.08																	14.20			
SMC08335	SMC08335_7/7/2010_1	7/7/2010 0:00:00	BMI	0.88	1.01	0.76	0.50	1.00	0.05	0.85	15.00	0.55	0.02	2.00	0.10	0.15	6.00	0.31	2.00	0.07	0.29	6.00	0.22	0.56	0.12	10.35	0.29	2.0e-03	1.00	0.03	2.0e-03	1.00	0.03	0.05	4.00	0.14	2.44	2.0e-03	1.00	0.03	0.86	0.13	4.00	0.21	27.00	0.43	10.00	0.37
SMC08335	SMC08335_9/19/2009_1	9/19/2009 0:00:00	BMI	0.91	1.05	0.77																					0.23	0.45																	29.05			
SMC08335	SMC08335_9/20/2009_1	9/20/2009 0:00:00	BMI	0.91	1.05	0.77																					0.23	0.45																	29.05			
SMC08335	SMC08335_9/21/2009_1	9/21/2009 0:00:00	BMI	0.93	1.00	0.86																					0.52	0.19																	16.20			
SMC08335	SMC08335_9/22/2009_1	9/22/2009 0:00:00	BMI	0.93	1.00	0.86																					0.52	0.19																	16.20			
SMC08335	SMC08335_9/23/2009_1	9/23/2009 0:00:00	BMI	0.93	0.96	0.89																					0.38	0.27																	20.90			
SMC08335	SMC08335_9/24/2009_1	9/24/2009 0:00:00	BMI	0.93	0.96	0.89																					0.38	0.27																	20.90			
SMC08335	SMC08335_9/25/2009_1	9/25/2009 0:00:00	BMI	0.93	0.99	0.87																					0.41	0.40																	22.70			
SMC08335	SMC08335_9/26/2009_1	9/26/2009 0:00:00	BMI	0.93	0.99	0.87																					0.41	0.40																	22.70			
SMC08414	SMC08414_9/27/2009_1	9/27/2009 0:00:00	BMI	0.56	0.56	0.55																					0.07	0.80																	12.75			
SMC08426	SMC08426_6/8/2010_1	6/8/2010 0:00:00	BMI	0.53	0.55	0.36	0.51	3.00	0.50	54.94	7.00	0.53	0.08	1.00	0.16	0.00	0.00	0.00	0.00	0.00	0.14	6.00	0.46	0.82	0.00	1.71	0.00	0.00	0.00	0.00	0.01	1.00	0.07	0.01	1.00	0.07	1.42	0.01	1.00	0.07	0.59	0.40	2.00	0.33	13.00	0.82	7.00	36.01
SMC08426	SMC08426_9/28/2009	9/28/2009 0:00:00	BMI	0.63	0.68	0.58																					0.00	0.81																	13.00			
SMC08540	SMC08540_9/29/2009_1	9/29/2009 0:00:00	BMI	0.70	0.90	0.49																					0.16	0.09																	17.55			
SMC08616	SMC08616_4/14/2012_1	4/14/2012 0:00:00	BMI	0.54	0.58	0.50																					0.00	0.61																	7.60			
SMC08616	SMC08616_4/15/2012_1	4/15/2012 0:00:00	BMI	0.47	0.43	0.51																					0.00	0.75																	8.65			
SMC08660	SMC08660_10/1/2009_1	10/1/2009 0:00:00	BMI	0.67	0.63	0.70																					0.15	0.43																	12.50			
SMC08766	SMC08766_10/4/2009_1	10/4/2009 0:00:00	BMI	0.31	0.25	0.38																					0.27	3.77e-03																	6.70			
SMC08766	SMC08766_5/26/2009_1	5/26/2009 0:00:00	BMI	0.33	0.25	0.40	0.50	1.00	0.33	0.95	3.00	0.37	0.00	0.00	0.00	5.780347e-03	0.87	0.33	0.00	0.00	0.17	1.00	0.12	0.95	0.17	1.33	0.25	0.00	0.00	0.00	0.00	0.00	0.00	0.00	0.00	0.00	1.09	0.00	0.00	0.00	0.56	0.48	1.00	0.33	8.00	4.0e-03	2.00	0.25
SMC08845	SMC08845_10/5/2009_1	10/5/2009 0:00:00	BMI	0.50	0.51	0.50																					0.00	0.09																	10.45			
SMC08845	SMC08845_6/22/2009_1	6/22/2009 0:00:00	BMI	0.50	0.51	0.50	0.98	2.00	0.50	0.97	4.77	0.40	0.00	0.00	0.00	0.00	0.00	0.00	1.00	0.10	0.44	2.00	0.20	0.97	0.00	0.00	0.00	0.00	0.00	0.00	2.0e-03	1.00	0.10	0.01	2.00	0.20	1.06	2.0e-03	0.50	0.10	0.59	0.01	2.00	0.50	10.00	0.09	5.00	0.50
SMC08846	SMC08846_10/6/2009_1	10/6/2009 0:00:00	BMI	0.94	1.03	0.84																					0.46	8.5e-03																	20.70			
SMC09091	SMC09091_10/7/2009_1	10/7/2009 0:00:00	BMI	0.50	0.52	0.47																					0.00	0.88																	9.55			
SMC09118	SMC09118_10/8/2009_1	10/8/2009 0:00:00	BMI	0.53	0.49	0.56																					0.08	0.86																	11.75			
SMC09162	SMC09162_10/9/2009_1	10/9/2009 0:00:00	BMI	1.09	1.13	1.05																					0.20	0.53																	28.75			
SMC09162	SMC09162_8/1/2011_1	8/1/2011 0:00:00	BMI	1.07	1.15	0.92	0.51	3.00	0.15	32.82	14.00	0.46	0.23	3.00	0.15	0.11	3.00	0.15	4.00	0.13	0.28	8.00	0.26	0.65	0.10	8.12	0.20	0.00	0.00	0.00	2.0e-03	1.00	0.03	0.14	1.00	0.03	2.22	4.0e-03	2.00	0.06	0.83	0.08	6.00	0.30	30.00	0.53	11.00	0.36
SMC09174	SMC09174_10/10/2009_1	10/10/2009 0:00:00	BMI	0.64	0.60	0.67																					0.10	0.76																	16.10			
SMC09286	SMC09286_10/11/2009	10/11/2009 0:00:00	BMI	0.64	0.61	0.66																					0.17	0.85																	14.50			
SMC09286	SMC09286_10/12/2009	10/12/2009 0:00:00	BMI	0.64	0.61	0.66																					0.17	0.85																	14.50			
SMC09325	SMC09325_10/13/2009_1	10/13/2009 0:00:00	BMI	0.84	1.00	0.68																					0.20	0.30																	14.65			
SMC09325	SMC09325_10/14/2009_1	10/14/2009 0:00:00	BMI	0.81	1.02	0.60																					0.18	0.14																	16.60			
SMC09534	SMC09534_10/16/2009	10/16/2009 0:00:00	BMI	0.37	0.33	0.40																					0.09	0.01																	10.60			
SMC09534	SMC09534_6/17/2009_1	6/17/2009 0:00:00	BMI	0.40	0.35	0.45	0.04	1.00	0.33	0.96	5.72	0.54	0.00	0.00	0.00	2.155172e-03	0.87	0.33	0.87	0.09	0.04	2.00	0.18	0.94	0.88	0.66	0.09	0.00	0.00	0.00	8.0e-03	1.00	0.09	0.01	3.00	0.27	0.55	0.00	0.00	0.00	0.21	0.95	1.00	0.33	11.00	0.01	4.00	0.36
SMC09564	SMC09564_10/17/2009_1	10/17/2009 0:00:00	BMI	0.61	0.74	0.48																					0.30	0.01																	13.30			
SMC09591	SMC09591_10/18/2009_1	10/18/2009 0:00:00	BMI	0.75	0.90	0.59																					0.18	0.01																	14.90			
SMC09591	SMC09591_6/3/2010_1	6/3/2010 0:00:00	BMI	0.74	0.90	0.59	0.09	1.00	0.11	0.93	8.00	0.57	0.00	0.00	0.00	0.08	2.00	0.22	1.00	0.07	0.19	6.00	0.42	0.91	0.76	2.63	0.21	0.00	0.00	0.00	0.00	0.00	0.00	0.01	1.00	0.07	1.00	0.00	0.00	0.00	0.41	0.80	3.00	0.33	14.00	0.02	5.00	0.35
SMC10189	SMC10189_10/21/2009	10/21/2009 0:00:00	BMI	0.64	0.77	0.52																					0.07	0.01																	13.00			
SMC10198	SMC10198_10/22/2009_1	10/22/2009 0:00:00	BMI	0.50	0.30	0.70																					0.25	0.97																	7.45			
SMC10685	SMC10685_10/23/2009	10/23/2009 0:00:00	BMI	0.91	1.10	0.72																					0.24	0.34																	23.75			
SMC10685	SMC10685_7/1/2010_1	7/1/2010 0:00:00	BMI	0.74	0.89	0.59	0.39	2.00	0.14	0.69	11.00	0.47	0.08	2.00	0.14	0.17	3.00	0.21	0.00	0.00	0.30	5.00	0.21	0.54	0.27	4.63	0.26	0.00	0.00	0.00	0.00	0.00	0.00	0.15	3.00	0.13	2.35	0.00	0.00	0.00	0.86	0.23	3.00	0.21	23.00	0.34	7.00	0.30
SMC10756	SMC10756_10/24/2009_1	10/24/2009 0:00:00	BMI	0.66	0.48	0.83																					0.27	0.34																	17.00			
SMC11084	SMC11084_4/16/2012_1	4/16/2012 0:00:00	BMI	0.52	0.62	0.43																					0.16	5.3e-03																	10.40			
SMC11181	SMC11181_10/25/2009_1	10/25/2009 0:00:00	BMI	0.60	0.52	0.67																					0.21	0.80																	9.45			
SMC11343	SMC11343_10/26/2009_1	10/26/2009 0:00:00	BMI	0.93	0.97	0.88																					0.44	0.21																	29.00			
SMC11384	SMC11384_10/27/2009_1	10/27/2009 0:00:00	BMI	1.21	1.28	1.15																					0.33	0.21																	39.00			
SMC11406	SMC11406_10/29/2009_1	10/29/2009 0:00:00	BMI	0.72	0.72	0.72																					0.40	0.76																	14.25			
SMC11430	SMC11430_10/30/2009_1	10/30/2009 0:00:00	BMI	0.94	0.97	0.90																					0.19	0.43																	20.80			
SMC11430	SMC11430_10/31/2009_1	10/31/2009 0:00:00	BMI	0.94	0.97	0.90																					0.19	0.43																	20.80			
SMC11581	SMC11581_11/1/2009_1	11/1/2009 0:00:00	BMI	0.58	0.63	0.52																					0.28	0.05																	10.65			
SMC11581	SMC11581_11/2/2009_1	11/2/2009 0:00:00	BMI	0.56	0.61	0.52																					0.26	0.04																	9.90			
SMC11581	SMC11581_6/29/2009_1	6/29/2009 0:00:00	BMI	0.59	0.63	0.54	0.51	1.00	0.14	0.94	6.97	0.63	0.01	1.00	0.14	0.04	1.97	0.28	0.00	0.00	0.47	3.00	0.27	0.89	0.42	2.00	0.27	0.00	0.00	0.00	0.00	0.00	0.00	0.01	2.00	0.18	1.25	0.00	0.00	0.00	0.62	0.42	1.00	0.14	11.00	0.05	3.00	0.27
SMC11581	SMC11581_6/29/2009_2	6/29/2009 0:00:00	BMI	0.58	0.61	0.54					6.45						1.70		0.00											0.00							1.40		0.00									
SMC11593	SMC11593_11/3/2009_1	11/3/2009 0:00:00	BMI	1.06	1.01	1.11																					0.30	0.46																	32.05			
SMC11685	SMC11685_11/4/2009_1	11/4/2009 0:00:00	BMI	0.72	0.83	0.61																					0.16	0.72																	17.25			
SMC11880	SMC11880_11/6/2009_1	11/6/2009 0:00:00	BMI	0.73	0.77	0.70																					0.15	0.68																	12.90			
SMC11880	SMC11880_11/7/2009_1	11/7/2009 0:00:00	BMI	0.84	0.91	0.77																					0.14	0.88																	13.75			
SMC12185	SMC12185_11/8/2009_1	11/8/2009 0:00:00	BMI	0.80	0.97	0.63																					0.23	0.15																	16.95			
SMC12246	SMC12246_11/9/2009_1	11/9/2009 0:00:00	BMI	0.51	0.41	0.61																					0.00	0.75																	19.65			
SMC12262	SMC12262_11/10/2009_1	11/10/2009 0:00:00	BMI	0.98	1.10	0.86																					0.18	0.25																	21.40			
SMC12814	SMC12814_11/11/2009_1	11/11/2009 0:00:00	BMI	0.93	0.87	0.99																					0.44	0.70																	21.15			
SMC12862	SMC12862_11/12/2009_1	11/12/2009 0:00:00	BMI	0.41	0.38	0.43																					0.33	0.01																	6.00			
SMC12862	SMC12862_6/27/2011_1	6/27/2011 0:00:00	BMI	0.44	0.38	0.50	0.13	1.00	0.33	0.70	4.00	0.66	0.01	0.00	0.00	0.12	1.00	0.33	0.00	0.00	0.11	1.00	0.16	0.86	0.69	1.33	0.33	0.00	0.00	0.00	0.00	0.00	0.00	0.00	0.00	0.00	1.25	0.00	0.00	0.00	0.61	0.71	1.00	0.33	6.00	0.01	1.00	0.16
SMC12942	SMC12942_11/13/2009_1	11/13/2009 0:00:00	BMI	0.55	0.68	0.42																					0.29	0.02																	12.85			
SMC12942	SMC12942_11/14/2009_1	11/14/2009 0:00:00	BMI	0.58	0.69	0.47																					0.37	0.06																	10.55			
SMC13062	SMC13062_11/15/2009_1	11/15/2009 0:00:00	BMI	0.59	0.68	0.51																					0.00	0.75																	8.85			
SMC13076	SMC13076_11/16/2009_1	11/16/2009 0:00:00	BMI	1.11	1.22	1.00																					0.31	0.14																	42.20			
SMC13160	SMC13160_11/17/2009_1	11/17/2009 0:00:00	BMI	0.32	0.17	0.48																					0.00	0.99																	3.90			
SMC13187	SMC13187_11/18/2009_1	11/18/2009 0:00:00	BMI	0.55	0.62	0.47																					0.11	0.09																	14.95			
SMC13214	SMC13214_11/19/2009_1	11/19/2009 0:00:00	BMI	0.57	0.57	0.56																					0.07	0.90																	13.30			
SMC13391	SMC13391_11/20/2009_1	11/20/2009 0:00:00	BMI	0.98	1.09	0.88																					0.43	0.19																	22.80			
SMC13416	SMC13416_11/22/2009_1	11/22/2009 0:00:00	BMI	0.83	0.91	0.76																					0.23	0.51																	13.00			
SMC13508	SMC13508_11/23/2009_1	11/23/2009 0:00:00	BMI	0.42	0.39	0.44																					0.14	0.15																	13.95			
SMC13508	SMC13508_11/24/2009_1	11/24/2009 0:00:00	BMI	0.68	0.92	0.44																					0.24	0.06																	12.15			
SMC13508	SMC13508_11/25/2009_1	11/25/2009 0:00:00	BMI	0.47	0.52	0.43																					0.30	4.82e-03																	6.70			
SMC13508	SMC13508_11/26/2009_1	11/26/2009 0:00:00	BMI	0.73	0.91	0.55																					0.21	0.29																	13.80			
SMC13630	SMC13630_11/28/2009_1	11/28/2009 0:00:00	BMI	0.64	0.76	0.52																					0.30	0.21																	9.85			
SMC13672	SMC13672_11/29/2009_1	11/29/2009 0:00:00	BMI	0.73	0.89	0.56																					0.29	0.08																	15.25			
SMC14099	SMC14099_11/30/2009_1	11/30/2009 0:00:00	BMI	0.65	0.76	0.54																					0.07	0.82																	13.45			
SMC14156	SMC14156_4/17/2012_1	4/17/2012 0:00:00	BMI	0.62	0.77	0.48																					0.22	0.04																	18.00			
SMC14211	SMC14211_12/1/2009_1	12/1/2009 0:00:00	BMI	0.72	0.72	0.72																					0.12	0.36																	15.65			
SMC14218	SMC14218_12/2/2009_1	12/2/2009 0:00:00	BMI	1.09	1.20	0.98																					0.28	0.52																	23.70			
SMC14218	SMC14218_12/3/2009_1	12/3/2009 0:00:00	BMI	1.09	1.20	0.98																					0.28	0.52																	23.70			
SMC14762	SMC14762_12/4/2009_1	12/4/2009 0:00:00	BMI	0.82	0.94	0.71																					0.13	0.12																	14.50			
SMC14952	SMC14952_4/18/2012_1	4/18/2012 0:00:00	BMI	0.54	0.51	0.56																					0.00	0.89																	9.65			
SMC15201	SMC15201_12/5/2009_1	12/5/2009 0:00:00	BMI	0.72	0.77	0.68																					0.35	0.14																	19.25			
SMC15464	SMC15464_12/6/2009_1	12/6/2009 0:00:00	BMI	1.17	1.16	1.17																					0.34	0.53																	38.85			
SMC15608	SMC15608_4/19/2012_1	4/19/2012 0:00:00	BMI	0.79	1.00	0.57																					0.23	0.03																	21.00			
SMC15677	SMC15677_12/7/2009_1	12/7/2009 0:00:00	BMI	0.63	0.63	0.63																					0.28	0.11																	10.70			
SMC15677	SMC15677_6/29/2009_1	6/29/2009 0:00:00	BMI	0.62	0.65	0.59	0.49	1.00	0.12	0.96	6.92	0.63	5.540166e-03	1.00	0.12	0.01	1.00	0.12	0.95	0.09	0.37	3.00	0.27	0.83	0.34	2.00	0.27	0.00	0.00	0.00	0.00	0.00	0.00	4.0e-03	1.00	0.09	1.48	0.00	0.00	0.00	0.72	0.45	2.00	0.25	11.00	0.13	3.00	0.27
SMC15678	SMC15678_12/8/2009_1	12/8/2009 0:00:00	BMI	0.32	0.23	0.40																					0.00	0.96																	2.85			
SMC16045	SMC16045_12/9/2009_1	12/9/2009 0:00:00	BMI	0.58	0.53	0.63																					0.12	0.80																	7.95			
SMC16168	SMC16168_12/10/2009_1	12/10/2009 0:00:00	BMI	0.68	0.64	0.72																					0.32	0.75																	15.15			
SMC16169	SMC16169_12/11/2009_1	12/11/2009 0:00:00	BMI	0.93	0.79	1.07																					0.39	0.55																	15.05			
SMC16232	SMC16232_12/12/2009_1	12/12/2009 0:00:00	BMI	0.49	0.30	0.68																					0.06	0.95																	10.55			
SMC16266	SMC16266_12/13/2009_1	12/13/2009 0:00:00	BMI	0.96	1.06	0.85																					0.17	0.57																	21.50			
SMC16266	SMC16266_8/1/2011_1	8/1/2011 0:00:00	BMI	0.92	0.95	0.76	0.14	2.00	0.20	18.16	7.00	0.33	0.16	2.00	0.20	0.67	4.00	0.40	0.00	0.00	0.11	5.00	0.23	0.62	0.16	4.57	0.19	0.01	1.00	0.04	0.00	0.00	0.00	0.04	2.00	0.09	2.21	0.00	0.00	0.00	0.84	6.097561e-03	1.00	0.10	21.00	0.59	9.00	0.42
SMC16446	SMC16446_12/14/2009_1	12/14/2009 0:00:00	BMI	0.94	0.97	0.90																					0.26	0.33																	21.85			
SMC16516	SMC16516_12/16/2009_1	12/16/2009 0:00:00	BMI	0.66	0.66	0.66																					0.10	0.71																	9.90			
SMC16832	SMC16832_12/17/2009_1	12/17/2009 0:00:00	BMI	0.45	0.64	0.27																					0.11	0.01																	9.00			
SMC16832	SMC16832_12/18/2009_1	12/18/2009 0:00:00	BMI	0.31	0.33	0.28																					0.13	0.02																	7.60			
SMC16892	SMC16892_12/19/2009_1	12/19/2009 0:00:00	BMI	0.60	0.61	0.59																					0.18	0.13																	21.70			
SMC16978	SMC16978_12/20/2009_1	12/20/2009 0:00:00	BMI	0.94	1.13	0.75																					0.30	0.20																	29.70			
SMC16980	SMC16980_12/21/2009_1	12/21/2009 0:00:00	BMI	0.96	1.12	0.81																					0.40	0.05																	25.95			
SMC16980	SMC16980_7/6/2011_1	7/6/2011 0:00:00	BMI	1.08	1.16	1.01	0.19	3.00	0.15	0.68	12.00	0.41	0.02	2.00	0.10	0.35	9.00	0.47	1.00	0.03	0.23	4.00	0.13	0.67	0.70	8.00	0.41	0.20	4.00	0.13	0.00	0.00	0.00	0.02	4.00	0.13	2.22	8.0e-03	2.00	0.06	0.82	0.35	2.00	0.10	29.00	0.04	7.00	0.24
SMC17016	SMC17016_12/22/2009_1	12/22/2009 0:00:00	BMI	0.75	0.82	0.68																					0.05	0.69																	17.75			
SMC17056	SMC17056_12/23/2009_1	12/23/2009 0:00:00	BMI	0.77	0.88	0.67																					0.17	0.16																	22.85			
SMC17056	SMC17056_7/2/2009_1	7/2/2009 0:00:00	BMI	0.81	0.86	0.76					10.85						2.00		2.75											0.00							2.19		0.00									
SMC17266	SMC17266_12/24/2009_1	12/24/2009 0:00:00	BMI	0.76	0.83	0.70																					0.15	0.68																	12.55			
SMC17378	SMC17378_12/25/2009_1	12/25/2009 0:00:00	BMI	0.92	1.08	0.76																					0.24	0.08																	24.20			
SMC17664	SMC17664_12/26/2009_1	12/26/2009 0:00:00	BMI	0.64	0.60	0.67																					0.06	0.90																	14.05			
SMC17692	SMC17692_12/27/2009_1	12/27/2009 0:00:00	BMI	0.84	0.99	0.70																					0.29	0.18																	20.05			
SMC17692	SMC17692_12/28/2009_1	12/28/2009 0:00:00	BMI	0.82	0.96	0.69																					0.20	0.12																	24.45			
SMC17918	SMC17918_12/29/2009_1	12/29/2009 0:00:00	BMI	0.63	0.64	0.62																					0.07	0.86																	11.20			
SMC18046	SMC18046_12/30/2009_1	12/30/2009 0:00:00	BMI	0.94	1.06	0.82																					0.22	0.20																	30.80			
SMC18116	SMC18116_1/2/2010_1	1/2/2010 0:00:00	BMI	0.72	0.84	0.59																					0.14	0.22																	13.50			
SMC18169	SMC18169_1/3/2010_1	1/3/2010 0:00:00	BMI	0.51	0.45	0.57																					0.09	0.97																	8.25			
SMC18250	SMC18250_1/4/2010_1	1/4/2010 0:00:00	BMI	0.54	0.50	0.58																					0.06	0.84																	10.70			
SMC18656	SMC18656_1/6/2010_1	1/6/2010 0:00:00	BMI	0.23	0.22	0.25																					0.00	0.03																	2.00			
SMC18666	SMC18666_1/7/2010_1	1/7/2010 0:00:00	BMI	0.56	0.56	0.57																					0.00	0.78																	8.60			
SMC19228	SMC19228_1/8/2010_1	1/8/2010 0:00:00	BMI	0.72	0.76	0.68																					0.04	0.40																	21.25			
SMC19286	SMC19286_1/9/2010_1	1/9/2010 0:00:00	BMI	0.33	0.40	0.26																					0.00	0.04																	4.65			
SMC19399	SMC19399_1/10/2010_1	1/10/2010 0:00:00	BMI	0.54	0.50	0.59																					0.00	0.73																	8.70			
SMC19466	SMC19466_1/11/2010_1	1/11/2010 0:00:00	BMI	0.60	0.56	0.64																					0.00	0.77																	13.90			
SMC19486	SMC19486_1/12/2010_1	1/12/2010 0:00:00	BMI	0.37	0.34	0.39																					0.00	0.89																	6.95			
SMC19552	SMC19552_1/13/2010_1	1/13/2010 0:00:00	BMI	0.60	0.56	0.63																					0.13	0.84																	14.70			
SMC19669	SMC19669_1/14/2010_1	1/14/2010 0:00:00	BMI	0.91	1.14	0.67																					0.09	0.54																	20.80			
SMC19697	SMC19697_1/15/2010_1	1/15/2010 0:00:00	BMI	0.90	1.11	0.70																					0.32	0.59																	21.50			
SMC20032	SMC20032_1/18/2010_1	1/18/2010 0:00:00	BMI	0.26	0.25	0.28																					0.12	0.02																	7.80			
SMC20092	SMC20092_1/19/2010_1	1/19/2010 0:00:00	BMI	0.90	1.02	0.78																					0.25	0.22																	22.35			
SMC20497	SMC20497_1/20/2010_1	1/20/2010 0:00:00	BMI	0.72	0.74	0.69																					0.22	0.50																	17.00			
SMC20994	SMC20994_1/21/2010_1	1/21/2010 0:00:00	BMI	0.63	0.78	0.47																					0.23	0.04																	8.70			
SMC21069	SMC21069_1/22/2010_1	1/22/2010 0:00:00	BMI	0.58	0.57	0.59																					0.00	0.45																	11.00			
SMC21371	SMC21371_1/23/2010_1	1/23/2010 0:00:00	BMI	0.59	0.52	0.66																					0.17	0.93																	11.40			
SMC21382	SMC21382_1/24/2010_1	1/24/2010 0:00:00	BMI	0.93	1.02	0.85																					0.22	0.28																	22.65			
SMC21796	SMC21796_1/25/2010_1	1/25/2010 0:00:00	BMI	0.59	0.62	0.55																					0.20	0.18																	9.60			
SMC21822	SMC21822_1/26/2010	1/26/2010 0:00:00	BMI	0.83	1.00	0.65																					0.25	0.27																	15.80			
SMC21822	SMC21822_6/21/2010_1	6/21/2010 0:00:00	BMI	0.84	1.02	0.67	0.47	1.00	0.12	0.92	10.00	0.52	0.00	0.00	0.00	0.10	3.00	0.37	0.00	0.00	0.39	3.00	0.15	0.73	0.34	10.21	0.26	0.00	0.00	0.00	0.01	3.00	0.15	0.04	3.00	0.15	1.97	8.0e-03	1.00	0.05	0.79	0.08	2.00	0.25	19.00	0.20	8.00	0.42
SMC21921	SMC21921_1/27/2010_1	1/27/2010 0:00:00	BMI	0.39	0.23	0.55																					0.11	0.97																	5.60			
SMC21921	SMC21921_1/28/2010_1	1/28/2010 0:00:00	BMI	0.41	0.25	0.58																					0.16	0.97																	5.20			
SMC22464	SMC22464_1/29/2010_1	1/29/2010 0:00:00	BMI	0.62	0.60	0.63																					0.12	0.93																	7.80			
SMC22521	SMC22521_1/30/2010_1	1/30/2010 0:00:00	BMI	0.54	0.44	0.65																					0.17	0.82																	9.45			
SMC23297	SMC23297_1/31/2010_1	1/31/2010 0:00:00	BMI	0.68	0.66	0.70																					0.25	0.01																	19.75			
SMC23495	SMC23495_2/1/2010_1	2/1/2010 0:00:00	BMI	0.75	0.77	0.74																					0.05	0.47																	19.00			
SMC24066	SMC24066_2/2/2010_1	2/2/2010 0:00:00	BMI	0.65	0.64	0.66																					0.18	0.55																	10.60			
SMC24222	SMC24222_2/3/2010	2/3/2010 0:00:00	BMI	0.76	0.89	0.64																					0.27	0.22																	14.55			
SMC24222	SMC24222_6/21/2010_1	6/21/2010 0:00:00	BMI	0.74	0.89	0.60	0.25	1.00	0.10	0.90	9.00	0.56	2.457002e-03	0.00	0.00	0.12	3.00	0.30	0.00	0.00	0.24	4.00	0.25	0.63	0.56	5.55	0.31	0.00	0.00	0.00	0.00	0.00	0.00	0.04	2.00	0.12	2.08	0.00	0.00	0.00	0.81	0.18	3.00	0.30	16.00	0.15	4.00	0.25
SMC24921	SMC24921_2/4/2010_1	2/4/2010 0:00:00	BMI	0.27	0.22	0.31																					0.00	0.12																	4.70			
SMC25298	SMC25298_2/6/2010_1	2/6/2010 0:00:00	BMI	0.76	0.72	0.80																					0.27	0.67																	20.90			
SMC25668	SMC25668_2/7/2010_1	2/7/2010 0:00:00	BMI	0.58	0.41	0.75																					0.28	0.91																	9.55			
SMC25668	SMC25668_2/8/2010_1	2/8/2010 0:00:00	BMI	0.68	0.69	0.66																					0.14	0.84																	13.50			
SMC26288	SMC26288_2/9/2010_1	2/9/2010 0:00:00	BMI	0.93	1.07	0.78																					0.20	0.07																	14.65			
SMC26288	SMC26288_5/12/2009_1	5/12/2009 0:00:00	BMI	0.89	1.07	0.71	0.76	4.00	0.33	0.93	5.50	0.33	0.00	0.00	0.00	0.13	3.00	0.25	2.67	0.16	0.71	6.00	0.33	0.84	0.07	5.80	0.16	0.00	0.00	0.00	0.00	0.00	0.00	0.03	1.00	0.05	1.39	0.00	0.00	0.00	0.59	0.08	4.00	0.33	18.00	0.06	6.00	0.33
SMC26670	SMC26670_2/10/2010_1	2/10/2010 0:00:00	BMI	0.66	0.66	0.66																					0.08	0.92																	10.30			
SMC26694	SMC26694_2/11/2010_1	2/11/2010 0:00:00	BMI	0.39	0.30	0.49																					0.00	0.07																	9.00			
SMC26868	SMC26868_2/12/2010_1	2/12/2010 0:00:00	BMI	0.79	0.76	0.83																					0.31	0.65																	12.75			
SMC26909	SMC26909_2/13/2010	2/13/2010 0:00:00	BMI	0.66	0.72	0.60																					0.20	0.40																	11.40			
SMC26909	SMC26909_5/31/2010_1	5/31/2010 0:00:00	BMI	0.58	0.72	0.44	0.83	2.00	0.25	0.98	8.00	0.66	0.01	1.00	0.12	0.03	1.00	0.12	0.00	0.00	0.51	3.00	0.25	0.88	0.07	10.57	0.25	0.00	0.00	0.00	0.00	0.00	0.00	2.0e-03	1.00	0.08	1.33	0.00	0.00	0.00	0.64	0.11	3.00	0.37	12.00	0.39	4.00	0.33
SMC27470	SMC27470_2/14/2010_1	2/14/2010 0:00:00	BMI	0.54	0.54	0.54																					0.00	0.96																	10.40			
SMC27709	SMC27709_2/15/2010	2/15/2010 0:00:00	BMI	0.48	0.56	0.41																					0.17	0.17																	9.35			
SMC27709	SMC27709_5/31/2010_1	5/31/2010 0:00:00	BMI	0.39	0.43	0.35	0.97	1.00	0.33	0.99	7.00	0.77	0.00	0.00	0.00	0.00	0.00	0.00	0.00	0.00	0.21	3.00	0.33	0.94	6.0e-03	20.38	0.22	0.00	0.00	0.00	0.00	0.00	0.00	4.0e-03	1.00	0.11	1.11	0.00	0.00	0.00	0.56	0.02	2.00	0.66	9.00	0.17	3.00	0.33
SMC28068	SMC28068_2/16/2010_1	2/16/2010 0:00:00	BMI	0.66	0.67	0.65																					0.09	0.92																	10.55			
SMC28270	SMC28270_2/17/2010_1	2/17/2010 0:00:00	BMI	0.63	0.60	0.66																					0.18	0.95																	9.35			
SMC31468	SMC31468_2/19/2010_1	2/19/2010 0:00:00	BMI	0.49	0.36	0.62																					0.11	0.96																	8.60			
SMC32468	SMC32468_2/20/2010_1	2/20/2010 0:00:00	BMI	0.71	0.77	0.64																					0.19	0.53																	14.60			
SMC32718	SMC32718_2/21/2010	2/21/2010 0:00:00	BMI	0.78	1.05	0.50																					0.15	0.04																	15.35			
SMC32718	SMC32718_6/3/2010_1	6/3/2010 0:00:00	BMI	0.77	0.71	0.54	0.91	2.00	0.28	62.31	9.00	0.60	0.01	1.00	0.14	0.04	2.00	0.28	0.00	0.00	0.74	5.00	0.33	0.89	4.0e-03	10.75	0.13	0.33	1.00	0.24	0.00	0.00	0.00	0.01	1.00	0.06	1.17	0.00	0.00	0.00	0.50	2.659574e-03	1.00	0.14	15.00	0.05	5.00	10.21
SMC32897	SMC32897_2/22/2010	2/22/2010 0:00:00	BMI	0.63	0.60	0.66																					0.00	0.37																	8.60			
SMC32897	SMC32897_6/21/2010_1	6/21/2010 0:00:00	BMI	0.58	0.64	0.52	0.98	1.00	0.33	0.65	3.00	0.33	0.00	0.00	0.00	0.00	0.00	0.00	1.00	0.11	0.57	1.00	0.11	0.95	0.00	6.98	0.00	0.00	0.00	0.00	4.0e-03	1.00	0.11	0.33	2.00	0.22	1.03	4.0e-03	1.00	0.11	0.55	0.01	2.00	0.66	9.00	0.38	5.00	0.55
SMC33179	SMC33179_2/23/2010_1	2/23/2010 0:00:00	BMI	1.01	1.20	0.82																					0.31	0.34																	25.20			
SMC33670	SMC33670_2/24/2010_1	2/24/2010 0:00:00	BMI	0.54	0.47	0.61																					0.00	0.22																	7.05			
SMC34120	SMC34120_2/25/2010_1	2/25/2010 0:00:00	BMI	0.65	0.75	0.56																					0.00	0.59																	10.60			
SMC34230	SMC34230_2/26/2010_1	2/26/2010 0:00:00	BMI	0.88	0.84	0.92																					0.38	0.60																	21.00			
SMC34646	SMC34646_2/27/2010_1	2/27/2010 0:00:00	BMI	0.41	0.38	0.43																					0.00	0.12																	10.75			
SMC34888	SMC34888_2/28/2010	2/28/2010 0:00:00	BMI	0.93	1.09	0.76																					0.24	0.12																	20.30			
SMC34888	SMC34888_6/24/2010_1	6/24/2010 0:00:00	BMI	0.95	1.15	0.76	0.51	3.00	0.18	0.82	13.00	0.59	0.01	1.00	0.06	0.25	4.00	0.25	2.00	0.09	0.60	10.00	0.45	0.73	0.25	8.76	0.27	0.01	1.00	0.04	0.00	0.00	0.00	0.06	1.00	0.04	1.91	0.00	0.00	0.00	0.75	0.19	3.00	0.18	22.00	0.12	6.00	0.27
SMC35270	SMC35270_3/1/2010_1	3/1/2010 0:00:00	BMI	0.84	0.91	0.76																					0.21	0.78																	17.25			
SMC35418	SMC35418_3/2/2010_1	3/2/2010 0:00:00	BMI	0.81	0.98	0.63																					0.35	0.12																	18.45			
SMC35418	SMC35418_3/3/2010_1	3/3/2010 0:00:00	BMI	0.81	1.03	0.60																					0.26	0.08																	19.00			
SMC35697	SMC35697_3/4/2010_1	3/4/2010 0:00:00	BMI	0.95	1.08	0.82																					0.36	0.38																	20.90			
SMC35837	SMC35837_3/5/2010_1	3/5/2010 0:00:00	BMI	0.68	0.50	0.85																					0.39	0.10																	22.25			
SMC37632	SMC37632_3/6/2010_1	3/6/2010 0:00:00	BMI	0.57	0.63	0.51																					0.13	0.20																	13.35			
SMC37670	SMC37670_3/7/2010_1	3/7/2010 0:00:00	BMI	0.57	0.50	0.64																					0.15	0.86																	11.45			
SMC39062	SMC39062_3/8/2010_1	3/8/2010 0:00:00	BMI	0.64	0.69	0.60																					0.33	0.01																	14.20			
SMC39498	SMC39498_3/9/2010_1	3/9/2010 0:00:00	BMI	0.56	0.72	0.40																					0.15	0.16																	13.15			
SMC40887	SMC40887_3/10/2010_1	3/10/2010 0:00:00	BMI	1.04	1.26	0.82																					0.28	0.18																	28.80			
SMC44210	SMC44210_3/11/2010_1	3/11/2010 0:00:00	BMI	0.59	0.51	0.66																					0.20	0.29																	8.45			
SMC44532	SMC44532_3/12/2010_1	3/12/2010 0:00:00	BMI	0.64	0.67	0.61																					0.00	0.24																	7.00			
SMC44642	SMC44642_3/13/2010_1	3/13/2010 0:00:00	BMI	0.68	0.65	0.71																					0.08	0.69																	11.60			
SMC45253	SMC45253_3/15/2010_1	3/15/2010 0:00:00	BMI	0.63	0.78	0.47																					0.20	0.21																	9.80			
SMC45622	SMC45622_3/16/2010_1	3/16/2010 0:00:00	BMI	1.04	1.13	0.95																					0.27	0.29																	31.05			
SMC45622	SMC45622_3/17/2010_1	3/17/2010 0:00:00	BMI	0.84	0.78	0.90																					0.29	0.43																	20.90			
SMC45745	SMC45745_3/18/2010_1	3/18/2010 0:00:00	BMI	0.89	0.97	0.82																					0.29	0.68																	27.05			
SMC46499	SMC46499_3/19/2010_1	3/19/2010 0:00:00	BMI	1.10	1.27	0.92																					0.20	0.20																	22.45			
SMC48200	SMC48200_3/20/2010_1	3/20/2010 0:00:00	BMI	1.12	1.22	1.03																					0.30	0.51																	36.15			
SMCR8_012	SMCR8_012_5/31/2006_1	5/31/2006 0:00:00	BMI	0.51	0.35	0.67					6.00						1.00		5.00											0.00							1.38		0.00									
SMCR8_012	SMCR8_012_5/9/2010_1	5/9/2010 0:00:00	BMI	0.66	0.35	0.97																					0.23	0.72																	13.00			
SMCR8_019	SMCR8_019_5/10/2010_1	5/10/2010 0:00:00	BMI	0.62	0.67	0.56																					0.39	1.85e-03																	12.60			
SMCR8_019	SMCR8_019_6/15/2006_1	6/15/2006 0:00:00	BMI	0.66	0.64	0.68					7.75						3.00		0.00											0.00							2.13		0.00									
SMCR8_042	SMCR8_042_5/21/2010_1	5/21/2010 0:00:00	BMI	0.29	0.22	0.36																					0.08	0.04																	5.85			
SMCR8_051	SMCR8_051_5/26/2010_1	5/26/2010 0:00:00	BMI	0.46	0.48	0.43																					0.14	0.01																	13.85			
SMCR8_051	SMCR8_051_6/3/2006_1	6/3/2006 0:00:00	BMI	0.53	0.45	0.61					8.30						1.00		0.00											0.00							1.43		0.00									
SMCR8_055	SMCR8_055_5/27/2010_1	5/27/2010 0:00:00	BMI	0.52	0.38	0.66																					0.18	2.14e-03																	11.00			
SMCR8_079	SMCR8_079_6/4/2006_1	6/4/2006 0:00:00	BMI	0.63	0.57	0.69					6.00						2.00		1.00											0.00							1.54		0.00									
SMCR8_079	SMCR8_079_6/6/2010_1	6/6/2010 0:00:00	BMI	0.68	0.57	0.79																					0.30	0.15																	10.00			
SMCR8_085	SMCR8_085_6/9/2010_1	6/9/2010 0:00:00	BMI	0.50	0.38	0.62																					0.25	7.7e-03																	8.00			
SMCR8_110	SMCR8_110_6/15/2006_1	6/15/2006 0:00:00	BMI	0.69	0.63	0.75					9.65						3.30		2.35											0.00							1.99		0.00									
SMCR8_110	SMCR8_110_6/18/2010_1	6/18/2010 0:00:00	BMI	0.68	0.66	0.69																					0.27	0.01																	16.35			
SMCR8_116	SMCR8_116_6/22/2010_1	6/22/2010 0:00:00	BMI	0.41	0.43	0.40																					0.07	0.13																	11.45			
SMCR8_116	SMCR8_116_6/23/2010_1	6/23/2010 0:00:00	BMI	0.60	0.65	0.55																					0.08	0.81																	11.85			
SMCR8_116	SMCR8_116_6/24/2010_1	6/24/2010 0:00:00	BMI	0.44	0.43	0.45																					0.00	0.78																	9.00			
SMCR8_116	SMCR8_116_6/25/2010_1	6/25/2010 0:00:00	BMI	0.44	0.42	0.45																					0.00	0.93																	9.55			
SMCR8_121	SMCR8_121_6/27/2010_1	6/27/2010 0:00:00	BMI	0.61	0.59	0.62																					0.33	0.02																	11.90			
SMCR8_151	SMCR8_151_6/10/2007_1	6/10/2007 0:00:00	BMI	0.56	0.55	0.56					5.95						3.00		0.00											0.00							1.21		0.00									
SMCR8_197	SMCR8_197_5/14/2013_1	5/14/2013 0:00:00	BMI	0.63	0.63	0.63																					0.18	0.56																	10.60			
SMCR8_197	SMCR8_197_5/15/2013_1	5/15/2013 0:00:00	BMI	0.60	0.58	0.63																					0.17	0.44																	11.30			
SMCR8_197	SMCR8_197_5/16/2013_1	5/16/2013 0:00:00	BMI	0.57	0.51	0.63																					0.16	0.52																	11.90			
SMCR8_201	SMCR8_201_7/24/2010_1	7/24/2010 0:00:00	BMI	0.29	0.33	0.26																					0.00	0.00																	1.00			
SMCR8_208	SMCR8_208_6/17/2007_1	6/17/2007 0:00:00	BMI	0.54	0.52	0.56					4.00						3.00		0.00											0.00							1.41		0.00									
SMCR8_208	SMCR8_208_7/27/2010_1	7/27/2010 0:00:00	BMI	0.59	0.52	0.66																					0.37	0.08																	8.00			
SMCR8_236	SMCR8_236_7/31/2010_1	7/31/2010 0:00:00	BMI	0.71	0.90	0.52																					0.13	0.26																	13.15			
SMCR8_258	SMCR8_258_8/7/2010_1	8/7/2010 0:00:00	BMI	0.55	0.38	0.71																					0.16	0.01																	18.45			
SMCR8_293	SMCR8_293_8/16/2010_1	8/16/2010 0:00:00	BMI	0.67	0.89	0.46																					0.10	0.20																	10.00			
SMCR8_312	SMCR8_312_5/17/2013_1	5/17/2013 0:00:00	BMI	0.81	0.73	0.89																					0.18	0.72																	15.50			
SMCR8_312	SMCR8_312_5/18/2013_1	5/18/2013 0:00:00	BMI	0.48	0.44	0.53																					0.20	0.32																	10.00			
SMCR8_339	SMCR8_339_8/26/2010_1	8/26/2010 0:00:00	BMI	0.82	0.97	0.67																					0.36	0.15																	13.70			
SMCR8_356	SMCR8_356_8/29/2010_1	8/29/2010 0:00:00	BMI	0.70	0.78	0.61																					0.20	0.18																	19.30			
SMCR8_395	SMCR8_395_9/10/2010_1	9/10/2010 0:00:00	BMI	0.49	0.43	0.54																					0.11	9.4e-03																	7.25			
SMCR8_395	SMCR8_395_9/11/2010_1	9/11/2010 0:00:00	BMI	0.43	0.40	0.46																					0.22	1.9e-03																	3.85			
SMCR8_403	SMCR8_403_9/16/2010_1	9/16/2010 0:00:00	BMI	0.52	0.54	0.50																					0.17	0.19																	10.20			
SMCR8_404	SMCR8_404_9/17/2010_1	9/17/2010 0:00:00	BMI	0.34	0.44	0.25																					0.00	1.71e-03																	2.85			
SMCR8_418	SMCR8_418_9/20/2010_1	9/20/2010 0:00:00	BMI	0.61	0.74	0.47																					0.10	0.06																	16.95			
SMCR8_439	SMCR8_439_9/24/2010_1	9/24/2010 0:00:00	BMI	0.50	0.40	0.60																					0.19	0.90																	4.70			
SMCR8_441	SMCR8_441_9/25/2010_1	9/25/2010 0:00:00	BMI	0.58	0.66	0.49																					0.24	0.02																	7.60			
SMCR8_453	SMCR8_453_10/3/2010_1	10/3/2010 0:00:00	BMI	0.52	0.57	0.46																					0.16	0.07																	18.00			
SMCR8_453	SMCR8_453_10/4/2010_1	10/4/2010 0:00:00	BMI	0.74	0.67	0.80																					0.19	0.05																	18.75			
SMCR8_467	SMCR8_467_10/5/2010_1	10/5/2010 0:00:00	BMI	0.88	1.00	0.77																					0.37	0.45																	17.40			
SMCR8_469	SMCR8_469_10/6/2010_1	10/6/2010 0:00:00	BMI	1.02	1.19	0.85																					0.33	0.16																	20.70			
SMCR8_469	SMCR8_469_10/7/2010_1	10/7/2010 0:00:00	BMI	0.93	1.09	0.78																					0.41	0.05																	11.95			
SMCR8_494	SMCR8_494_5/19/2013_1	5/19/2013 0:00:00	BMI	0.94	1.00	0.88																					0.23	0.12																	17.00			
SMCR8_494	SMCR8_494_5/20/2013_1	5/20/2013 0:00:00	BMI	0.68	0.68	0.68																					0.37	0.10																	15.25			
SMCR8_511	SMCR8_511_10/20/2010_1	10/20/2010 0:00:00	BMI	0.95	1.15	0.75																					0.29	0.08																	13.80			
SMCR8_521	SMCR8_521_5/21/2013_1	5/21/2013 0:00:00	BMI	0.69	0.78	0.61																					0.27	0.15																	10.15			
SMCR8_558	SMCR8_558_11/4/2010_1	11/4/2010 0:00:00	BMI	0.47	0.33	0.60																					0.35	0.90																	4.70			
SMCR8_559	SMCR8_559_11/5/2010_1	11/5/2010 0:00:00	BMI	0.37	0.38	0.37																					0.00	0.04																	5.00			
SMCR8_559	SMCR8_559_11/6/2010_1	11/6/2010 0:00:00	BMI	0.88	1.03	0.73																					0.19	0.29																	26.00			
SMCR8_566	SMCR8_566_11/7/2010_1	11/7/2010 0:00:00	BMI	0.66	0.67	0.65																					0.34	0.10																	8.15			
SMCR8_566	SMCR8_566_11/8/2010_1	11/8/2010 0:00:00	BMI	0.61	0.73	0.48																					0.35	3.97e-03																	8.10			
SMCR8_566	SMCR8_566_11/9/2010_1	11/9/2010 0:00:00	BMI	0.52	0.61	0.43																					0.15	0.01																	10.25			
SMCR8_572	SMCR8_572_11/11/2010_1	11/11/2010 0:00:00	BMI	0.61	0.38	0.84																					0.09	0.36																	20.15			
SMCR8_572	SMCR8_572_6/30/2009_1	6/30/2009 0:00:00	BMI	0.57	0.38	0.75	0.16	2.00	0.13	0.81	10.45	0.47	0.01	1.00	0.06	0.06	2.00	0.13	5.77	0.26	0.13	7.00	0.30	0.60	0.49	3.00	0.13	0.00	0.00	0.00	0.00	0.00	0.00	0.10	1.00	0.04	2.17	0.00	0.00	0.00	0.80	0.67	7.00	0.46	23.00	0.34	8.00	0.34
SMCR8_594	SMCR8_594_5/23/2013_1	5/23/2013 0:00:00	BMI	0.72	0.78	0.67																					0.33	0.03																	12.00			
SMCR8_594	SMCR8_594_5/24/2013_1	5/24/2013 0:00:00	BMI	0.85	1.00	0.69																					0.26	0.30																	23.00			
SMCR8_598	SMCR8_598_11/16/2010_1	11/16/2010 0:00:00	BMI	0.25	0.24	0.26																					0.00	0.00																	1.00			
SMCR8_613	SMCR8_613_11/21/2010_1	11/21/2010 0:00:00	BMI	0.56	0.52	0.60																					0.16	0.12																	18.35			
SMCR8_613	SMCR8_613_6/29/2009_1	6/29/2009 0:00:00	BMI	0.58	0.52	0.65	0.18	2.00	0.16	0.91	9.95	0.55	0.01	1.00	0.08	0.22	2.00	0.16	1.00	0.05	0.35	7.00	0.38	0.54	0.36	3.00	0.16	0.00	0.00	0.00	0.00	0.00	0.00	4.0e-03	1.00	0.05	2.20	0.00	0.00	0.00	0.85	0.44	3.00	0.25	18.00	0.13	7.00	0.38
SMCR8_622	SMCR8_622_11/23/2010_1	11/23/2010 0:00:00	BMI	0.89	1.16	0.63																					0.16	0.58																	12.00			
SMCR8_629	SMCR8_629_11/24/2010_1	11/24/2010 0:00:00	BMI	0.72	0.78	0.66																					0.30	0.07																	10.00			
SMCR8_633	SMCR8_633_11/25/2010_1	11/25/2010 0:00:00	BMI	0.47	0.38	0.57																					0.11	0.76																	8.75			
SMCR8_633	SMCR8_633_11/26/2010_1	11/26/2010 0:00:00	BMI	0.44	0.38	0.50																					0.00	0.83																	6.85			
WCAP99-0535	WCAP99-0535_12/6/2013_1	12/6/2013 0:00:00	BMI	0.78	1.17	0.39																					0.19	0.05																	10.55			
WCAP99-0535	WCAP99-0535_3/2/2011_1	3/2/2011 0:00:00	BMI	0.80	1.01	0.60																					0.22	0.04																	22.00			
WCAP99-0535	WCAP99-0535_3/3/2011_1	3/3/2011 0:00:00	BMI	0.94	1.27	0.60																					0.25	0.09																	24.00			
WCAP99-0654	WCAP99-0654_12/28/2013_1	12/28/2013 0:00:00	BMI	0.54	0.55	0.54																					0.20	0.23																	6.50			
WCAP99-0654	WCAP99-0654_5/17/2011_1	5/17/2011 0:00:00	BMI	0.45	0.53	0.38																					0.00	0.23																	6.00			
WCAP99-0654	WCAP99-0654_5/18/2011_1	5/18/2011 0:00:00	BMI	0.51	0.66	0.36																					0.00	0.06																	9.00			
WCAP99-0746	WCAP99-0746_1/3/2014_1	1/3/2014 0:00:00	BMI	1.06	1.10	1.03																					0.31	0.19																	15.75			
WCAP99-0746	WCAP99-0746_6/11/2011_1	6/11/2011 0:00:00	BMI	0.97	0.94	1.00																					0.38	0.35																	21.00			
WCAP99-0746	WCAP99-0746_6/12/2011_1	6/12/2011 0:00:00	BMI	1.08	1.17	0.98																					0.36	0.23																	29.00			
WCAP99-0803	WCAP99-0803_1/20/2014_1	1/20/2014 0:00:00	BMI	0.83	0.91	0.75																					0.41	4.07e-03																	15.65			
WCAP99-0803	WCAP99-0803_8/1/2011_1	8/1/2011 0:00:00	BMI	0.96	0.81	1.10																					0.53	4.28e-03																	28.00			
WCAP99-0803	WCAP99-0803_8/2/2011_1	8/2/2011 0:00:00	BMI	0.89	0.90	0.88																					0.52	0.01																	23.00			
WCAP99-0888	WCAP99-0888_10/2/2011_1	10/2/2011 0:00:00	BMI	0.76	0.62	0.90																					0.33	0.76																	18.00			
WCAP99-0888	WCAP99-0888_10/3/2011_1	10/3/2011 0:00:00	BMI	1.08	1.11	1.05																					0.33	0.22																	23.95			
WCAP99-0888	WCAP99-0888_2/6/2014_1	2/6/2014 0:00:00	BMI	0.92	1.04	0.81																					0.20	0.32																	18.85			
WCAP99-0989	WCAP99-0989_10/23/2011_1	10/23/2011 0:00:00	BMI	0.77	0.88	0.66																					0.23	0.11																	21.00			
WCAP99-0989	WCAP99-0989_10/24/2011_1	10/24/2011 0:00:00	BMI	0.80	0.89	0.70																					0.28	0.20																	14.00			
WCAP99-1014	WCAP99-1014_11/14/2011_1	11/14/2011 0:00:00	BMI	0.79	0.92	0.66																					0.16	0.14																	11.00			
WCAP99-1014	WCAP99-1014_11/15/2011_1	11/15/2011 0:00:00	BMI	0.84	1.07	0.60																					0.09	0.06																	11.00			
WCAP99-1039	WCAP99-1039_11/30/2011_1	11/30/2011 0:00:00	BMI	0.35	0.26	0.45																					0.00	0.49																	3.00			
WCAP99-1125	WCAP99-1125_2/6/2012_1	2/6/2012 0:00:00	BMI	0.87	1.01	0.72																					0.30	0.53																	10.00			
WCAP99-1125	WCAP99-1125_2/7/2012_1	2/7/2012 0:00:00	BMI	0.80	0.97	0.64																					0.33	0.10																	11.90			
WCAP99-1131	WCAP99-1131_2/10/2012_1	2/10/2012 0:00:00	BMI	0.73	0.55	0.90																					0.59	0.62																	9.85			
