"STATION_CD"	"STATION_NAME"	"COMID"	"STATION_RID"	"HUC12"	"COUNTY_NAME"	"STATION_TYPE"	"LATITUDE"	"LONGITUDE"	"UTM_EAST"	"UTM_NORTH"	"UTM_ZONE"	"Elevation"	"ReferenceStatus"	"Year"
"BWBOU000.66"	101007	21396859	530	15030202	"YAVAPAI"	"Stream"	34.612885	-113.299833	289133	3832520	"12N"	NA	NA	NA
"BWBOU001.51"	102225	21396859	1130	15030202	"YAVAPAI"	"Stream"	34.606937	-113.289473	290068	3831838	"12N"	NA	NA	NA
"BWBOU002.18"	102224	21396855	1129	15030202	"YAVAPAI"	"Stream"	34.608333	-113.278056	291118	3831969	"12N"	NA	NA	NA
"BWBOU005.11"	101008	21397227	531	15030202	"YAVAPAI"	"Stream"	34.60738	-113.2328	295266	3831771	"12N"	NA	NA	NA
"BWBOU005.15"	102193	21396853	1116	15030202	"YAVAPAI"	"Stream"	34.6075	-113.231667	295371	3831782	"12N"	NA	NA	NA
"BWBOU006.01"	101009	21396853	1071	15030202	"YAVAPAI"	"Stream"	34.614143	-113.220615	296400	3832496	"12N"	NA	NA	NA
"BWBOU006.53"	102082	21396853	1054	15030202	"YAVAPAI"	"Stream"	34.619	-113.218528	296604	3833031	"12N"	NA	NA	NA
"BWBOU006.57"	102223	21396849	1128	15030202	"YAVAPAI"	"Stream"	34.619444	-113.217222	296724	3833077	"12N"	NA	NA	NA
"BWBOU007.13"	101010	21396849	532	15030202	"YAVAPAI"	"Stream"	34.625844	-113.216667	296791	3833786	"12N"	NA	NA	NA
"BWBOU007.43"	102230	21396849	1135	15030202	"YAVAPAI"	"Stream"	34.62925	-113.214028	297041	3834159	"12N"	NA	NA	NA
"BWBOU007.49"	102229	21396849	1134	15030202	"YAVAPAI"	"Stream"	34.629889	-113.213778	297066	3834229	"12N"	NA	NA	NA
"BWBOU007.55"	102228	21396849	1133	15030202	"YAVAPAI"	"Stream"	34.631861	-113.213111	297132	3834446	"12N"	NA	NA	NA
"BWBOU007.59"	102227	21396849	1132	15030202	"YAVAPAI"	"Stream"	34.632389	-113.21275	297166	3834504	"12N"	NA	NA	NA
"BWBOU007.76"	101011	21396849	1066	15030202	"YAVAPAI"	"Stream"	34.63277	-113.212465	297193	3834546	"12N"	NA	NA	NA
"BWBOU007.83"	102024	21396849	1049	15030202	"YAVAPAI"	"Stream"	34.633333	-113.211666	297268	3834607	"12N"	NA	NA	NA
"BWBOU007.92"	101012	21396849	533	15030202	"YAVAPAI"	"Stream"	34.634566	-113.211459	297290	3834743	"12N"	NA	NA	NA
"BWBOU007.98"	102226	21396849	1131	15030202	"YAVAPAI"	"Stream"	34.636667	-113.213611	297098	3834980	"12N"	NA	NA	NA
"BWBOU008.28"	101439	21396849	763	15030202	"YAVAPAI"	"Stream"	34.638278	-113.212028	297247	3835156	"12N"	NA	NA	NA
"BWBOU008.35"	100402	21396825	236	15030202	"YAVAPAI"	"Stream"	34.639278	-113.210861	297356	3835264	"12N"	NA	NA	NA
"BWBOU008.42"	102023	21396825	1048	15030202	"YAVAPAI"	"Stream"	34.638712	-113.207204	297690	3835194	"12N"	NA	NA	NA
"BWBOU008.49"	102231	21396825	1136	15030202	"YAVAPAI"	"Stream"	34.639222	-113.209194	297509	3835255	"12N"	NA	NA	NA
"BWBOU008.53"	102232	21396825	1137	15030202	"YAVAPAI"	"Stream"	34.639139	-113.208611	297562	3835245	"12N"	NA	NA	NA
"BWBOU008.62"	101013	21396825	1064	15030202	"YAVAPAI"	"Stream"	34.63836	-113.20638	297765	3835154	"12N"	NA	NA	NA
"BWBOU008.92"	100401	21396829	235	15030202	"YAVAPAI"	"Stream"	34.641139	-113.204361	297956	3835458	"12N"	NA	NA	NA
"BWBOU009.00"	101015	21396829	535	15030202	"YAVAPAI"	"Stream"	34.64077	-113.202559	298121	3835413	"12N"	NA	NA	NA
"BWBOU009.21"	102222	21396829	1127	15030202	"YAVAPAI"	"Stream"	34.639444	-113.201667	298199	3835265	"12N"	NA	NA	NA
"BWBOU012.82"	102233	21396839	1138	15030202	"YAVAPAI"	"Stream"	34.629889	-113.155194	302437	3834113	"12N"	NA	NA	NA
"BWBOU013.05"	102219	21396841	1122	15030202	"YAVAPAI"	"Stream"	34.629444	-113.151389	302785	3834056	"12N"	NA	NA	NA
"BWBOU013.17"	103858	21396841	1723	15030202	"YAVAPAI"	"Stream"	34.629167	-113.149722	302937	3834022	"12N"	NA	NA	NA
"BWBOU017.35"	102022	21396847	1047	15030202	"YAVAPAI"	"Stream"	34.640917	-113.100806	307449	3835230	"12N"	NA	NA	NA
"BWBOU025.64"	102021	21396815	1046	15030202	"YAVAPAI"	"Stream"	34.709028	-113.035833	313558	3842663	"12N"	NA	NA	NA
"BWBRI009.54"	102313	21388788	1223	15030203	"YAVAPAI"	"Stream"	34.464881	-113.228003	295358	3815955	"12N"	NA	NA	NA
"BWBRI016.91"	102310	21387206	1220	15030203	"YAVAPAI"	"Stream"	34.513492	-113.150328	302608	3821193	"12N"	NA	NA	NA
"BWBRI021.70"	102317	21387418	1227	15030203	"YAVAPAI"	"Stream"	34.563622	-113.169975	300924	3826791	"12N"	NA	NA	NA
"BWBRO004.16"	103183	21396929	1503	15030202	"MOHAVE"	"Stream"	34.554028	-113.531306	267741	3826499	"12N"	NA	NA	NA
"BWBRO012.95"	102025	21396935	1050	15030202	"YAVAPAI"	"Stream"	34.534883	-113.453355	274843	3824199	"12N"	NA	NA	NA
"BWBRO014.14"	102220	21396935	1123	15030202	"MOHAVE"	"Stream"	34.547222	-113.443889	275745	3825547	"12N"	NA	NA	NA
"BWBRO023.18"	101365	21396921	674	15030202	"YAVAPAI"	"Stream"	34.558639	-113.356861	283762	3826623	"12N"	2200	NA	NA
"BWBRO023.54"	102244	25132515	1144	15030202	"MOHAVE"	"Stream"	34.5625	-113.353056	284121	3827043	"12N"	NA	NA	NA
"BWBRO025.09"	102243	25132513	1143	15030202	"YAVAPAI"	"Stream"	34.578611	-113.335833	285743	3828794	"12N"	NA	NA	NA
"BWBRO029.27"	100403	25132521	237	15030202	"YAVAPAI"	"Stream"	34.617528	-113.312417	287990	3833061	"12N"	2400	NA	NA
"BWBRO029.91"	100404	21397225	238	15030202	"YAVAPAI"	"Stream"	34.618361	-113.302972	288859	3833134	"12N"	2420	NA	NA
"BWBRO037.65"	110629	21396791	2569	15030202	"YAVAPAI"	"Stream"	34.695991	-113.259509	293037	3841654	"12N"	2865	NA	NA
"BWBRO041.38"	100405	21397201	239	15030202	"YAVAPAI"	"Stream"	34.733917	-113.245194	294443	3845832	"12N"	NA	NA	NA
"BWBRO042.16"	100426	21397195	689	15030202	"YAVAPAI"	"Stream"	34.743914	-113.240428	294904	3846931	"12N"	3100	NA	NA
"BWBSR003.10"	102304	945030238	1214	15030201	"MOHAVE"	"Stream"	34.347214	-113.531825	267119	3803560	"12N"	NA	NA	NA
"BWBSR015.60"	100457	21403895	874	15030201	"MOHAVE"	"Stream"	34.462528	-113.624389	258934	3816567	"12N"	1400	NA	NA
"BWBSR019.76"	102312	21402993	1222	15030201	"MOHAVE"	"Stream"	34.512628	-113.597489	261549	3822061	"12N"	NA	NA	NA
"BWBSR034.68"	100400	21402565	985	15030201	"MOHAVE"	"Stream"	34.663417	-113.5805	263536	3838748	"12N"	1840	NA	NA
"BWBSR037.79"	107384	21402543	2232	15030201	"MOHAVE"	"Stream"	34.698017	-113.598747	261963	3842629	"12N"	1920	NA	NA
"BWBSR053.33"	100458	21402229	989	15030201	"MOHAVE"	"Stream"	34.901111	-113.6205	260559	3865211	"12N"	NA	NA	NA
"BWBUT000.02"	102081	21396863	1053	15030202	"YAVAPAI"	"Stream"	34.6185	-113.217833	296666	3832974	"12N"	NA	NA	NA
"BWBUT000.59"	103504	21396863	1604	15030202	"YAVAPAI"	"Stream"	34.617222	-113.211944	297203	3832820	"12N"	NA	NA	NA
"BWBWR003.45"	105129	21382982	1983	15030204	"LA PAZ"	"Stream"	34.293611	-114.082222	768563	3798567	"12N"	NA	NA	NA
"BWBWR009.92"	100924	21382966	479	15030204	"LA PAZ"	"Stream"	34.255	-114.009722	775364	3794477	"12N"	NA	NA	NA
"BWBWR025.86"	107385	21383492	2236	15030204	"MOHAVE"	"Stream"	34.229294	-113.777527	244156	3791070	"12N"	790	NA	NA
"BWBWR032.89"	111486	21384186	61716	15030204	"MOHAVE"	"Stream"	34.210072	-113.682205	252882	3788702	"12N"	NA	NA	NA
"BWBWR038.52"	102316	21384136	1226	15030204	"LA PAZ"	"Stream"	34.231333	-113.61	259597	3790888	"12N"	1120	NA	NA
"BWBWR045.08"	102307	21389988	1217	15030204	"LA PAZ"	"Stream"	34.30425	-113.520917	268005	3798769	"12N"	NA	NA	NA
"BWCBW000.26"	102322	21390632	1232	15030203	"YAVAPAI"	"Stream"	34.431942	-112.690244	344696	3811346	"12N"	NA	NA	NA
"BWCBW009.00"	107324	21390550	2231	15030203	"YAVAPAI"	"Stream"	34.487333	-112.585389	354427	3817333	"12N"	NA	NA	NA
"BWCBW009.10"	107323	21390518	2230	15030203	"YAVAPAI"	"Stream"	34.488444	-112.584611	354501	3817455	"12N"	NA	NA	NA
"BWCBW009.23"	102323	21390518	1233	15030203	"YAVAPAI"	"Stream"	34.490531	-112.583972	354563	3817686	"12N"	NA	NA	NA
"BWCBW009.38"	107322	21390518	2229	15030203	"YAVAPAI"	"Stream"	34.492361	-112.582944	354661	3817887	"12N"	NA	NA	NA
"BWCNG006.59"	100432	21396729	698	15030202	"YAVAPAI"	"Stream"	34.758665	-113.120304	305937	3848328	"12N"	4360	NA	NA
"BWCOP000.01"	102083	21397227	1055	15030202	"YAVAPAI"	"Stream"	34.606921	-113.232164	295324	3831719	"12N"	NA	NA	NA
"BWCRW000.98"	102392	21388728	1269	15030203	"YAVAPAI"	"Stream"	34.485844	-113.087725	308292	3818006	"12N"	NA	NA	NA
"BWCSW002.16"	102488	21402211	1283	15030201	"MOHAVE"	"Stream"	34.918056	-113.660278	256973	3867187	"12N"	NA	NA	NA
"BWCTC009.32"	100524	21387760	305	15030203	"YAVAPAI"	"Stream"	34.729604	-112.897546	326267	3844697	"12N"	4740	NA	NA
"BWCWW001.07"	102314	21388710	1224	15030203	"YAVAPAI"	"Stream"	34.498019	-113.176347	300182	3819528	"12N"	NA	NA	NA
"BWDAT038.02"	100529	21389560	308	15030203	"YAVAPAI"	"Stream"	34.23294	-113.014771	314435	3789820	"12N"	2990	NA	NA
"BWFRA000.04"	100406	21397195	877	15030202	"YAVAPAI"	"Stream"	34.741694	-113.243528	294615	3846691	"12N"	3080	NA	NA
"BWFRA000.46"	100554	21397197	710	15030202	"YAVAPAI"	"Stream"	34.745156	-113.249778	294051	3847088	"12N"	3120	NA	NA
"BWFRA001.04"	100555	21397197	319	15030202	"YAVAPAI"	"Stream"	34.750295	-113.255442	293545	3847669	"12N"	3200	NA	NA
"BWFRA002.33"	100556	21396719	868	15030202	"MOHAVE"	"Stream"	34.763211	-113.264229	292773	3849120	"12N"	3280	NA	NA
"BWKNI000.53"	102311	21402199	1221	15030201	"MOHAVE"	"Stream"	34.926744	-113.632219	259562	3868083	"12N"	NA	NA	NA
"BWKRK009.32"	102320	21391518	1230	15030203	"YAVAPAI"	"Stream"	34.473328	-112.889461	326475	3816260	"12N"	NA	NA	NA
"BWKRK017.08"	100408	21390600	241	15030203	"YAVAPAI"	"Stream"	34.45	-112.793778	335217	3813512	"12N"	NA	NA	NA
"BWKRK024.13"	102194	21390702	1117	15030203	"YAVAPAI"	"Stream"	34.391111	-112.722778	341629	3806868	"12N"	NA	NA	NA
"BWKSC000.02"	102041	21396909	1051	15030202	"YAVAPAI"	"Stream"	34.564667	-113.498111	270816	3827604	"12N"	NA	NA	NA
"BWMAM001.87"	105959	21396875	2089	15030202	"YAVAPAI"	"Stream"	34.590194	-113.304111	288683	3830012	"12N"	2550	NA	NA
"BWMSW000.02"	102305	21388790	1215	15030203	"YAVAPAI"	"Stream"	34.465028	-113.228778	295287	3815973	"12N"	NA	NA	NA
"BWMUL000.96"	105960	21397237	2090	15030202	"YAVAPAI"	"Stream"	34.602361	-113.266639	292150	3831283	"12N"	2780	NA	NA
"BWPEE003.51"	100407	21389078	240	15030203	"YAVAPAI"	"Stream"	34.376139	-113.271028	291184	3806200	"12N"	2440	NA	NA
"BWSMR006.66"	102308	25129638	1218	15030203	"MOHAVE"	"Stream"	34.298917	-113.421147	277174	3797954	"12N"	NA	NA	NA
"BWSMR011.51"	102195	21389354	1118	15030203	"LA PAZ"	"Stream"	34.305833	-113.347222	283997	3798562	"12N"	NA	NA	NA
"BWSMR023.60"	103173	21389162	1493	15030203	"YAVAPAI"	"Stream"	34.352575	-113.218844	295926	3803480	"12N"	NA	NA	NA
"BWSMR026.08"	100399	21389102	873	15030203	"YAVAPAI"	"Stream"	34.366667	-113.193444	298297	3804993	"12N"	1760	NA	NA
"BWSMR026.65"	102306	21389092	1216	15030203	"YAVAPAI"	"Stream"	34.369425	-113.185075	299073	3805282	"12N"	NA	NA	NA
"BWSMR029.44"	100647	21389000	744	15030203	"YAVAPAI"	"Stream"	34.400221	-113.174014	300164	3808676	"12N"	1830	NA	NA
"BWSMR038.62"	102315	21388822	1225	15030203	"YAVAPAI"	"Stream"	34.457651	-113.088788	308130	3814881	"12N"	NA	NA	NA
"BWSMR041.23"	102319	21388818	1229	15030203	"YAVAPAI"	"Stream"	34.473856	-113.069081	309977	3816641	"12N"	NA	NA	NA
"BWSMR042.16"	102318	21388734	1228	15030203	"YAVAPAI"	"Stream"	34.4823	-113.056997	311106	3817555	"12N"	NA	NA	NA
"BWSVW001.65"	102321	21390654	1231	15030203	"YAVAPAI"	"Stream"	34.415442	-112.710178	342833	3809547	"12N"	NA	NA	NA
"BWSVW002.82"	108802	21390650	2402	15030203	"YAVAPAI"	"Stream"	34.426417	-112.697111	344055	3810744	"12N"	NA	NA	NA
"BWSVW004.01"	104104	21390626	1818	15030203	"YAVAPAI"	"Stream"	34.442778	-112.698056	343998	3812560	"12N"	NA	NA	NA
"BWSVW004.84"	104105	21390626	1819	15030203	"YAVAPAI"	"Stream"	34.452778	-112.701667	343685	3813674	"12N"	NA	NA	NA
"BWSVW009.04"	108782	21388070	2401	15030203	"YAVAPAI"	"Stream"	34.504361	-112.686194	345202	3819371	"12N"	NA	NA	NA
"BWSYS006.58"	110654	21387900	2577	15030203	"YAVAPAI"	"Stream"	34.592161	-112.950619	321112	3829546	"12N"	NA	NA	NA
"BWTRT000.19"	102309	21402197	1219	15030201	"MOHAVE"	"Stream"	34.924131	-113.626981	260033	3867780	"12N"	NA	NA	NA
"BWTRT002.43"	100397	21402111	599	15030201	"MOHAVE"	"Stream"	34.94675	-113.616667	261041	3870265	"12N"	2550	NA	NA
"BWTRT011.97"	100670	21402007	751	15030201	"MOHAVE"	"Stream"	34.987121	-113.52173	269826	3874520	"12N"	3230	NA	NA
"BWUCB000.18"	108804	21390550	2404	15030203	"YAVAPAI"	"Stream"	34.486222	-112.589194	354076	3817215	"12N"	NA	NA	NA
"BWUFW000.01"	108803	21391522	2403	15030203	"YAVAPAI"	"Stream"	34.498972	-112.618083	351446	3818672	"12N"	NA	NA	NA
"BWUUB001.15"	102408	21388722	1270	15030203	"YAVAPAI"	"Stream"	34.481111	-113.199722	297995	3817699	"12N"	NA	NA	NA
"BWUUC000.01"	108805	21390550	2405	15030203	"YAVAPAI"	"Stream"	34.486361	-112.589667	354033	3817232	"12N"	NA	NA	NA
"BWUUP000.06"	111451	21401435	61632	15030201	"MOHAVE"	"Stream"	35.17764	-113.78178	246674	3896287	"12N"	NA	NA	NA
"BWWIL008.41"	102254	21400595	1152	15030201	"MOHAVE"	"Stream"	35.181111	-113.469722	275108	3895922	"12N"	NA	NA	NA
"BWWLD000.10"	101014	21396821	534	15030202	"YAVAPAI"	"Stream"	34.640568	-113.205821	297821	3835397	"12N"	NA	NA	NA
"CANCRK-HATCHERY"	111418	22437550	61584	NA	NA	"Stream"	34.291207	-110.80743	517723	3794462	"12N"	NA	NA	NA
"CG234000.16"	103757	20721752	1684	15010002	"MOHAVE"	"Stream"	35.763333	-113.503611	273660	3960590	"12N"	NA	NA	NA
"CGBDW000.10"	100452	4916220	257	15010010	"MOHAVE"	"Stream"	36.895556	-113.921556	239665	4087273	"12N"	1780	NA	NA
"CGBDW000.65"	100451	4916220	256	15010010	"MOHAVE"	"Stream"	36.898389	-113.93025	238899	4087611	"12N"	NA	NA	NA
"CGBDW000.70"	100450	4916220	988	15010010	"MOHAVE"	"Stream"	36.899139	-113.930278	238899	4087694	"12N"	1820	NA	NA
"CGBDW000.99"	100449	4916220	255	15010010	"MOHAVE"	"Stream"	36.901944	-113.933611	238612	4088015	"12N"	1840	NA	NA
"CGBDW001.18"	100448	4916220	254	15010010	"MOHAVE"	"Stream"	36.903583	-113.936667	238345	4088205	"12N"	NA	NA	NA
"CGBDW001.19"	100447	4916220	253	15010010	"MOHAVE"	"Stream"	36.903417	-113.936778	238335	4088187	"12N"	NA	NA	NA
"CGBDW001.20"	100446	4916220	252	15010010	"MOHAVE"	"Stream"	36.90325	-113.936972	238317	4088169	"12N"	NA	NA	NA
"CGBDW006.86"	100453	945010186	258	15010010	"MOHAVE"	"Stream"	36.972694	-113.984389	234332	4096007	"12N"	2060	NA	NA
"CGBOU001.47"	103801	20719890	1704	15010002	"COCONINO"	"Stream"	36.106667	-112.24	388390	3996491	"12N"	NA	NA	NA
"CGBRA000.44"	100422	20735503	245	15010001	"COCONINO"	"Stream"	36.102344	-112.095863	401358	3995856	"12N"	2520	NA	NA
"CGBRA000.50"	101758	20735503	923	15010001	"COCONINO"	"Stream"	36.103056	-112.096389	401312	3995935	"12N"	NA	NA	NA
"CGBRA001.36"	100423	20735503	246	15010001	"COCONINO"	"Stream"	36.111788	-112.088919	401995	3996896	"12N"	2660	NA	NA
"CGBRA002.26"	103175	20735483	1495	15010001	"COCONINO"	"Stream"	36.117806	-112.084083	402438	3997559	"12N"	NA	NA	NA
"CGBRA002.67"	103214	20735483	1512	15010001	"COCONINO"	"Stream"	36.121361	-112.080639	402752	3997950	"12N"	NA	NA	NA
"CGBRA007.21"	103807	20735431	1710	15010001	"COCONINO"	"Stream"	36.169167	-112.043056	406191	4003216	"12N"	NA	NA	NA
"CGBRC000.29"	103877	20721716	1724	15010002	"MOHAVE"	"Stream"	35.770278	-113.526389	271620	3961414	"12N"	NA	NA	NA
"CGCAT056.68"	102091	20694366	1067	15010004	"COCONINO"	"Stream"	35.723333	-112.442778	369509	3954222	"12N"	NA	NA	NA
"CGCLE000.19"	101964	20735515	1021	15010001	"COCONINO"	"Stream"	36.084111	-112.034167	406891	3993773	"12N"	2500	NA	NA
"CGCLE004.58"	103806	20735489	1709	15010001	"COCONINO"	"Stream"	36.114167	-112.011944	408926	3997085	"12N"	NA	NA	NA
"CGCLR473.00"	101483	20721986	779	15010002	"MOHAVE"	"Stream"	35.773611	-113.363611	286347	3961416	"12N"	NA	NA	NA
"CGCLR531.57"	101831	20720034	937	15010002	"COCONINO"	"Stream"	36.259722	-112.890833	330135	4014414	"12N"	NA	NA	NA
"CGCLR610.88"	101481	20735673	777	15010001	"COCONINO"	"Stream"	36.101389	-112.086389	402210	3995740	"12N"	NA	NA	NA
"CGCLR637.11"	101476	20736137	776	15010001	"COCONINO"	"Stream"	36.202222	-111.817222	426533	4006688	"12N"	NA	NA	NA
"CGCLR698.93"	100743	20733845	414	14070006	"COCONINO"	"Stream"	36.864722	-111.588333	447560	4080027	"12N"	NA	NA	NA
"CGCLR713.70"	101718	3528941	892	14070006	"COCONINO"	"Stream"	36.921667	-111.483611	456926	4086292	"12N"	NA	NA	NA
"CGCLR714.16"	110760	3529025	2592	14070006	"COCONINO"	"Stream"	36.935997	-111.483	456988	4087881	"12N"	NA	NA	NA
"CGCRY000.05"	100525	20719480	994	15010002	"COCONINO"	"Stream"	36.135278	-112.244201	388052	3999670	"12N"	2360	NA	NA
"CGCRY000.41"	100526	20719480	306	15010002	"COCONINO"	"Stream"	36.138731	-112.239756	388457	4000048	"12N"	2400	NA	NA
"CGCTC002.01"	105327	20718784	2016	15010002	"MOHAVE"	"Stream"	36.329722	-112.923056	327394	4022237	"12N"	NA	NA	NA
"CGDEE000.07"	100532	20718400	309	15010002	"COCONINO"	"Stream"	36.389288	-112.508379	364720	4028184	"12N"	1960	NA	NA
"CGDEE000.10"	105701	20718394	2066	15010002	"COCONINO"	"Stream"	36.389806	-112.50805	364750	4028241	"12N"	2060	NA	NA
"CGDIA000.06"	102090	20721204	1065	15010002	"MOHAVE"	"Stream"	35.765278	-113.373333	285445	3960513	"12N"	1340	NA	NA
"CGDIA000.37"	101830	20721204	936	15010002	"MOHAVE"	"Stream"	35.765	-113.368333	285897	3960471	"12N"	1400	NA	NA
"CGDIA000.66"	106142	20721204	2103	15010002	"MOHAVE"	"Stream"	35.762944	-113.367694	285949	3960242	"12N"	1440	NA	NA
"CGDIA001.44"	105699	20721216	2064	15010002	"MOHAVE"	"Stream"	35.757833	-113.359694	286659	3959657	"12N"	1400	NA	NA
"CGDTW013.48"	104017	945010208	1788	15010014	"MOHAVE"	"Stream"	35.853333	-114.511944	724679	3970540	"12N"	NA	NA	NA
"CGGDN001.09"	100763	20719584	422	15010002	"COCONINO"	"Stream"	36.083333	-112.123917	398809	3993776	"12N"	3600	NA	NA
"CGGDN001.39"	103798	20719586	1701	15010002	"COCONINO"	"Stream"	36.079444	-112.126389	398581	3993347	"12N"	NA	NA	NA
"CGGDN001.47"	103800	20719618	1703	15010002	"COCONINO"	"Stream"	36.078611	-112.1275	398480	3993256	"12N"	NA	NA	NA
"CGGRA002.91"	103805	20735543	1708	15010001	"COCONINO"	"Stream"	36.035833	-112.022222	407910	3988406	"12N"	NA	NA	NA
"CGHAV000.36"	100568	20691582	325	15010004	"COCONINO"	"Stream"	36.304288	-112.758944	342074	4019135	"12N"	1840	NA	NA
"CGHAV009.36"	104100	20691656	1814	15010004	"COCONINO"	"Stream"	36.218889	-112.6925	347875	4009555	"12N"	NA	NA	NA
"CGHCE002.69"	104177	20735847	1852	15010001	"COCONINO"	"Stream"	36.02	-111.960556	413448	3986593	"12N"	NA	NA	NA
"CGHRM000.01"	103804	20719566	1707	15010002	"COCONINO"	"Stream"	36.097778	-112.183306	393481	3995442	"12N"	NA	NA	NA
"CGHRM000.08"	100570	20719582	327	15010002	"COCONINO"	"Stream"	36.098732	-112.209477	391126	3995576	"12N"	2400	NA	NA
"CGHRM000.27"	100572	20719582	997	15010002	"COCONINO"	"Stream"	36.096788	-112.211422	390948	3995363	"12N"	2440	NA	NA
"CGHRM001.58"	100569	20719582	326	15010002	"COCONINO"	"Stream"	36.080667	-112.214056	390689	3993578	"12N"	2920	NA	NA
"CGKAN000.03"	103917	20709491	1735	15010003	"COCONINO"	"Stream"	36.392222	-112.629167	353892	4028686	"12N"	NA	NA	NA
"CGKAN000.26"	100577	20709491	330	15010003	"MOHAVE"	"Stream"	36.394288	-112.632551	353592	4028920	"12N"	1880	NA	NA
"CGKAN057.62"	101829	20706483	935	15010003	"COCONINO"	"Stream"	36.863889	-112.58	359163	4080938	"12N"	NA	NA	NA
"CGKAN068.61"	100576	20706385	329	15010003	"COCONINO"	"Stream"	36.961236	-112.530062	363788	4091666	"12N"	4680	NA	NA
"CGMAT000.03"	100591	20718732	335	15010002	"COCONINO"	"Stream"	36.343733	-112.672274	349932	4023373	"12N"	1900	NA	NA
"CGMHC000.58"	104010	20719232	1786	15010002	"COCONINO"	"Stream"	36.226667	-112.968056	323122	4010885	"12N"	NA	NA	NA
"CGMON000.01"	103803	20719566	1706	15010002	"COCONINO"	"Stream"	36.097778	-112.183306	393481	3995442	"12N"	NA	NA	NA
"CGMON000.19"	101434	20719566	713	15010002	"COCONINO"	"Stream"	36.096389	-112.18475	393349	3995289	"12N"	2400	NA	NA
"CGMON002.10"	103802	20719616	1705	15010002	"COCONINO"	"Stream"	36.077778	-112.181389	393627	3993221	"12N"	NA	NA	NA
"CGNAN000.20"	100594	20736061	337	15010001	"COCONINO"	"Stream"	36.305124	-111.86058	422737	4018136	"12N"	2800	NA	NA
"CGNAN002.23"	104011	20736071	1787	15010001	"COCONINO"	"Stream"	36.288889	-111.887222	420328	4016356	"12N"	NA	NA	NA
"CGNAT000.48"	100602	20719164	342	15010002	"COCONINO"	"Stream"	36.254843	-112.88617	330543	4013865	"12N"	2120	NA	NA
"CGNCA028.70"	100606	20735231	344	15010001	"COCONINO"	"Stream"	36.408178	-112.078644	403286	4029763	"12N"	7440	NA	NA
"CGPAR000.49"	101073	18267741	1171	14070007	"COCONINO"	"Stream"	36.864313	-111.597178	446771	4079987	"12N"	1000	NA	NA
"CGPAR001.23"	101447	18267741	765	14070007	"COCONINO"	"Stream"	36.872222	-111.594722	446995	4080863	"12N"	NA	NA	NA
"CGPAR001.62"	100617	18267741	347	14070007	"COCONINO"	"Stream"	36.872626	-111.600856	446449	4080911	"12N"	3120	NA	NA
"CGPAR008.41"	101074	18267735	573	14070007	"COCONINO"	"Stream"	36.931879	-111.664988	440779	4087522	"12N"	NA	NA	NA
"CGPAR009.70"	101719	18267735	893	14070007	"COCONINO"	"Stream"	36.946389	-111.676389	439775	4089139	"12N"	NA	NA	NA
"CGPAR014.25"	101075	18267733	574	14070007	"COCONINO"	"Stream"	36.956563	-111.743691	433791	4090312	"12N"	NA	NA	NA
"CGPAR021.57"	101076	18267517	575	14070007	"COCONINO"	"Stream"	36.995167	-111.793528	429390	4094630	"12N"	NA	NA	NA
"CGPAR029.84"	101077	18267075	576	14070007	"COCONINO"	"Stream"	37.000853	-111.864986	423037	4095317	"12N"	NA	NA	NA
"CGPAR029.91"	101079	18267073	1172	14070007	"COCONINO"	"Stream"	37.001414	-111.866322	422919	4095380	"12N"	NA	NA	NA
"CGPAR029.95"	101078	18267071	577	14070007	"COCONINO"	"Stream"	37.0019	-111.865375	423003	4095433	"12N"	NA	NA	NA
"CGPAR036.80"	101729	18267045	902	14070007	"COCONINO"	"Stream"	37.075278	-111.890556	420839	4103594	"12N"	NA	NA	NA
"CGPIP000.15"	101435	20719552	714	15010002	"COCONINO"	"Stream"	36.097281	-112.111342	399959	3995310	"12N"	NA	NA	NA
"CGPIP002.37"	103799	20719596	1702	15010002	"COCONINO"	"Stream"	36.073333	-112.102778	400699	3992645	"12N"	NA	NA	NA
"CGRED001.94"	104178	20736327	1853	15010001	"COCONINO"	"Stream"	36.021944	-111.931667	416053	3986784	"12N"	NA	NA	NA
"CGRYA000.05"	100632	20720162	355	15010002	"COCONINO"	"Stream"	36.197342	-112.450875	369558	4006812	"12N"	2160	NA	NA
"CGSHI000.05"	101436	20719198	715	15010002	"COCONINO"	"Stream"	36.237322	-112.348667	378810	4011115	"12N"	2200	NA	NA
"CGSHI000.06"	105700	20719198	2065	15010002	"COCONINO"	"Stream"	36.237558	-112.348861	378793	4011141	"12N"	2200	NA	NA
"CGSLT001.37"	104277	20719590	1871	15010002	"COCONINO"	"Stream"	36.084722	-112.1625	395337	3993971	"12N"	NA	NA	NA
"CGSPC000.44"	104106	20682349	1820	15010005	"MOHAVE"	"Stream"	35.820556	-113.652222	260394	3967293	"12N"	NA	NA	NA
"CGSPG000.17"	100648	20716600	363	15010002	"MOHAVE"	"Stream"	36.018735	-113.353405	287925	3988589	"12N"	1520	NA	NA
"CGSPG000.43"	100649	20716600	762	15010002	"MOHAVE"	"Stream"	36.017624	-113.357849	287521	3988475	"12N"	1600	NA	NA
"CGTAP000.08"	100662	20718528	369	15010002	"COCONINO"	"Stream"	36.370954	-112.468333	368281	4026095	"12N"	2000	NA	NA
"CGTAP000.57"	100663	20718528	370	15010002	"COCONINO"	"Stream"	36.376232	-112.465044	368585	4026676	"12N"	2120	NA	NA
"CGTHS000.04"	100667	20721842	1003	15010002	"COCONINO"	"Stream"	35.884006	-113.30825	291641	3973544	"12N"	1440	NA	NA
"CGTXW035.66"	101832	20667088	938	15010007	"MOHAVE"	"Stream"	35.384167	-113.657778	258584	3918891	"12N"	NA	NA	NA
"CGUNV000.81"	101576	3529679	847	14070006	"COCONINO"	"Stream"	36.670833	-110.822222	515886	4058373	"12N"	NA	NA	NA
"CGVGR029.07"	103193	4915368	1508	15010010	"MOHAVE"	"Stream"	36.806611	-114.016667	766150	4077573	"12N"	NA	NA	NA
"CGVGR038.80"	101836	4916262	941	15010010	"MOHAVE"	"Stream"	36.891667	-113.924444	239394	4086849	"12N"	NA	NA	NA
"CGVGR039.41"	100680	4916218	1004	15010010	"MOHAVE"	"Stream"	36.89706	-113.92066	239750	4087437	"12N"	1780	NA	NA
"CGVGR043.36"	108322	4916176	2362	15010010	"MOHAVE"	"Stream"	36.920528	-113.880333	243422	4089932	"12N"	NA	NA	NA
"CGVGR044.58"	101835	4916176	940	15010010	"MOHAVE"	"Stream"	36.921389	-113.860556	245188	4089975	"12N"	1970	NA	NA
"CGVGR051.33"	101834	4916124	1017	15010010	"MOHAVE"	"Stream"	36.949167	-113.797222	250921	4092890	"12N"	NA	NA	NA
"CGVGR052.23"	100679	4916124	377	15010010	"MOHAVE"	"Stream"	36.95234	-113.789825	251590	4093223	"12N"	2150	NA	NA
"CGVGR053.31"	101833	4916072	939	15010010	"MOHAVE"	"Stream"	36.969917	-113.728111	257142	4095014	"12N"	NA	NA	NA
"CGWCT002.29"	101838	20695944	943	15010004	"COCONINO"	"Stream"	35.247778	-112.225278	388527	3901209	"12N"	NA	NA	NA
"CGWRC003.99"	100454	20667074	259	15010007	"MOHAVE"	"Stream"	35.413056	-113.601611	263771	3921960	"12N"	NA	NA	NA
"CL12S000.00"	103191	21420558	1506	15030105	"LA PAZ"	"Stream"	34.019028	-114.391333	740882	3767335	"12N"	NA	NA	NA
"CLCDW000.20"	109602	945070062	2448	15070201	"YUMA"	"Stream"	32.764611	-114.39425	744098	3628197	"12N"	NA	NA	NA
"CLCDW000.59"	109462	945070061	2442	15070201	"YUMA"	"Stream"	32.768167	-114.390639	744426	3628600	"12N"	NA	NA	NA
"CLCLR023.30"	100744	21412711	415	15030107	"YUMA"	"Stream"	32.718611	-114.718889	713789	3622394	"12N"	NA	NA	NA
"CLCLR026.80"	105308	21412707	2014	15030107	"YUMA"	"Stream"	32.737196	-114.682558	717150	3624529	"12N"	NA	NA	NA
"CLCLR029.59"	105309	21412723	2015	15030107	"YUMA"	"Stream"	32.731313	-114.636181	721511	3623972	"12N"	NA	NA	NA
"CLCLR048.36"	100752	10005034	420	15030104	"YUMA"	"Stream"	32.883611	-114.4675	736918	3641228	"12N"	NA	NA	NA
"CLCLR136.36"	102799	9999706	1412	15030104	"LA PAZ"	"Stream"	33.731944	-114.511944	730514	3735216	"12N"	NA	NA	NA
"CLCLR191.44"	102792	9998148	1405	15030104	"LA PAZ"	"Stream"	34.258333	-114.150833	762355	3794474	"12N"	NA	NA	NA
"CLCLR195.22"	100742	9998136	1008	15030104	"LA PAZ"	"Stream"	34.295556	-114.140278	763211	3798630	"12N"	NA	NA	NA
"CLCLR234.91"	102218	21438291	1121	15030104	"MOHAVE"	"Stream"	34.6875	-114.462778	732429	3841319	"12N"	NA	NA	NA
"CLCLR279.46"	102189	21436863	1113	15030101	"MOHAVE"	"Stream"	35.191667	-114.572222	721043	3896998	"12N"	NA	NA	NA
"CLCLR346.35"	101484	21434295	780	15030101	"MOHAVE"	"Stream"	36.015278	-114.738611	703791	3988008	"12N"	NA	NA	NA
"CLGLR007.11"	109362	20380381	2436	15070201	"YUMA"	"Stream"	32.724889	-114.450278	738954	3623664	"12N"	NA	NA	NA
"CLGLR008.81"	109122	20380357	2420	15070201	"YUMA"	"Stream"	32.743617	-114.44125	739750	3625762	"12N"	NA	NA	NA
"CLGLR010.53"	100455	20380357	260	15070201	"YUMA"	"Stream"	32.760889	-114.4205	741648	3627724	"11N"	NA	NA	NA
"CLGLR011.17"	109103	945070226	2419	15070201	"YUMA"	"Stream"	32.760917	-114.410239	742610	3627751	"12N"	NA	NA	NA
"CLGLR013.33"	109102	945070225	2418	15070201	"YUMA"	"Stream"	32.762722	-114.375572	745853	3628031	"12N"	NA	NA	NA
"CLGLR016.14"	109582	20380345	2447	15070201	"YUMA"	"Stream"	32.750861	-114.347694	748498	3626781	"12N"	NA	NA	NA
"CLGLR019.96"	109942	20379313	2490	15070201	"YUMA"	"Stream"	32.707239	-114.318044	751400	3622013	"12N"	NA	NA	NA
"CLGLR021.88"	109943	20379379	2491	15070201	"YUMA"	"Stream"	32.68905	-114.295756	753541	3620049	"12N"	NA	NA	NA
"CLTYW019.62"	102797	21415525	1410	15030106	"LA PAZ"	"Stream"	33.665833	-114.220833	757690	3728571	"12N"	NA	NA	NA
"CLUGI000.22"	109363	20379111	2437	15070201	"YUMA"	"Stream"	32.741569	-114.445206	739385	3625526	"12N"	NA	NA	NA
"CLUGL000.01"	109142	945070226	2421	15070201	"YUMA"	"Stream"	32.760894	-114.410203	742613	3627749	"12N"	NA	NA	NA
"CLUW1008.53"	101598	21436077	857	15030101	"MOHAVE"	"Stream"	35.172222	-114.432222	733849	3895162	"12N"	NA	NA	NA
"LCASR000.57"	102346	20525217	1238	15020015	"COCONINO"	"Stream"	35.005556	-111.399167	463578	3873732	"12N"	NA	NA	NA
"LCASR001.38"	102345	20525239	1237	15020015	"COCONINO"	"Stream"	35.000833	-111.41	462587	3873212	"12N"	NA	NA	NA
"LCAUG003.82"	102018	20586824	1149	15020001	"APACHE"	"Stream"	33.912594	-109.215681	664957	3753898	"12N"	NA	NA	NA
"LCB6W000.01"	103817	20505948	1713	15020018	"COCONINO"	"Stream"	36.151944	-110.994167	500525	4000802	"12N"	NA	NA	NA
"LCB6W005.40"	101752	20505904	920	15020018	"COCONINO"	"Stream"	36.216111	-110.9775	502022	4007919	"12N"	NA	NA	NA
"LCBBS000.02"	102344	20525085	1236	15020015	"COCONINO"	"Stream"	35.074167	-111.535556	451174	3881399	"12N"	NA	NA	NA
"LCBCK005.06"	100414	21748153	242	15020008	"COCONINO"	"Stream"	34.443803	-111.139562	487179	3811375	"12N"	7480	NA	NA
"LCBCK005.75"	100413	21748153	688	15020008	"COCONINO"	"Stream"	34.434461	-111.142992	486863	3810339	"12N"	7520	NA	NA
"LCBEN002.57"	104700	20587030	1927	15020001	"APACHE"	"Stream"	33.985433	-109.291615	657801	3761856	"12N"	8600	"reference"	2014
"LCBIL000.01"	100947	21756106	498	15020005	"NAVAJO"	"Stream"	34.170994	-109.980403	593970	3781585	"12N"	6660	NA	NA
"LCBIL000.15"	109702	21756106	2467	15020005	"NAVAJO"	"Stream"	34.1695	-109.9807	593945	3781419	"12N"	6665	NA	NA
"LCBIL002.37"	104680	21756164	1921	15020005	"NAVAJO"	"Stream"	34.152723	-109.962012	595686	3779576	"12N"	NA	NA	NA
"LCBIL005.75"	100946	21756180	497	15020005	"NAVAJO"	"Stream"	34.125561	-109.922614	599350	3776602	"12N"	NA	NA	NA
"LCBLA001.85"	104257	20565167	1870	15020006	"APACHE"	"Stream"	35.281667	-109.217222	662131	3905737	"12N"	NA	NA	NA
"LCBLA002.07"	101741	20565167	910	15020006	"APACHE"	"Stream"	35.284722	-109.215556	662276	3906078	"12N"	NA	NA	NA
"LCBLA021.55"	101740	20565435	1016	15020006	"APACHE"	"Stream"	35.4525	-109.126389	670034	3924838	"12N"	NA	NA	NA
"LCBNN001.46"	103818	20585224	1714	15020001	"APACHE"	"Stream"	34.046667	-109.450556	643016	3768413	"12N"	NA	NA	NA
"LCBON012.03"	103192	20563071	1507	15020006	"APACHE"	"Stream"	35.8385	-109.113056	670422	3967679	"12N"	NA	NA	NA
"LCBRB000.27"	100411	21745729	684	15020008	"COCONINO"	"Stream"	34.547388	-111.162497	485091	3822864	"12N"	6540	NA	NA
"LCBRB006.74"	100410	21747623	986	15020008	"COCONINO"	"Stream"	34.494446	-111.165893	484769	3816994	"12N"	6950	NA	NA
"LCBRB007.63"	104717	21747755	1928	15020008	"COCONINO"	"Stream"	34.484843	-111.167896	484584	3815929	"12N"	7010	NA	NA
"LCBRO018.13"	101241	21756054	626	15020005	"APACHE"	"Stream"	34.186556	-109.791028	611404	3783502	"12N"	7500	NA	NA
"LCBRO018.96"	101242	21756072	627	15020005	"APACHE"	"Stream"	34.18075	-109.779139	612508	3782871	"12N"	7580	NA	NA
"LCBSW000.01"	106864	21756158	2190	15020005	"NAVAJO"	"Stream"	34.138647	-109.970756	594896	3778007	"12N"	NA	NA	NA
"LCCDM001.74"	105175	1410961	2001	14080204	"APACHE"	"Stream"	36.152222	-109.473333	637335	4001912	"12N"	NA	NA	NA
"LCCHC000.35"	105169	21739020	1995	15020010	"NAVAJO"	"Stream"	34.949444	-110.520278	543803	3867542	"12N"	NA	NA	NA
"LCCHC000.91"	100341	21739020	200	15020010	"NAVAJO"	"Stream"	34.942944	-110.515583	544235	3866823	"12N"	NA	NA	NA
"LCCHC001.75"	105153	945020592	1991	15020010	"NAVAJO"	"Stream"	34.932778	-110.516111	544192	3865695	"12N"	NA	NA	NA
"LCCHC003.00"	101745	21739462	914	15020010	"NAVAJO"	"Stream"	34.926389	-110.531389	542800	3864980	"12N"	NA	NA	NA
"LCCHC003.64"	105151	21739462	1989	15020010	"NAVAJO"	"Stream"	34.919444	-110.526111	543286	3864212	"12N"	NA	NA	NA
"LCCHC005.87"	105150	21739046	1988	15020010	"NAVAJO"	"Stream"	34.893333	-110.525556	543350	3861317	"12N"	NA	NA	NA
"LCCHC007.60"	105149	21739046	1987	15020010	"NAVAJO"	"Stream"	34.884722	-110.510833	544700	3860368	"12N"	NA	NA	NA
"LCCHC008.09"	105148	21739054	1986	15020010	"NAVAJO"	"Stream"	34.880833	-110.5165	544184	3859935	"12N"	NA	NA	NA
"LCCHC009.38"	110162	21739056	2520	15020010	"NAVAJO"	"Stream"	34.870581	-110.532906	542690	3858791	"12N"	NA	NA	NA
"LCCHC011.59"	105147	21739092	1985	15020010	"NAVAJO"	"Stream"	34.840556	-110.540278	542032	3855458	"12N"	NA	NA	NA
"LCCHC060.09"	100342	21739278	201	15020010	"COCONINO"	"Stream"	34.593306	-110.78775	519464	3827964	"12N"	NA	NA	NA
"LCCHC060.43"	100479	21739278	277	15020010	"COCONINO"	"Stream"	34.589337	-110.789157	519335	3827524	"12N"	6130	NA	NA
"LCCHC060.61"	104757	21739278	1936	15020010	"COCONINO"	"Stream"	34.592556	-110.781806	520009	3827882	"12N"	NA	NA	NA
"LCCHC073.26"	100445	21740788	251	15020010	"COCONINO"	"Stream"	34.440452	-110.840267	514674	3811006	"12N"	6470	NA	NA
"LCCHC075.04"	100444	21740810	696	15020010	"COCONINO"	"Stream"	34.422119	-110.8536	513452	3808971	"12N"	6535	NA	NA
"LCCHC077.84"	100443	21740854	697	15020010	"COCONINO"	"Stream"	34.39962	-110.867489	512179	3806474	"12N"	6670	NA	NA
"LCCHC081.26"	104821	21740876	1940	15020010	"COCONINO"	"Stream"	34.387389	-110.872194	511749	3805118	"12N"	6500	NA	NA
"LCCHI042.55"	101450	1408209	766	14080204	"APACHE"	"Stream"	36.943889	-109.710556	614817	4089424	"12N"	NA	NA	NA
"LCCHW075.04"	103880	24619868	1727	14080204	"APACHE"	"Stream"	36.154444	-109.545556	630834	4002059	"12N"	NA	NA	NA
"LCCHW075.50"	105127	1409847	1981	14080204	"APACHE"	"Stream"	36.155	-109.538056	631508	4002130	"12N"	NA	NA	NA
"LCCLE000.69"	104837	21746201	1941	15020008	"NAVAJO"	"Stream"	34.97775	-110.641667	532707	3870634	"12N"	NA	NA	NA
"LCCLE001.29"	105173	21747109	1999	15020008	"NAVAJO"	"Stream"	34.968889	-110.643056	532584	3869651	"12N"	NA	NA	NA
"LCCLE003.97"	105168	21746291	1994	15020008	"NAVAJO"	"Stream"	34.9475	-110.661944	530868	3867273	"12N"	NA	NA	NA
"LCCLE004.13"	105167	21746291	1993	15020008	"NAVAJO"	"Stream"	34.945278	-110.663333	530742	3867026	"12N"	NA	NA	NA
"LCCLE004.27"	105154	21746291	1992	15020008	"NAVAJO"	"Stream"	34.943611	-110.664167	530666	3866841	"12N"	NA	NA	NA
"LCCLE006.79"	105152	21746337	1990	15020008	"NAVAJO"	"Stream"	34.925	-110.688056	528491	3864770	"12N"	NA	NA	NA
"LCCLE061.18"	100343	21745967	202	15020008	"COCONINO"	"Stream"	34.667528	-111.007639	499300	3836174	"12N"	NA	NA	NA
"LCCLE063.52"	105558	21746709	2049	15020008	"COCONINO"	"Stream"	34.644722	-110.999833	500015	3833645	"12N"	6000	NA	NA
"LCCMW000.42"	101768	20505506	928	15020018	"APACHE"	"Stream"	36.426111	-110.442778	549950	4031356	"12N"	NA	NA	NA
"LCCMW007.99"	104103	20504212	1817	15020018	"NAVAJO"	"Stream"	36.511111	-110.424167	551562	4040795	"12N"	NA	NA	NA
"LCCMW009.96"	104282	20504212	1872	15020018	"NAVAJO"	"Stream"	36.528333	-110.409444	552868	4042713	"12N"	NA	NA	NA
"LCCOL003.03"	100935	20587034	488	15020001	"APACHE"	"Stream"	33.9605	-109.254389	661287	3759149	"12N"	7945	NA	NA
"LCCOL005.53"	102020	20586776	1045	15020001	"APACHE"	"Stream"	33.935711	-109.272211	659687	3756372	"12N"	NA	NA	NA
"LCCOY000.10"	107303	20584620	2227	15020001	"APACHE"	"Stream"	34.304408	-109.355594	651321	3797133	"12N"	NA	NA	NA
"LCCOY000.71"	104698	20584640	1925	15020001	"APACHE"	"Stream"	34.306418	-109.34661	652144	3797369	"12N"	6060	NA	NA
"LCCOY002.64"	107302	20584640	2226	15020001	"APACHE"	"Stream"	34.293681	-109.32895	653793	3795983	"12N"	NA	NA	NA
"LCCOY003.24"	103881	20584640	1728	15020001	"APACHE"	"Stream"	34.291667	-109.320556	654569	3795773	"12N"	NA	NA	NA
"LCCRW009.51"	101457	945020201	1180	15020003	"APACHE"	"Stream"	34.614722	-109.319167	654102	3831603	"12N"	NA	NA	NA
"LCCTW001.74"	101735	21754034	905	15020005	"NAVAJO"	"Stream"	34.505556	-110.091667	583384	3818588	"12N"	NA	NA	NA
"LCDAV002.14"	102015	20586668	1042	15020001	"APACHE"	"Stream"	33.996253	-109.134541	672290	3763309	"12N"	NA	NA	NA
"LCDNW009.39"	103297	20513248	1531	15020017	"COCONINO"	"Stream"	35.497528	-111.1335	487892	3928227	"12N"	NA	NA	NA
"LCDNW047.83"	101467	20513024	772	15020017	"NAVAJO"	"Stream"	35.781111	-110.933306	506028	3959673	"12N"	NA	NA	NA
"LCECL009.39"	100538	21745557	312	15020008	"COCONINO"	"Stream"	34.619609	-111.093608	491419	3830864	"12N"	6265	NA	NA
"LCECL017.75"	100537	21745649	311	15020008	"COCONINO"	"Stream"	34.566277	-111.147497	486470	3824956	"12N"	6450	NA	NA
"LCECL018.17"	104797	21745649	1938	15020008	"COCONINO"	"Stream"	34.564222	-111.147583	486462	3824729	"12N"	6460	NA	NA
"LCECL021.13"	104718	21745669	1929	15020008	"COCONINO"	"Stream"	34.550811	-111.161586	485175	3823243	"12N"	6500	NA	NA
"LCECL040.69"	104719	21747673	1930	15020008	"COCONINO"	"Stream"	34.476979	-111.326756	469994	3815093	"12N"	7000	NA	NA
"LCELR000.13"	103897	20585432	1729	15020001	"APACHE"	"Stream"	34.002033	-109.457219	642476	3763454	"12N"	8410	NA	NA
"LCELR000.67"	103898	20586678	1730	15020001	"APACHE"	"Stream"	33.995	-109.455	642692	3762677	"12N"	NA	NA	NA
"LCELR000.99"	100948	20586678	499	15020001	"APACHE"	"Stream"	33.990806	-109.453194	642866	3762215	"12N"	8600	NA	NA
"LCELR005.67"	109742	20586752	2469	15020001	"APACHE"	"Stream"	33.946916	-109.478381	640612	3757313	"12N"	9302	NA	NA
"LCELR007.19"	104739	20587040	1934	15020001	"APACHE"	"Stream"	33.929835	-109.4893	639631	3755404	"12N"	9460	NA	NA
"LCELR007.68"	100330	20587040	975	15020001	"APACHE"	"Stream"	33.927	-109.49675	638947	3755079	"12N"	NA	NA	NA
"LCELR007.74"	100762	20587040	421	15020001	"APACHE"	"Stream"	33.926306	-109.497444	638884	3755001	"12N"	9440	NA	NA
"LCELR008.70"	107402	20587040	2238	15020001	"APACHE"	"Stream"	33.922453	-109.511781	637564	3754555	"12N"	9570	NA	NA
"LCFHW000.07"	100456	21755104	261	15020005	"NAVAJO"	"Stream"	34.264333	-110.070889	585536	3791856	"12N"	NA	NA	NA
"LCFIS003.86"	101244	20585172	629	15020001	"APACHE"	"Stream"	34.068194	-109.495222	638858	3770739	"12N"	8800	NA	NA
"LCGES007.92"	111179	21747645	2642	15020008	"COCONINO"	"Stream"	34.48903	-111.22803	479063	3816404	"12N"	NA	NA	NA
"LCHAL000.85"	102274	20585810	1193	15020001	"APACHE"	"Stream"	34.061614	-109.463572	641790	3770053	"12N"	NA	NA	NA
"LCHAL004.59"	105580	20585810	2052	15020001	"APACHE"	"Stream"	34.027778	-109.506667	637867	3766241	"12N"	9000	NA	NA
"LCHAL005.62"	104678	20585810	1919	15020001	"APACHE"	"Stream"	34.015247	-109.512192	637377	3764844	"12N"	9140	NA	NA
"LCHAL008.83"	101263	20586742	631	15020001	"APACHE"	"Stream"	33.9725	-109.522083	636532	3760091	"12N"	9280	NA	NA
"LCHAL010.20"	105578	20586742	2050	15020001	"APACHE"	"Stream"	33.956944	-109.536389	635235	3758347	"12N"	9580	"reference"	2014
"LCHWD002.42"	102732	20525063	1382	15020015	"COCONINO"	"Stream"	35.081694	-111.602361	445088	3882269	"12N"	NA	NA	NA
"LCJCC015.23"	101747	21746325	915	15020008	"COCONINO"	"Stream"	34.921389	-110.7975	518496	3864344	"12N"	NA	NA	NA
"LCJCC045.76"	110631	21745385	2571	15020008	"COCONINO"	"Stream"	34.73031	-111.102267	490637	3843141	"12N"	6200	NA	NA
"LCJDW031.15"	101466	20530085	771	15020014	"NAVAJO"	"Stream"	35.576389	-110.462222	548727	3937098	"12N"	NA	NA	NA
"LCKNK006.47"	102373	20526347	1262	15020015	"COCONINO"	"Stream"	34.898889	-111.313889	471322	3861875	"12N"	NA	NA	NA
"LCLAG000.18"	103919	1407073	1737	14080204	"APACHE"	"Stream"	36.8925	-109.745833	611750	4083681	"12N"	NA	NA	NA
"LCLAG007.26"	103922	1407233	1740	14080204	"APACHE"	"Stream"	36.863611	-109.823611	604859	4080388	"12N"	NA	NA	NA
"LCLAG008.88"	101441	1407233	764	14080204	"APACHE"	"Stream"	36.853889	-109.845833	602891	4079286	"12N"	NA	NA	NA
"LCLAG010.54"	103920	1407309	1738	14080204	"APACHE"	"Stream"	36.839444	-109.865	601202	4077663	"12N"	NA	NA	NA
"LCLAG016.23"	103925	1407309	1743	14080204	"APACHE"	"Stream"	36.8025	-109.934167	595080	4073493	"12N"	NA	NA	NA
"LCLAG022.06"	103918	1406037	1736	14080204	"NAVAJO"	"Stream"	36.783056	-110.020833	587371	4071254	"12N"	NA	NA	NA
"LCLAG030.35"	101717	1406645	891	14080204	"NAVAJO"	"Stream"	36.749167	-110.136111	577118	4067395	"12N"	NA	NA	NA
"LCLAG034.55"	103924	1406645	1742	14080204	"NAVAJO"	"Stream"	36.749167	-110.189167	572382	4067354	"12N"	NA	NA	NA
"LCLAG038.29"	103921	1406667	1739	14080204	"NAVAJO"	"Stream"	36.736667	-110.242778	567607	4065928	"12N"	NA	NA	NA
"LCLAG044.49"	103923	1406083	1741	14080204	"NAVAJO"	"Stream"	36.725833	-110.309444	561663	4064681	"12N"	NA	NA	NA
"LCLAG054.95"	101716	1406207	883	14080204	"NAVAJO"	"Stream"	36.664722	-110.416111	552180	4057839	"12N"	NA	NA	NA
"LCLCR000.13"	101965	20515757	1022	15020016	"COCONINO"	"Stream"	36.1925	-111.796667	428373	4005594	"12N"	2700	NA	NA
"LCLCR001.48"	101482	20515757	778	15020016	"COCONINO"	"Stream"	36.195278	-111.777222	430123	4005888	"12N"	NA	NA	NA
"LCLCR002.83"	101575	20515981	846	15020016	"COCONINO"	"Stream"	36.200833	-111.757778	431876	4006490	"12N"	NA	NA	NA
"LCLCR044.24"	101475	20517943	775	15020016	"COCONINO"	"Stream"	35.926381	-111.567369	448817	3975932	"12N"	NA	NA	NA
"LCLCR055.87"	100923	20516541	478	15020016	"COCONINO"	"Stream"	35.877778	-111.411944	462815	3970471	"12N"	NA	NA	NA
"LCLCR083.71"	101573	20517675	844	15020016	"COCONINO"	"Stream"	35.570278	-111.275	475081	3936322	"12N"	NA	NA	NA
"LCLCR094.99"	101749	21743805	917	15020016	"COCONINO"	"Stream"	35.433333	-111.200833	481771	3921118	"12N"	NA	NA	NA
"LCLCR174.50"	107022	21745087	2202	15020008	"NAVAJO"	"Stream"	35.011694	-110.651722	531776	3874395	"12N"	NA	NA	NA
"LCLCR176.92"	103983	21746167	1768	15020008	"NAVAJO"	"Stream"	34.9875	-110.639167	532932	3871716	"12N"	NA	NA	NA
"LCLCR177.08"	103981	21746973	1766	15020008	"NAVAJO"	"Stream"	34.986389	-110.637778	533059	3871594	"12N"	NA	NA	NA
"LCLCR181.11"	103171	21746969	1491	15020008	"NAVAJO"	"Stream"	34.982444	-110.590389	537386	3871173	"12N"	NA	NA	NA
"LCLCR182.60"	109325	21746969	2434	15020008	"NAVAJO"	"Stream"	34.983333	-110.564722	539728	3871281	"12N"	NA	NA	NA
"LCLCR183.00"	105174	21746969	2000	15020008	"NAVAJO"	"Stream"	34.9825	-110.561667	540007	3871190	"12N"	NA	NA	NA
"LCLCR184.28"	105172	21746979	1998	15020008	"NAVAJO"	"Stream"	34.968056	-110.554444	540674	3869591	"12N"	NA	NA	NA
"LCLCR185.36"	105171	21746261	1997	15020008	"NAVAJO"	"Stream"	34.958889	-110.543333	541693	3868579	"12N"	NA	NA	NA
"LCLCR186.28"	105170	21746261	1996	15020008	"NAVAJO"	"Stream"	34.951667	-110.531944	542736	3867783	"12N"	NA	NA	NA
"LCLCR186.68"	103980	21746259	1765	15020008	"NAVAJO"	"Stream"	34.951944	-110.525278	543345	3867817	"12N"	NA	NA	NA
"LCLCR186.71"	109324	21746993	2433	15020008	"NAVAJO"	"Stream"	34.952222	-110.521944	543649	3867849	"12N"	NA	NA	NA
"LCLCR194.10"	104879	945020435	1945	15020008	"NAVAJO"	"Stream"	34.960983	-110.408053	554042	3868876	"12N"	NA	NA	NA
"LCLCR198.53"	103984	21746263	1769	15020008	"NAVAJO"	"Stream"	34.950556	-110.342222	560060	3867757	"12N"	NA	NA	NA
"LCLCR200.23"	103982	945020437	1767	15020008	"NAVAJO"	"Stream"	34.941667	-110.324167	561715	3866783	"12N"	NA	NA	NA
"LCLCR203.94"	106202	945020437	2115	15020008	"NAVAJO"	"Stream"	34.914028	-110.287194	565113	3863741	"12N"	NA	NA	NA
"LCLCR206.75"	101480	21747127	1181	15020008	"NAVAJO"	"Stream"	34.901111	-110.255278	568039	3862330	"12N"	NA	NA	NA
"LCLCR211.73"	104857	21747017	1942	15020008	"NAVAJO"	"Stream"	34.896833	-110.181278	574804	3861908	"12N"	5070	NA	NA
"LCLCR212.96"	101743	21747017	912	15020008	"APACHE"	"Stream"	34.897778	-110.163056	576468	3862027	"12N"	NA	NA	NA
"LCLCR216.67"	104317	162148461	1875	15020002	"NAVAJO"	"Stream"	34.885944	-110.110139	581315	3860756	"12N"	NA	NA	NA
"LCLCR221.09"	111465	21759228	61691	15020002	"NAVAJO"	"Stream"	34.837728	-110.065542	585440	3855446	"12N"	NA	NA	NA
"LCLCR222.38"	103986	21759230	1771	15020002	"NAVAJO"	"Stream"	34.825278	-110.064444	585553	3854066	"12N"	NA	NA	NA
"LCLCR226.31"	100334	21759362	196	15020002	"NAVAJO"	"Stream"	34.782389	-110.043861	587481	3849328	"12N"	NA	NA	NA
"LCLCR230.02"	103985	21759364	1770	15020002	"NAVAJO"	"Stream"	34.741111	-110.039167	587954	3844754	"12N"	NA	NA	NA
"LCLCR230.26"	104878	21759246	1944	15020002	"NAVAJO"	"Stream"	34.739497	-110.037	588154	3844577	"12N"	NA	NA	NA
"LCLCR231.99"	103945	21759246	1754	15020002	"NAVAJO"	"Stream"	34.742222	-110.014444	590216	3844899	"12N"	NA	NA	NA
"LCLCR232.24"	106442	21759246	2147	15020002	"NAVAJO"	"Stream"	34.742667	-110.0105	590577	3844952	"12N"	NA	NA	NA
"LCLCR253.50"	103958	21760054	1756	15020002	"APACHE"	"Stream"	34.656111	-109.833333	606906	3835527	"12N"	NA	NA	NA
"LCLCR267.06"	101727	21760064	900	15020002	"APACHE"	"Stream"	34.647222	-109.703333	618832	3834687	"12N"	NA	NA	NA
"LCLCR269.48"	101726	21760130	899	15020002	"APACHE"	"Stream"	34.641667	-109.676944	621259	3834102	"12N"	NA	NA	NA
"LCLCR283.83"	101459	21760862	768	15020002	"APACHE"	"Stream"	34.605	-109.49	638455	3830277	"12N"	NA	NA	NA
"LCLCR290.40"	101458	21760376	767	15020002	"APACHE"	"Stream"	34.583611	-109.406944	646108	3828022	"12N"	NA	NA	NA
"LCLCR295.58"	103959	21760872	1757	15020002	"APACHE"	"Stream"	34.541667	-109.37	649572	3823424	"12N"	NA	NA	NA
"LCLCR299.51"	103977	21760620	1762	15020002	"APACHE"	"Stream"	34.506944	-109.3575	650782	3819592	"12N"	NA	NA	NA
"LCLCR301.17"	103962	21762818	1760	15020002	"APACHE"	"Stream"	34.490278	-109.356389	650914	3817745	"12N"	NA	NA	NA
"LCLCR304.01"	103957	21761896	1755	15020002	"APACHE"	"Stream"	34.467778	-109.357222	650878	3815249	"12N"	NA	NA	NA
"LCLCR306.23"	101725	21761944	898	15020002	"APACHE"	"Stream"	34.450556	-109.362222	650449	3813331	"12N"	NA	NA	NA
"LCLCR308.66"	103978	21762010	1763	15020002	"APACHE"	"Stream"	34.433333	-109.378333	649000	3811397	"12N"	NA	NA	NA
"LCLCR311.31"	104720	21762056	1931	15020002	"APACHE"	"Stream"	34.426049	-109.402923	646753	3810554	"12N"	5840	NA	NA
"LCLCR312.36"	103987	21762086	1772	15020002	"APACHE"	"Stream"	34.414722	-109.403333	646735	3809297	"12N"	NA	NA	NA
"LCLCR314.92"	103988	21762140	1773	15020002	"APACHE"	"Stream"	34.387222	-109.398611	647217	3806254	"12N"	NA	NA	NA
"LCLCR317.67"	101724	21762170	897	15020002	"APACHE"	"Stream"	34.368056	-109.382778	648707	3804151	"12N"	NA	NA	NA
"LCLCR320.46"	107305	20585862	2228	15020001	"APACHE"	"Stream"	34.344381	-109.351761	651602	3801572	"12N"	NA	NA	NA
"LCLCR323.60"	101174	20585692	1174	15020001	"APACHE"	"Stream"	34.315722	-109.362778	650640	3798377	"12N"	6010	NA	NA
"LCLCR323.69"	101723	20585692	896	15020001	"APACHE"	"Stream"	34.314444	-109.362222	650693	3798236	"12N"	NA	NA	NA
"LCLCR324.92"	103963	20584620	1761	15020001	"APACHE"	"Stream"	34.304444	-109.357222	651171	3797135	"12N"	NA	NA	NA
"LCLCR325.37"	110608	20584632	2567	15020001	"APACHE"	"Stream"	34.296533	-109.355033	651387	3796261	"12N"	NA	NA	NA
"LCLCR326.41"	103299	20584660	1533	15020001	"APACHE"	"Stream"	34.284333	-109.352611	651632	3794911	"12N"	NA	NA	NA
"LCLCR327.40"	111417	20584692	61592	15020001	"APACHE"	"Stream"	34.273139	-109.345806	652278	3793680	"12N"	NA	NA	NA
"LCLCR328.04"	102289	20584718	1204	15020001	"APACHE"	"Stream"	34.26784	-109.350491	651857	3793085	"12N"	NA	NA	NA
"LCLCR331.83"	102288	20585718	1203	15020001	"APACHE"	"Stream"	34.232081	-109.315405	655153	3789172	"12N"	NA	NA	NA
"LCLCR334.96"	102324	20584806	1235	15020001	"APACHE"	"Stream"	34.202056	-109.299056	656714	3785868	"12N"	NA	NA	NA
"LCLCR335.06"	109923	20584806	2489	15020001	"APACHE"	"Stream"	34.199278	-109.297667	656847	3785562	"12N"	NA	NA	NA
"LCLCR335.52"	108704	20584806	2392	15020001	"APACHE"	"Stream"	34.194972	-109.300417	656602	3785080	"12N"	NA	NA	NA
"LCLCR336.15"	108703	20584806	2391	15020001	"APACHE"	"Stream"	34.190306	-109.2985	656787	3784565	"12N"	NA	NA	NA
"LCLCR336.72"	102290	20584806	1205	15020001	"APACHE"	"Stream"	34.186533	-109.302721	656405	3784141	"12N"	6710	NA	NA
"LCLCR336.76"	102567	20584806	1334	15020001	"APACHE"	"Stream"	34.186389	-109.303333	656349	3784124	"12N"	NA	NA	NA
"LCLCR336.78"	104562	20584806	1902	15020001	"APACHE"	"Stream"	34.186164	-109.303517	656332	3784098	"12N"	NA	NA	NA
"LCLCR336.89"	108702	20584904	2390	15020001	"APACHE"	"Stream"	34.182889	-109.305056	656197	3783733	"12N"	NA	NA	NA
"LCLCR337.67"	100582	20584904	998	15020001	"APACHE"	"Stream"	34.176018	-109.302449	656450	3782975	"12N"	6770	NA	NA
"LCLCR338.79"	103960	20584904	1758	15020001	"APACHE"	"Stream"	34.162222	-109.302222	656496	3781445	"12N"	NA	NA	NA
"LCLCR339.28"	102287	20584904	1202	15020001	"APACHE"	"Stream"	34.158313	-109.296059	657071	3781021	"12N"	NA	NA	NA
"LCLCR340.02"	100331	20584904	194	15020001	"APACHE"	"Stream"	34.151778	-109.294528	657225	3780299	"12N"	6900	NA	NA
"LCLCR340.65"	100333	20584970	195	15020001	"APACHE"	"Stream"	34.145167	-109.294583	657232	3779566	"12N"	NA	NA	NA
"LCLCR341.63"	102285	20584970	1200	15020001	"APACHE"	"Stream"	34.132771	-109.295032	657213	3778190	"12N"	NA	NA	NA
"LCLCR342.03"	104740	20585020	1935	15020001	"APACHE"	"Stream"	34.127924	-109.299163	656841	3777646	"12N"	6940	NA	NA
"LCLCR342.98"	103274	20585020	1524	15020001	"APACHE"	"Stream"	34.118333	-109.305	656321	3776574	"12N"	NA	NA	NA
"LCLCR343.18"	102292	20585020	1207	15020001	"APACHE"	"Stream"	34.116847	-109.306846	656153	3776406	"12N"	NA	NA	NA
"LCLCR343.31"	102291	20585020	1206	15020001	"APACHE"	"Stream"	34.116094	-109.308865	655968	3776320	"12N"	NA	NA	NA
"LCLCR343.58"	102286	20585020	1201	15020001	"APACHE"	"Stream"	34.114647	-109.311054	655769	3776156	"12N"	NA	NA	NA
"LCLCR343.72"	102282	20585020	1197	15020001	"APACHE"	"Stream"	34.11308	-109.312396	655648	3775980	"12N"	NA	NA	NA
"LCLCR343.85"	111135	20585058	2639	15020001	"APACHE"	"Stream"	34.110679	-109.315592	655358	3775709	"12N"	NA	NA	NA
"LCLCR344.58"	102284	20585058	1199	15020001	"APACHE"	"Stream"	34.107159	-109.324683	654526	3775305	"12N"	NA	NA	NA
"LCLCR346.01"	102281	20585120	1196	15020001	"APACHE"	"Stream"	34.10374	-109.3434	652805	3774897	"12N"	NA	NA	NA
"LCLCR347.91"	110462	20585120	2550	15020001	"APACHE"	"Stream"	34.094969	-109.370281	650341	3773885	"12N"	NA	NA	NA
"LCLCR349.82"	109922	20585124	2488	15020001	"APACHE"	"Stream"	34.087417	-109.397639	647830	3773007	"12N"	NA	NA	NA
"LCLCR350.32"	100581	20585124	332	15020001	"APACHE"	"Stream"	34.086574	-109.403284	647311	3772906	"12N"	7305	NA	NA
"LCLCR350.73"	102283	20585124	1198	15020001	"APACHE"	"Stream"	34.088891	-109.40823	646850	3773156	"12N"	NA	NA	NA
"LCLCR352.03"	102279	20585164	1194	15020001	"APACHE"	"Stream"	34.084016	-109.425059	645306	3772591	"12N"	NA	NA	NA
"LCLCR352.57"	100580	20585164	331	15020001	"APACHE"	"Stream"	34.077904	-109.426825	645153	3771911	"12N"	7490	NA	NA
"LCLCR354.54"	103944	20585168	1753	15020001	"APACHE"	"Stream"	34.066667	-109.452778	642777	3770628	"12N"	NA	NA	NA
"LCLCR358.59"	103961	20585312	1759	15020001	"APACHE"	"Stream"	34.023333	-109.450556	643055	3765826	"12N"	NA	NA	NA
"LCLCR359.27"	101720	20585390	894	15020001	"APACHE"	"Stream"	34.013611	-109.4575	642430	3764738	"12N"	NA	NA	NA
"LCLCR360.06"	104737	20585388	1932	15020001	"APACHE"	"Stream"	34.008078	-109.454441	642722	3764128	"12N"	8330	NA	NA
"LCLCR360.24"	103943	20585404	1752	15020001	"APACHE"	"Stream"	34.004222	-109.456088	642576	3763699	"12N"	NA	NA	NA
"LCLIL002.16"	100584	20586684	723	15020001	"APACHE"	"Stream"	33.977134	-109.092995	676167	3761259	"12N"	8620	NA	NA
"LCLUW000.50"	101742	20555207	911	15020009	"NAVAJO"	"Stream"	34.905	-110.201389	572960	3862799	"12N"	NA	NA	NA
"LCLUW014.46"	107702	20553381	2271	15020009	"NAVAJO"	"Stream"	35.063222	-110.097778	582267	3880426	"12N"	NA	NA	NA
"LCLVL001.32"	101243	20586786	628	15020001	"APACHE"	"Stream"	33.939444	-109.508611	637830	3756443	"12N"	9440	NA	NA
"LCMAM002.05"	100589	20586710	725	15020001	"APACHE"	"Stream"	33.967139	-109.082627	677146	3760169	"12N"	8590	"reference"	2014
"LCMIN018.05"	100593	21762444	727	15020002	"APACHE"	"Stream"	34.179968	-109.618864	627280	3782973	"12N"	8070	NA	NA
"LCMLK001.18"	104738	20586750	1933	15020001	"APACHE"	"Stream"	33.951875	-109.173819	668750	3758322	"12N"	8000	NA	NA
"LCMLK002.50"	102013	20586762	1041	15020001	"APACHE"	"Stream"	33.945121	-109.154674	670533	3757605	"12N"	NA	NA	NA
"LCMOW005.00"	101757	20506632	922	15020018	"COCONINO"	"Stream"	35.925	-111.421667	461960	3975712	"12N"	NA	NA	NA
"LCMOW014.89"	101756	20505178	921	15020018	"COCONINO"	"Stream"	36.023611	-111.3975	464185	3986640	"12N"	NA	NA	NA
"LCMOW033.87"	101469	945020585	774	15020018	"COCONINO"	"Stream"	36.105	-111.201944	481823	3995613	"12N"	NA	NA	NA
"LCMOW037.37"	101468	20505078	773	15020018	"COCONINO"	"Stream"	36.11	-111.156111	485950	3996160	"12N"	NA	NA	NA
"LCMOW050.02"	104009	20505952	1785	15020018	"COCONINO"	"Stream"	36.149722	-110.995556	500400	4000555	"12N"	NA	NA	NA
"LCMOW050.28"	104002	20505950	1778	15020018	"COCONINO"	"Stream"	36.151667	-110.993056	500625	4000771	"12N"	NA	NA	NA
"LCMOW058.95"	104004	20505946	1780	15020018	"COCONINO"	"Stream"	36.153889	-110.896944	509270	4001022	"12N"	NA	NA	NA
"LCMOW059.26"	103998	20505946	1776	15020018	"COCONINO"	"Stream"	36.156667	-110.894444	509495	4001330	"12N"	NA	NA	NA
"LCMOW110.80"	104003	20505432	1779	15020018	"NAVAJO"	"Stream"	36.457778	-110.395833	554136	4034894	"12N"	NA	NA	NA
"LCMRS043.17"	104677	20586718	1918	15020001	"APACHE"	"Stream"	33.970185	-109.05564	679633	3760554	"12N"	8440	NA	NA
"LCNUT000.01"	104318	20584952	1876	15020001	"APACHE"	"Stream"	34.151111	-109.293333	657336	3780227	"12N"	NA	NA	NA
"LCNUT000.95"	108303	20584952	2361	15020001	"APACHE"	"Stream"	34.142889	-109.283611	658248	3779330	"12N"	NA	NA	NA
"LCNUT002.22"	108302	20585752	2360	15020001	"APACHE"	"Stream"	34.13875	-109.268889	659613	3778894	"12N"	NA	NA	NA
"LCNUT003.29"	102010	20585752	1039	15020001	"APACHE"	"Stream"	34.138694	-109.252611	661114	3778913	"12N"	NA	NA	NA
"LCNUT004.71"	101987	20584984	1025	15020001	"APACHE"	"Stream"	34.137454	-109.231489	663064	3778809	"12N"	NA	NA	NA
"LCNUT009.31"	101982	20585098	1023	15020001	"APACHE"	"Stream"	34.105116	-109.197125	666297	3775278	"12N"	NA	NA	NA
"LCNUT010.59"	101986	20585104	1024	15020001	"APACHE"	"Stream"	34.091725	-109.20301	665780	3773784	"12N"	NA	NA	NA
"LCNUT011.29"	101988	20585142	1026	15020001	"APACHE"	"Stream"	34.083026	-109.200295	666047	3772824	"12N"	7321	NA	NA
"LCNUT012.75"	101989	20585794	1027	15020001	"APACHE"	"Stream"	34.065985	-109.19943	666160	3770935	"12N"	NA	NA	NA
"LCNUT012.99"	104777	20585794	1937	15020001	"APACHE"	"Stream"	34.063328	-109.198639	666239	3770642	"12N"	NA	NA	NA
"LCNUT013.33"	101722	20585794	895	15020001	"APACHE"	"Stream"	34.06	-109.195	666581	3770279	"12N"	NA	NA	NA
"LCNUT015.01"	110442	20585806	2549	15020001	"APACHE"	"Stream"	34.038247	-109.191017	666991	3767873	"12N"	NA	NA	NA
"LCNUT015.61"	100344	20585806	203	15020001	"APACHE"	"Stream"	34.031694	-109.186556	667416	3767153	"12N"	NA	NA	NA
"LCNUT015.94"	101992	20585806	1028	15020001	"APACHE"	"Stream"	34.027326	-109.184312	667632	3766672	"12N"	NA	NA	NA
"LCNUT016.85"	101993	20585364	1125	15020001	"APACHE"	"Stream"	34.016053	-109.187658	667345	3765417	"12N"	NA	NA	NA
"LCNUT017.61"	101994	20585364	1124	15020001	"APACHE"	"Stream"	34.009115	-109.193191	666848	3764638	"12N"	NA	NA	NA
"LCNUT017.83"	109962	20585408	2492	15020001	"APACHE"	"Stream"	34.006722	-109.193861	666790	3764372	"12N"	NA	NA	NA
"LCNUT019.31"	101995	20586674	1029	15020001	"APACHE"	"Stream"	33.992229	-109.197291	666502	3762759	"12N"	NA	NA	NA
"LCNUT019.70"	101996	20586674	1030	15020001	"APACHE"	"Stream"	33.989009	-109.19971	666285	3762398	"12N"	NA	NA	NA
"LCNUT020.23"	100936	20586674	489	15020001	"APACHE"	"Stream"	33.983056	-109.199125	666350	3761739	"12N"	7550	NA	NA
"LCNUT020.72"	101998	20586674	1031	15020001	"APACHE"	"Stream"	33.98025	-109.202222	666070	3761423	"12N"	7520	NA	NA
"LCNUT021.45"	101999	20586680	1126	15020001	"APACHE"	"Stream"	33.972747	-109.207579	665589	3760582	"12N"	NA	NA	NA
"LCNUT021.75"	102000	20586714	1032	15020001	"APACHE"	"Stream"	33.969536	-109.207857	665570	3760225	"12N"	NA	NA	NA
"LCNUT021.86"	102112	20586674	1070	15020001	"APACHE"	"Stream"	33.978891	-109.20234	666061	3761272	"12N"	NA	NA	NA
"LCNUT022.30"	102001	20586714	1145	15020001	"APACHE"	"Stream"	33.963583	-109.214	665014	3759555	"12N"	NA	NA	NA
"LCNUT023.17"	102002	20586740	1033	15020001	"APACHE"	"Stream"	33.954936	-109.211152	665294	3758601	"12N"	NA	NA	NA
"LCNUT023.45"	102003	20586740	1034	15020001	"APACHE"	"Stream"	33.953053	-109.20709	665673	3758399	"12N"	NA	NA	NA
"LCNUT023.90"	102004	20586740	1035	15020001	"APACHE"	"Stream"	33.9481	-109.2026	666097	3757857	"12N"	NA	NA	NA
"LCNUT024.80"	102005	20586814	1036	15020001	"APACHE"	"Stream"	33.940434	-109.190633	667218	3757026	"12N"	NA	NA	NA
"LCNUT025.35"	102006	20586814	1146	15020001	"APACHE"	"Stream"	33.934809	-109.186104	667648	3756409	"12N"	8200	NA	NA
"LCNUT026.33"	102007	20586814	1147	15020001	"APACHE"	"Stream"	33.921968	-109.183222	667939	3754990	"12N"	NA	NA	NA
"LCNUT026.83"	102008	20586814	1037	15020001	"APACHE"	"Stream"	33.917583	-109.178	668431	3754512	"12N"	8100	NA	NA
"LCNUT027.99"	102009	20586818	1038	15020001	"APACHE"	"Stream"	33.904833	-109.167043	669469	3753117	"12N"	NA	NA	NA
"LCNWC000.10"	102369	20525511	1259	15020015	"COCONINO"	"Stream"	35.056667	-111.491389	455191	3879438	"12N"	NA	NA	NA
"LCNZW036.08"	103417	1412463	1579	14080204	"APACHE"	"Stream"	35.918047	-109.564125	629550	3975811	"12N"	NA	NA	NA
"LCOBW014.65"	101464	20541996	769	15020012	"NAVAJO"	"Stream"	35.579722	-110.773889	520486	3937359	"12N"	NA	NA	NA
"LCOBW038.48"	104023	945020303	1794	15020012	"NAVAJO"	"Stream"	35.785556	-110.660278	530701	3960217	"12N"	NA	NA	NA
"LCPAD000.68"	102012	20586804	1040	15020001	"APACHE"	"Stream"	33.917278	-109.161528	669954	3754506	"12N"	NA	NA	NA
"LCPAD001.30"	100615	20586804	1000	15020001	"APACHE"	"Stream"	33.917968	-109.151329	670896	3754599	"12N"	8485	"reference"	2014
"LCPAD003.52"	102014	20586826	1148	15020001	"APACHE"	"Stream"	33.912869	-109.125618	673283	3754077	"12N"	NA	NA	NA
"LCPCW073.03"	101574	20546494	845	15020011	"APACHE"	"Stream"	35.71	-109.554444	630764	3952747	"12N"	NA	NA	NA
"LCPLW032.93"	101465	20536546	770	15020013	"NAVAJO"	"Stream"	35.655833	-110.561944	539652	3945865	"12N"	NA	NA	NA
"LCPRR024.69"	105128	25208968	1982	15020007	"APACHE"	"Stream"	34.979167	-109.795	609989	3871396	"12N"	NA	NA	NA
"LCPRR057.05"	101744	20557681	913	15020007	"APACHE"	"Stream"	35.182222	-109.446944	641410	3894356	"12N"	NA	NA	NA
"LCPRR087.01"	101739	20565101	909	15020007	"APACHE"	"Stream"	35.327778	-109.07	675422	3911102	"12N"	NA	NA	NA
"LCPRS000.74"	104024	1406651	1795	14080204	"NAVAJO"	"Stream"	36.729722	-110.320278	560693	4065106	"12N"	NA	NA	NA
"LCPRT002.28"	101415	21756082	712	15020005	"NAVAJO"	"Stream"	34.183139	-109.957306	596085	3782954	"12N"	NA	NA	NA
"LCRDF002.11"	101127	20525473	590	15020015	"COCONINO"	"Stream"	35.247439	-111.494119	455047	3900596	"12N"	NA	NA	NA
"LCRDF009.82"	100627	20524887	352	15020015	"COCONINO"	"Stream"	35.207373	-111.576688	447509	3896193	"12N"	6760	NA	NA
"LCRDF015.45"	101751	20524899	919	15020015	"COCONINO"	"Stream"	35.184444	-111.633056	442362	3893681	"12N"	NA	NA	NA
"LCRDF019.16"	107982	20524895	2307	15020015	"COCONINO"	"Stream"	35.219961	-111.654911	440398	3897633	"12N"	NA	NA	NA
"LCRDF019.33"	101750	20524895	918	15020015	"COCONINO"	"Stream"	35.221667	-111.6575	440164	3897824	"12N"	NA	NA	NA
"LCRIG004.87"	104699	20587028	1926	15020001	"APACHE"	"Stream"	33.976031	-109.247742	661872	3760882	"12N"	8160	NA	NA
"LCROS000.25"	109782	20585342	2471	15020001	"APACHE"	"Stream"	34.04111	-109.46117	642046	3767782	"12N"	8338	NA	NA
"LCRRC000.05"	102370	20525553	1260	15020015	"COCONINO"	"Stream"	35.052778	-111.471389	457012	3878998	"12N"	NA	NA	NA
"LCRUD003.45"	104697	20585274	1924	15020001	"APACHE"	"Stream"	34.033333	-109.23022	663381	3767264	"12N"	7640	NA	NA
"LCRUD007.23"	100634	20585396	356	15020001	"APACHE"	"Stream"	34.011021	-109.281612	658678	3764709	"12N"	8100	NA	NA
"LCRUD008.43"	107482	20585396	2242	15020001	"APACHE"	"Stream"	34.003758	-109.299458	657043	3763876	"12N"	8440	NA	NA
"LCSAX001.53"	102372	21745921	1261	15020015	"COCONINO"	"Stream"	34.798333	-111.236667	478351	3850705	"12N"	NA	NA	NA
"LCSCH000.05"	101748	20525447	916	15020015	"COCONINO"	"Stream"	35.226944	-111.658889	440041	3898410	"12N"	NA	NA	NA
"LCSHL021.46"	100340	21755360	199	15020005	"NAVAJO"	"Stream"	34.265389	-110.031167	589192	3792007	"12N"	NA	NA	NA
"LCSHL026.50"	105418	21755158	2034	15020005	"NAVAJO"	"Stream"	34.208333	-110.001111	592021	3785707	"12N"	6480	NA	NA
"LCSHL026.96"	105579	21755168	2051	15020005	"NAVAJO"	"Stream"	34.203056	-110.0025	591899	3785120	"12N"	6520	NA	NA
"LCSHL029.75"	101728	21756096	901	15020005	"NAVAJO"	"Stream"	34.179444	-109.987778	593281	3782516	"12N"	6610	NA	NA
"LCSHL031.05"	104679	21756096	1920	15020005	"NAVAJO"	"Stream"	34.1717	-109.983278	593705	3781661	"12N"	6660	NA	NA
"LCSIL000.06"	104877	21754076	1943	15020005	"NAVAJO"	"Stream"	34.738681	-110.0383	588036	3844485	"12N"	NA	NA	NA
"LCSIL000.55"	101738	21754076	908	15020005	"NAVAJO"	"Stream"	34.733333	-110.033889	588446	3843896	"12N"	NA	NA	NA
"LCSIL006.13"	100337	21754078	976	15020005	"NAVAJO"	"Stream"	34.670478	-110.044553	587536	3836917	"12N"	NA	NA	NA
"LCSIL006.48"	101736	21754078	906	15020005	"NAVAJO"	"Stream"	34.666667	-110.042222	587753	3836496	"12N"	NA	NA	NA
"LCSIL012.64"	104101	21753942	1815	15020005	"NAVAJO"	"Stream"	34.601111	-110.071944	585097	3829201	"12N"	NA	NA	NA
"LCSIL013.53"	104798	21753942	1939	15020005	"NAVAJO"	"Stream"	34.593417	-110.082028	584180	3828339	"12N"	NA	NA	NA
"LCSIL013.65"	100339	21753942	198	15020005	"NAVAJO"	"Stream"	34.591694	-110.082889	584103	3828147	"12N"	NA	NA	NA
"LCSIL020.14"	104102	21753990	1816	15020005	"NAVAJO"	"Stream"	34.528056	-110.080278	584406	3821092	"12N"	NA	NA	NA
"LCSIL024.83"	104682	21754616	1923	15020005	"NAVAJO"	"Stream"	34.481814	-110.077547	584704	3815967	"12N"	NA	NA	NA
"LCSIL027.05"	107382	21754668	2234	15020005	"NAVAJO"	"Stream"	34.455063	-110.090408	583550	3812990	"12N"	5630	NA	NA
"LCSIL032.38"	100338	21754780	197	15020005	"NAVAJO"	"Stream"	34.406139	-110.069833	585489	3807581	"12N"	NA	NA	NA
"LCSIL041.04"	104681	21755914	1922	15020005	"NAVAJO"	"Stream"	34.34429	-109.977388	594055	3800805	"12N"	6060	NA	NA
"LCSIL042.01"	103182	21755914	1502	15020005	"NAVAJO"	"Stream"	34.344806	-109.964722	595220	3800874	"12N"	NA	NA	NA
"LCSIL042.58"	108502	21755914	2373	15020005	"NAVAJO"	"Stream"	34.3425	-109.956667	595963	3800626	"12N"	NA	NA	NA
"LCSIL043.30"	105372	21755928	2023	15020005	"NAVAJO"	"Stream"	34.338722	-109.949694	596609	3800213	"12N"	6100	NA	NA
"LCSIL043.84"	101125	21755918	588	15020005	"APACHE"	"Stream"	34.335914	-109.940014	597502	3799911	"12N"	6103	NA	NA
"LCSIL044.77"	105373	21755936	2024	15020005	"NAVAJO"	"Stream"	34.330361	-109.930333	598399	3799305	"12N"	NA	NA	NA
"LCSLR000.25"	102293	20585206	1208	15020001	"APACHE"	"Stream"	34.085893	-109.41702	646044	3772811	"12N"	NA	NA	NA
"LCSLR000.91"	102280	20585206	1195	15020001	"APACHE"	"Stream"	34.077603	-109.412427	646483	3771898	"12N"	NA	NA	NA
"LCSLR001.42"	100644	20585206	360	15020001	"APACHE"	"Stream"	34.070751	-109.410266	646694	3771141	"12N"	7620	"reference"	2014
"LCSLR003.72"	105538	20585250	2048	15020001	"APACHE"	"Stream"	34.048889	-109.390278	648576	3768745	"12N"	8100	"reference"	2014
"LCSTS000.01"	110482	20585708	2551	15020001	"APACHE"	"Stream"	34.252472	-109.190411	666626	3791631	"12N"	NA	NA	NA
"LCSWI003.61"	101765	20524885	927	15020015	"COCONINO"	"Stream"	35.212222	-111.64	441750	3896766	"12N"	NA	NA	NA
"LCTRK005.19"	111182	21747777	2645	15020008	"COCONINO"	"Stream"	34.43502	-111.03547	496741	3810392	"12N"	NA	NA	NA
"LCTSA027.67"	105176	1410959	2002	14080204	"APACHE"	"Stream"	36.272611	-109.208944	660874	4015674	"12N"	NA	NA	NA
"LCTSA038.18"	103184	1409309	1504	14080204	"NAVAJO"	"Stream"	36.355667	-109.106667	669881	4025063	"12N"	NA	NA	NA
"LCUC2000.56"	104369	20504212	1881	15020018	"NAVAJO"	"Stream"	36.536667	-110.408333	552962	4043638	"12N"	NA	NA	NA
"LCUC2000.77"	104368	20504212	1880	15020018	"NAVAJO"	"Stream"	36.539722	-110.408056	552985	4043977	"12N"	NA	NA	NA
"LCUCM000.01"	101770	20504212	930	15020018	"NAVAJO"	"Stream"	36.531667	-110.401111	553612	4043087	"12N"	NA	NA	NA
"LCULM001.96"	102733	20525087	1383	15020015	"COCONINO"	"Stream"	35.075725	-111.570053	448029	3881589	"12N"	NA	NA	NA
"LCULY000.05"	107362	20585866	2233	15020001	"APACHE"	"Stream"	34.352156	-109.368303	650066	3802409	"12N"	NA	NA	NA
"LCURR000.17"	103899	20585284	1731	15020001	"APACHE"	"Stream"	34.034167	-109.4275	645166	3767059	"12N"	NA	NA	NA
"LCUSW0.01"	101771	20524885	926	15020015	"COCONINO"	"Stream"	35.200278	-111.616528	443878	3895428	"12N"	NA	NA	NA
"LCUWS000.06"	102374	21741072	1263	15020010	"COCONINO"	"Stream"	34.29975	-110.871667	511810	3795400	"12N"	NA	NA	NA
"LCVIG000.92"	104162	20584646	1851	15020001	"APACHE"	"Stream"	34.288056	-109.368056	650203	3795301	"12N"	NA	NA	NA
"LCWAN000.54"	105500	21756114	2046	15020005	"NAVAJO"	"Stream"	34.159028	-109.9805	593975	3780258	"12N"	NA	NA	NA
"LCWAN000.56"	105499	21756128	2045	15020005	"NAVAJO"	"Stream"	34.158833	-109.980889	593939	3780236	"12N"	NA	NA	NA
"LCWAN000.58"	105498	21756116	2044	15020005	"NAVAJO"	"Stream"	34.158556	-109.981	593929	3780206	"12N"	NA	NA	NA
"LCWAN002.19"	105249	21756154	2006	15020005	"NAVAJO"	"Stream"	34.1405	-109.975806	594428	3778208	"12N"	NA	NA	NA
"LCWAN002.60"	105248	21756152	2005	15020005	"NAVAJO"	"Stream"	34.139583	-109.97125	594849	3778111	"12N"	NA	NA	NA
"LCWAN004.71"	105247	21756188	2004	15020005	"NAVAJO"	"Stream"	34.124833	-109.948389	596974	3776497	"12N"	NA	NA	NA
"LCWAN006.18"	110589	21756188	2566	15020005	"NAVAJO"	"Stream"	34.112668	-109.930918	598599	3775164	"12N"	NA	NA	NA
"LCWAT005.73"	104179	20585258	1854	15020001	"APACHE"	"Stream"	34.040278	-109.301389	656798	3767923	"12N"	NA	NA	NA
"LCWCC001.36"	111464	21739226	61690	15020010	"COCONINO"	"Stream"	34.61818	-110.78802	519433	3830722	"12N"	NA	NA	NA
"LCWCY005.01"	108522	21741030	2374	15020010	"COCONINO"	"Stream"	34.332194	-110.935806	505905	3798992	"12N"	NA	NA	NA
"LCWHE008.17"	103296	1409717	1530	14080204	"APACHE"	"Stream"	36.208556	-109.13375	667766	4008695	"12N"	NA	NA	NA
"LCWIL018.74"	110775	21746889	2593	15020008	"COCONINO"	"Stream"	34.518681	-110.986737	501217	3819669	"12N"	6742	NA	NA
"LCWLR000.03"	104201	20585434	1860	15020001	"APACHE"	"Stream"	34.003611	-109.4575	642447	3763629	"12N"	NA	NA	NA
"LCWLR000.29"	104200	20585434	1859	15020001	"APACHE"	"Stream"	34.001667	-109.460556	642168	3763409	"12N"	NA	NA	NA
"LCWLR000.92"	100328	20586666	974	15020001	"APACHE"	"Stream"	33.99375	-109.465139	641758	3762525	"12N"	8480	NA	NA
"LCWLR001.23"	100695	20586666	382	15020001	"APACHE"	"Stream"	33.989258	-109.465297	641751	3762026	"12N"	8550	"reference"	2014
"LCWLR004.09"	100945	20587036	495	15020001	"APACHE"	"Stream"	33.963111	-109.500639	638529	3759079	"12N"	9160	NA	NA
"LCWLR005.05"	100329	20587036	193	15020001	"APACHE"	"Stream"	33.958611	-109.515917	637124	3758559	"12N"	NA	NA	NA
"LCWLR005.31"	100694	20587036	760	15020001	"APACHE"	"Stream"	33.956188	-109.519103	636834	3758286	"12N"	9240	NA	NA
"LCWLR007.37"	107383	20586780	2235	15020001	"APACHE"	"Stream"	33.935062	-109.542603	634695	3755912	"12N"	9550	"Reference"	2017
"LCWLS088.99"	102347	21741074	1239	15020010	"COCONINO"	"Stream"	34.3	-110.861389	512755	3795429	"12N"	NA	NA	NA
"LCWOO004.55"	102016	20586648	1043	15020001	"APACHE"	"Stream"	33.995071	-109.127468	672946	3763190	"12N"	NA	NA	NA
"LCWTT001.61"	102017	20586646	1044	15020001	"APACHE"	"Stream"	33.996032	-109.175526	668505	3763216	"12N"	NA	NA	NA
"LCYEL001.81"	101769	20504184	929	15020018	"NAVAJO"	"Stream"	36.509167	-110.439444	550195	4040571	"12N"	NA	NA	NA
"MGA2S000.79"	103797	20412478	1700	15070102	"YAVAPAI"	"Stream"	34.336667	-112.076111	401015	3800010	"12N"	NA	NA	NA
"MGA2S030.40"	100409	20410598	683	15070102	"YAVAPAI"	"Stream"	34.638496	-112.128077	396608	3833533	"12N"	6100	NA	NA
"MGAFR015.20"	103764	20416346	1690	15070102	"MARICOPA"	"Stream"	33.576389	-112.304722	378913	3715951	"12N"	NA	NA	NA
"MGAFR015.28"	103763	20416346	1689	15070102	"MARICOPA"	"Stream"	33.577222	-112.304722	378914	3716043	"12N"	NA	NA	NA
"MGAFR015.31"	103762	20416346	1688	15070102	"MARICOPA"	"Stream"	33.5775	-112.305556	378837	3716075	"12N"	NA	NA	NA
"MGAFR034.50"	100781	24979654	429	15070102	"MARICOPA"	"Stream"	33.831944	-112.274167	382099	3744253	"12N"	NA	NA	NA
"MGAFR053.33"	101304	20413978	644	15070102	"MARICOPA"	"Stream"	34.01725	-112.1735	391649	3764689	"12N"	NA	NA	NA
"MGAFR053.72"	100778	20413978	427	15070102	"YAVAPAI"	"Stream"	34.015556	-112.168056	392149	3764496	"12N"	NA	NA	NA
"MGAFR081.12"	103780	20412610	1696	15070102	"YAVAPAI"	"Stream"	34.257778	-112.063611	402073	3791250	"12N"	NA	NA	NA
"MGAFR081.57"	103779	20412606	1695	15070102	"YAVAPAI"	"Stream"	34.262222	-112.058889	402513	3791738	"12N"	NA	NA	NA
"MGAFR087.06"	100710	20413810	670	15070102	"YAVAPAI"	"Stream"	34.314057	-112.061406	402342	3797489	"12N"	3445	NA	NA
"MGAFR087.35"	100711	20412498	1006	15070102	"YAVAPAI"	"Stream"	34.315696	-112.066611	401865	3797676	"12N"	3480	NA	NA
"MGAFR088.43"	103778	20412496	1694	15070102	"YAVAPAI"	"Stream"	34.323611	-112.071667	401409	3798558	"12N"	NA	NA	NA
"MGAFR088.52"	103765	20412484	1691	15070102	"YAVAPAI"	"Stream"	34.324722	-112.071111	401461	3798681	"12N"	NA	NA	NA
"MGAFR091.65"	103781	20412448	1697	15070102	"YAVAPAI"	"Stream"	34.351389	-112.103056	398554	3801669	"12N"	NA	NA	NA
"MGAFR100.15"	103783	20413772	1699	15070102	"YAVAPAI"	"Stream"	34.428611	-112.167222	392751	3810299	"12N"	NA	NA	NA
"MGAFR103.11"	103777	20412276	1693	15070102	"YAVAPAI"	"Stream"	34.445556	-112.200833	389685	3812214	"12N"	NA	NA	NA
"MGAFR104.20"	103782	20412276	1698	15070102	"YAVAPAI"	"Stream"	34.449167	-112.214167	388465	3812629	"12N"	NA	NA	NA
"MGAFR109.37"	101672	20412230	875	15070102	"YAVAPAI"	"Stream"	34.485167	-112.238083	386317	3816648	"12N"	NA	NA	NA
"MGAFR110.01"	106462	20412230	2148	15070102	"YAVAPAI"	"Stream"	34.4899	-112.230944	386979	3817165	"12N"	4410	NA	NA
"MGAFR111.17"	103766	20410842	1692	15070102	"YAVAPAI"	"Stream"	34.502222	-112.23	387082	3818530	"12N"	NA	NA	NA
"MGALC000.46"	107882	21270566	2297	15050100	"PINAL"	"Stream"	33.272583	-111.175111	483692	3681520	"12N"	NA	NA	NA
"MGANT013.23"	111460	20401939	61674	15070103	"YAVAPAI"	"Stream"	34.1952	-112.7167	341821	3785132	"12N"	NA	NA	NA
"MGANT013.35"	100713	20401939	397	15070103	"YAVAPAI"	"Stream"	34.195999	-112.715039	341976	3785218	"12N"	3850	NA	NA
"MGARN000.11"	103503	21270564	1603	15050100	"PINAL"	"Stream"	33.27711	-111.170379	484134	3682021	"12N"	NA	NA	NA
"MGARN002.74"	101306	21270564	646	15050100	"PINAL"	"Stream"	33.264167	-111.138556	487095	3680582	"12N"	NA	NA	NA
"MGARN003.84"	107823	21270590	2289	15050100	"PINAL"	"Stream"	33.260944	-111.12375	488474	3680223	"12N"	NA	NA	NA
"MGARN005.52"	107842	21270648	2290	15050100	"PINAL"	"Stream"	33.246222	-111.110889	489670	3678589	"12N"	NA	NA	NA
"MGARN007.64"	103462	21270680	1600	15050100	"PINAL"	"Stream"	33.229417	-111.089139	491695	3676724	"12N"	NA	NA	NA
"MGARN008.31"	106222	21270686	2116	15050100	"PINAL"	"Stream"	33.225556	-111.079472	492595	3676295	"12N"	NA	NA	NA
"MGARS000.04"	107783	20413806	2282	15070102	"YAVAPAI"	"Stream"	34.327861	-112.370861	373888	3799360	"12N"	NA	NA	NA
"MGBEA000.02"	102524	20412520	1303	15070102	"YAVAPAI"	"Stream"	34.316667	-112.303611	380059	3798038	"12N"	NA	NA	NA
"MGBEA001.08"	104882	20412520	1948	15070102	"YAVAPAI"	"Stream"	34.312194	-112.313806	379115	3797554	"12N"	NA	NA	NA
"MGBEA002.08"	107703	20412522	2272	15070102	"YAVAPAI"	"Stream"	34.303192	-112.320314	378503	3796563	"12N"	NA	NA	NA
"MGBEA003.05"	105347	20412596	2017	15070102	"YAVAPAI"	"Stream"	34.291722	-112.325222	378035	3795297	"12N"	NA	NA	NA
"MGBEC000.22"	107386	21270562	2237	15050100	"PINAL"	"Stream"	33.268694	-111.089778	491639	3681079	"12N"	NA	NA	NA
"MGBGB000.02"	103837	20412536	1715	15070102	"YAVAPAI"	"Stream"	34.314722	-112.066944	401833	3797568	"12N"	NA	NA	NA
"MGBGB009.57"	107763	20412462	2280	15070102	"YAVAPAI"	"Stream"	34.344083	-112.163028	393029	3800921	"12N"	NA	NA	NA
"MGBGB023.15"	109422	20412294	2440	15070102	"YAVAPAI"	"Stream"	34.4535	-112.306472	379991	3813215	"12N"	5070	NA	NA
"MGBGB026.57"	103838	20412300	1716	15070102	"YAVAPAI"	"Stream"	34.438333	-112.355278	375485	3811592	"12N"	NA	NA	NA
"MGBGB027.21"	111499	20412300	61759	15070102	"YAVAPAI"	"Stream"	34.43641	-112.36469	374618	3811390	"12N"	NA	NA	NA
"MGBGB027.37"	111498	20412300	61758	15070102	"YAVAPAI"	"Stream"	34.43569	-112.36716	374390	3811314	"12N"	NA	NA	NA
"MGBGB028.27"	108102	20412300	2322	15070102	"YAVAPAI"	"Stream"	34.425778	-112.375056	373649	3810224	"12N"	NA	NA	NA
"MGBLA001.61"	100470	20412966	270	15070102	"YAVAPAI"	"Stream"	34.090028	-112.152667	393663	3772738	"12N"	NA	NA	NA
"MGBLJ000.06"	103409	20413762	1576	15070102	"YAVAPAI"	"Stream"	34.453667	-112.391194	372209	3813337	"12N"	NA	NA	NA
"MGCED000.25"	102522	20413802	1301	15070102	"YAVAPAI"	"Stream"	34.296667	-112.226694	387110	3795732	"12N"	NA	NA	NA
"MGCED000.78"	111416	20413802	2659	15070102	"YAVAPAI"	"Stream"	34.302528	-112.226639	387123	3796381	"12N"	NA	NA	NA
"MGCED001.75"	104542	20413802	1901	15070102	"YAVAPAI"	"Stream"	34.313306	-112.22875	386943	3797579	"12N"	NA	NA	NA
"MGCGA001.32"	107762	20411336	2279	15070102	"YAVAPAI"	"Stream"	34.502	-112.245083	385697	3818523	"12N"	NA	NA	NA
"MGCMW000.15"	108026	21270096	2315	15050100	"PINAL"	"Stream"	33.326333	-111.099639	490727	3687470	"12N"	NA	NA	NA
"MGCMW000.88"	106230	21270098	2120	15050100	"PINAL"	"Stream"	33.329333	-111.090083	491616	3687801	"12N"	NA	NA	NA
"MGCMW001.16"	106225	21270098	2119	15050100	"PINAL"	"Stream"	33.331611	-111.086056	491991	3688054	"12N"	NA	NA	NA
"MGCNE000.50"	110777	20412250	2595	15070102	"YAVAPAI"	"Stream"	34.475269	-112.049319	403639	3815354	"12N"	NA	NA	NA
"MGCON000.41"	108025	21270146	2314	15050100	"PINAL"	"Stream"	33.322417	-111.090361	491590	3687035	"12N"	NA	NA	NA
"MGCRB001.74"	104478	20413828	1895	15070102	"YAVAPAI"	"Stream"	34.260528	-112.2825	381923	3791787	"12N"	NA	NA	NA
"MGCRB001.87"	102691	20413836	1376	15070102	"YAVAPAI"	"Stream"	34.2595	-112.2345	386341	3791619	"12N"	NA	NA	NA
"MGCRC000.78"	107787	21270418	2286	15050100	"PINAL"	"Stream"	33.284139	-111.098278	490849	3682792	"12N"	NA	NA	NA
"MGCSM000.01"	111201	20402993	2648	15070103	"YAVAPAI"	"Stream"	34.427569	-112.429411	368657	3810492	"12N"	NA	NA	NA
"MGCSM000.29"	100833	20402993	457	15070103	"YAVAPAI"	"Stream"	34.425581	-112.425724	368993	3810267	"12N"	NA	NA	NA
"MGCSM000.34"	102818	20402993	1414	15070103	"YAVAPAI"	"Stream"	34.425417	-112.425194	369041	3810248	"12N"	NA	NA	NA
"MGCSM000.47"	100832	20402993	456	15070103	"YAVAPAI"	"Stream"	34.423444	-112.423389	369204	3810027	"12N"	NA	NA	NA
"MGCVE001.53"	111256	20474916	2664	NA	"YAVAPAI"	"Stream"	34.031944	-111.859154	420688	3766031	"12N"	NA	NA	NA
"MGCVE025.98"	101305	20476698	645	NA	"MARICOPA"	"Stream"	33.88125	-111.962472	410993	3749406	"12N"	NA	NA	NA
"MGCVE026.19"	100471	20476698	271	NA	"MARICOPA"	"Stream"	33.881694	-111.959028	411312	3749452	"12N"	NA	NA	NA
"MGCVE026.85"	100928	20476698	483	NA	"MARICOPA"	"Stream"	33.888889	-111.954444	411743	3750246	"12N"	2280	NA	NA
"MGCVE027.15"	100927	20476694	482	NA	"MARICOPA"	"Stream"	33.893056	-111.952778	411901	3750707	"12N"	2320	NA	NA
"MGCVE029.10"	111186	20476682	2657	NA	"MARICOPA"	"Stream"	33.91492	-111.94934	412242	3753128	"12N"	NA	NA	NA
"MGCVE037.68"	100527	20476614	307	NA	"MARICOPA"	"Stream"	33.963788	-111.878899	418800	3758489	"12N"	3280	NA	NA
"MGCVE038.30"	106862	20476614	2188	NA	"MARICOPA"	"Stream"	33.963467	-111.869911	419630	3758446	"12N"	3320	NA	NA
"MGD1Y007.40"	111255	20414626	2663	15070102	"SANTA CRUZ"	"Stream"	34.342969	-111.920489	415337	3800568	"12N"	NA	NA	NA
"MGDKC000.31"	107802	21270524	2287	15050100	"PINAL"	"Stream"	33.272111	-111.096917	490974	3681458	"12N"	NA	NA	NA
"MGDSW016.30"	103644	21274098	1652	15050100	"PINAL"	"Stream"	33.195833	-110.915556	507871	3673001	"12N"	NA	NA	NA
"MGDTA000.36"	108142	21270464	2328	15050100	"PINAL"	"Stream"	33.296694	-111.123889	488466	3684186	"12N"	NA	NA	NA
"MGDTB000.75"	108143	21270562	2329	15050100	"PINAL"	"Stream"	33.263833	-111.096472	491015	3680540	"12N"	NA	NA	NA
"MGDTC000.47"	108144	21270472	2330	15050100	"PINAL"	"Stream"	33.277167	-111.098444	490833	3682019	"12N"	NA	NA	NA
"MGDTD000.17"	108145	21270524	2331	15050100	"PINAL"	"Stream"	33.275361	-111.098	490874	3681818	"12N"	NA	NA	NA
"MGDTF000.02"	108162	21270418	2333	15050100	"PINAL"	"Stream"	33.283611	-111.098333	490844	3682733	"12N"	NA	NA	NA
"MGDTG000.62"	108163	21270404	2334	15050100	"PINAL"	"Stream"	33.28975	-111.096389	491025	3683414	"12N"	NA	NA	NA
"MGDTH000.01"	108164	21272858	2335	15050100	"PINAL"	"Stream"	33.252778	-111.206889	480729	3679330	"12N"	NA	NA	NA
"MGDTI000.01"	108165	21272858	2336	15050100	"PINAL"	"Stream"	33.252306	-111.206778	480739	3679277	"12N"	NA	NA	NA
"MGDTJ000.01"	108167	21272858	2338	15050100	"PINAL"	"Stream"	33.246833	-111.210889	480355	3678671	"12N"	NA	NA	NA
"MGDTK000.01"	108168	21272858	2339	15050100	"PINAL"	"Stream"	33.250889	-111.20775	480648	3679120	"12N"	NA	NA	NA
"MGDTL000.16"	108182	21270404	2340	15050100	"PINAL"	"Stream"	33.304222	-111.087972	491810	3685017	"12N"	NA	NA	NA
"MGDTM000.10"	108222	21270404	2342	15050100	"PINAL"	"Stream"	33.28925	-111.096417	491023	3683358	"12N"	NA	NA	NA
"MGDTN000.05"	108223	21270562	2343	15050100	"PINAL"	"Stream"	33.264139	-111.081417	492417	3680573	"12N"	NA	NA	NA
"MGDTO000.14"	108225	21270478	2345	15050100	"PINAL"	"Stream"	33.295333	-111.121111	488724	3684035	"12N"	NA	NA	NA
"MGDTP000.62"	108226	21270266	2346	15050100	"PINAL"	"Stream"	33.311417	-111.112639	489515	3685817	"12N"	NA	NA	NA
"MGDTQ000.10"	108227	21270044	2347	15050100	"PINAL"	"Stream"	33.337694	-111.091778	491459	3688729	"12N"	NA	NA	NA
"MGDTR000.10"	108228	21270146	2348	15050100	"PINAL"	"Stream"	33.323194	-111.092639	491378	3687121	"12N"	NA	NA	NA
"MGDTR000.19"	108242	21270146	2349	15050100	"PINAL"	"Stream"	33.322472	-111.091139	491517	3687041	"12N"	NA	NA	NA
"MGDTS000.11"	108262	21270146	2350	15050100	"PINAL"	"Stream"	33.324917	-111.092389	491401	3687312	"12N"	NA	NA	NA
"MGDTT000.35"	108263	21270266	2351	15050100	"PINAL"	"Stream"	33.313333	-111.104722	490252	3686029	"12N"	NA	NA	NA
"MGDTU000.49"	108265	21270146	2353	15050100	"PINAL"	"Stream"	33.321694	-111.097167	490956	3686955	"12N"	NA	NA	NA
"MGDTV000.35"	108266	21270266	2354	15050100	"PINAL"	"Stream"	33.31575	-111.111639	489608	3686297	"12N"	NA	NA	NA
"MGDTW001.06"	108146	21270524	2332	15050100	"PINAL"	"Stream"	33.273889	-111.097528	490918	3681655	"12N"	NA	NA	NA
"MGDTW001.50"	108267	21270524	2355	15050100	"PINAL"	"Stream"	33.274639	-111.094667	491184	3681738	"12N"	NA	NA	NA
"MGDTX000.29"	108282	21270630	2356	15050100	"PINAL"	"Stream"	33.254583	-111.084472	492132	3679514	"12N"	NA	NA	NA
"MGDTY000.05"	108283	21270086	2357	15050100	"PINAL"	"Stream"	33.331583	-111.097444	490931	3688052	"12N"	NA	NA	NA
"MGDTZ000.24"	108285	21270300	2359	15050100	"PINAL"	"Stream"	33.303417	-111.067389	493726	3684927	"12N"	NA	NA	NA
"MGDTZ000.38"	108284	21270404	2358	15050100	"PINAL"	"Stream"	33.305056	-111.066861	493776	3685108	"12N"	NA	NA	NA
"MGDVC005.49"	100534	21270496	995	15050100	"PINAL"	"Stream"	33.276585	-111.027755	497415	3681950	"12N"	3560	NA	NA
"MGDVC009.11"	105979	21270160	2091	15050100	"PINAL"	"Stream"	33.325306	-111.032	497022	3687352	"12N"	NA	NA	NA
"MGELM000.16"	107786	21270404	2285	15050100	"PINAL"	"Stream"	33.293194	-111.088333	491776	3683795	"12N"	NA	NA	NA
"MGEUG000.21"	109502	20412270	2444	15070102	"YAVAPAI"	"Stream"	34.453722	-112.311833	379499	3813246	"12N"	NA	NA	NA
"MGEUG000.75"	108103	20412270	2323	15070102	"YAVAPAI"	"Stream"	34.455583	-112.319933	378758	3813462	"12N"	NA	NA	NA
"MGFOW000.28"	106231	21270086	2121	15050100	"PINAL"	"Stream"	33.329111	-111.098528	490830	3687778	"12N"	NA	NA	NA
"MGFOW000.48"	107902	21270086	2298	15050100	"PINAL"	"Stream"	33.331611	-111.097194	490955	3688055	"12N"	NA	NA	NA
"MGFOW001.22"	107903	21270044	2299	15050100	"PINAL"	"Stream"	33.338833	-111.089139	491705	3688855	"12N"	NA	NA	NA
"MGFRE007.49"	103901	20413104	1733	15070102	"YAVAPAI"	"Stream"	34.017222	-112.344722	375839	3764881	"12N"	NA	NA	NA
"MGFRG000.19"	102084	20401851	1057	15070103	"YAVAPAI"	"Stream"	34.240339	-112.551713	357101	3789894	"12N"	NA	NA	NA
"MGFRG006.95"	101650	20401809	871	15070103	"YAVAPAI"	"Stream"	34.300335	-112.615838	351301	3796639	"12N"	NA	NA	NA
"MGFRG007.06"	101649	20401817	870	15070103	"YAVAPAI"	"Stream"	34.300446	-112.616069	351280	3796652	"12N"	NA	NA	NA
"MGFRG007.28"	102242	20401797	1141	15070103	"YAVAPAI"	"Stream"	34.303015	-112.616062	351285	3796937	"12N"	4700	NA	NA
"MGFRG008.09"	101620	20401797	859	15070103	"YAVAPAI"	"Stream"	34.308858	-112.624544	350515	3797597	"12N"	4700	NA	NA
"MGFRG008.19"	102235	20401797	1140	15070103	"YAVAPAI"	"Stream"	34.30921	-112.627423	350250	3797640	"12N"	NA	NA	NA
"MGFRG009.59"	102087	20401797	1060	15070103	"YAVAPAI"	"Stream"	34.30338	-112.640885	349001	3797014	"12N"	NA	NA	NA
"MGFRG009.79"	101619	20401797	858	15070103	"YAVAPAI"	"Stream"	34.302892	-112.642872	348817	3796963	"12N"	NA	NA	NA
"MGFRG010.13"	102086	20401797	1059	15070103	"YAVAPAI"	"Stream"	34.296512	-112.648473	348290	3796263	"12N"	NA	NA	NA
"MGFRG010.14"	102088	20401797	1061	15070103	"YAVAPAI"	"Stream"	34.299628	-112.646692	348460	3796606	"12N"	NA	NA	NA
"MGFRG010.19"	102085	20401797	1058	15070103	"YAVAPAI"	"Stream"	34.299094	-112.647647	348371	3796548	"12N"	NA	NA	NA
"MGFRG010.33"	102234	20401797	1139	15070103	"YAVAPAI"	"Stream"	34.297119	-112.648155	348321	3796330	"12N"	NA	NA	NA
"MGGLR167.44"	100734	20427202	409	15070101	"MARICOPA"	"Stream"	33.229167	-112.7675	335305	3678085	"12N"	NA	NA	NA
"MGGLR170.67"	109062	945070205	2416	15070101	"MARICOPA"	"Stream"	33.271911	-112.772536	334916	3682833	"12N"	764	NA	NA
"MGGLR174.91"	109823	20428952	2474	15070101	"MARICOPA"	"Stream"	33.308044	-112.746411	337417	3686799	"12N"	NA	NA	NA
"MGGLR179.53"	109822	945070203	2473	15070101	"MARICOPA"	"Stream"	33.32145	-112.674783	344110	3688176	"12N"	NA	NA	NA
"MGGLR183.10"	109042	20427074	2415	15070101	"MARICOPA"	"Stream"	33.333633	-112.623061	348946	3689450	"12N"	810	NA	NA
"MGGLR199.33"	101495	20427008	789	15070101	"MARICOPA"	"Stream"	33.388333	-112.3925	370486	3695205	"12N"	NA	NA	NA
"MGGLR204.04"	101264	20427004	632	15070101	"MARICOPA"	"Stream"	33.375972	-112.320528	377163	3693747	"12N"	NA	NA	NA
"MGGLR204.47"	100467	20427004	268	15070101	"MARICOPA"	"Stream"	33.378639	-112.314556	377723	3694036	"12N"	NA	NA	NA
"MGGLR205.04"	100468	21268022	990	15050100	"MARICOPA"	"Stream"	33.3805	-112.302194	378875	3694228	"12N"	NA	NA	NA
"MGGLR312.41"	110656	21274482	2579	15050100	"PINAL"	"Stream"	33.10375	-110.991689	500775	3662789	"12N"	NA	NA	NA
"MGGLR313.73"	100748	21274490	417	15050100	"PINAL"	"Stream"	33.102778	-110.974722	502359	3662681	"12N"	NA	NA	NA
"MGGLR322.65"	111295	21275814	2640	15050100	"PINAL"	"Stream"	33.040858	-110.888453	510415	3655822	"12N"	NA	NA	NA
"MGGLR327.90"	103635	21275082	1651	15050100	"PINAL"	"Stream"	33.0125	-110.834444	515463	3652685	"12N"	NA	NA	NA
"MGGLR333.13"	110082	21279688	2512	15050100	"PINAL"	"Stream"	32.9853	-110.7665	521816	3649682	"12N"	1920	NA	NA
"MGGLR337.14"	104638	21274998	1914	15050100	"GILA"	"Stream"	33.024361	-110.7385	524422	3654018	"12N"	NA	NA	NA
"MGGLR343.27"	101652	21274678	872	15050100	"GILA"	"Stream"	33.082111	-110.708806	527177	3660428	"12N"	2040	NA	NA
"MGHCC001.02"	108043	21270458	2317	15050100	"PINAL"	"Stream"	33.2895	-111.157917	485296	3683393	"12N"	NA	NA	NA
"MGHCC002.88"	107904	21272786	2300	15050100	"PINAL"	"Stream"	33.309111	-111.141444	486833	3685565	"12N"	NA	NA	NA
"MGHSR000.77"	101197	24979886	619	15070103	"MARICOPA"	"Stream"	33.322694	-112.711111	340730	3688369	"12N"	NA	NA	NA
"MGHSR002.67"	101496	20405291	790	15070103	"MARICOPA"	"Stream"	33.347222	-112.725833	339405	3691111	"12N"	831.91	NA	NA
"MGHSR047.05"	100567	20403917	324	15070103	"YAVAPAI"	"Stream"	33.926837	-112.686426	344120	3755324	"12N"	1925	NA	NA
"MGHSR048.20"	100462	20403905	264	15070103	"MARICOPA"	"Stream"	33.937944	-112.699694	342914	3756576	"12N"	1969	NA	NA
"MGHSR058.80"	100463	20403179	1056	15070103	"YAVAPAI"	"Stream"	34.045167	-112.710111	342150	3768483	"12N"	2236	NA	NA
"MGHSR082.11"	100566	20401975	323	15070103	"YAVAPAI"	"Stream"	34.186834	-112.540034	358087	3783944	"12N"	3270	NA	NA
"MGHSR083.94"	101003	20401895	1170	15070103	"YAVAPAI"	"Stream"	34.211222	-112.538528	358267	3786646	"12N"	NA	NA	NA
"MGHSR085.79"	100464	20401895	265	15070103	"YAVAPAI"	"Stream"	34.233333	-112.546	357615	3789109	"12N"	3460	NA	NA
"MGHSR086.26"	101128	20401895	591	15070103	"YAVAPAI"	"Stream"	34.239139	-112.548972	357351	3789757	"12N"	NA	NA	NA
"MGHSR089.46"	101004	20401815	528	15070103	"YAVAPAI"	"Stream"	34.282028	-112.549611	357365	3794514	"12N"	NA	NA	NA
"MGHSR092.07"	100940	20403015	492	15070103	"YAVAPAI"	"Stream"	34.310194	-112.568722	355654	3797665	"12N"	NA	NA	NA
"MGHSR095.83"	101193	20401723	615	15070103	"YAVAPAI"	"Stream"	34.354861	-112.562611	356293	3802609	"12N"	NA	NA	NA
"MGHSR102.01"	101196	20401675	618	15070103	"YAVAPAI"	"Stream"	34.413778	-112.525806	359776	3809092	"12N"	NA	NA	NA
"MGHSR102.66"	100565	20401675	719	15070103	"YAVAPAI"	"Stream"	34.420998	-112.52531	359834	3809892	"12N"	4750	NA	NA
"MGHSR108.19"	101195	20401639	617	15070103	"YAVAPAI"	"Stream"	34.453333	-112.486667	363438	3813425	"12N"	5400	NA	NA
"MGHSR110.58"	106662	20401663	2169	15070103	"YAVAPAI"	"Stream"	34.444167	-112.4585	366011	3812371	"12N"	5820	NA	NA
"MGHSR111.40"	100941	20401663	493	15070103	"YAVAPAI"	"Stream"	34.439028	-112.447028	367056	3811786	"12N"	NA	NA	NA
"MGHSR112.91"	100466	20402993	267	15070103	"YAVAPAI"	"Stream"	34.426139	-112.4335	368279	3810339	"12N"	NA	NA	NA
"MGHSR112.97"	103355	20402993	1547	15070103	"YAVAPAI"	"Stream"	34.426667	-112.433056	368321	3810397	"12N"	NA	NA	NA
"MGHSR113.01"	101084	20402993	582	15070103	"YAVAPAI"	"Stream"	34.426694	-112.431778	368438	3810398	"12N"	NA	NA	NA
"MGHSR113.09"	100465	20402993	266	15070103	"YAVAPAI"	"Stream"	34.4275	-112.430833	368526	3810486	"12N"	NA	NA	NA
"MGHSR113.15"	101065	20402993	566	15070103	"YAVAPAI"	"Stream"	34.427722	-112.429611	368639	3810509	"12N"	NA	NA	NA
"MGHSR113.16"	101066	20402993	567	15070103	"YAVAPAI"	"Stream"	34.427611	-112.429583	368641	3810497	"12N"	NA	NA	NA
"MGHSR113.17"	101067	20402993	568	15070103	"YAVAPAI"	"Stream"	34.42775	-112.429417	368657	3810512	"12N"	NA	NA	NA
"MGHSR113.60"	103431	20402993	1586	15070103	"YAVAPAI"	"Stream"	34.431639	-112.423806	369179	3810936	"12N"	NA	NA	NA
"MGHSR113.86"	100942	20402993	494	15070103	"YAVAPAI"	"Stream"	34.432944	-112.420333	369500	3811076	"12N"	NA	NA	NA
"MGHSR113.91"	103436	20402993	1591	15070103	"YAVAPAI"	"Stream"	34.433194	-112.419361	369589	3811103	"12N"	NA	NA	NA
"MGHSR113.96"	103435	20402993	1590	15070103	"YAVAPAI"	"Stream"	34.4335	-112.4185	369669	3811136	"12N"	NA	NA	NA
"MGHSR114.54"	101005	20402993	529	15070103	"YAVAPAI"	"Stream"	34.428444	-112.412194	370241	3810567	"12N"	NA	NA	NA
"MGHSR115.34"	101151	20402993	595	15070103	"YAVAPAI"	"Stream"	34.422778	-112.400833	371276	3809924	"12N"	NA	NA	NA
"MGIBW000.66"	101492	20480292	787	NA	"MARICOPA"	"Stream"	33.443611	-111.915278	414928	3700842	"12N"	NA	NA	NA
"MGIBW014.04"	101520	20477244	812	NA	"MARICOPA"	"Stream"	33.599167	-111.995833	407605	3718158	"12N"	NA	NA	NA
"MGIDN002.66"	106182	20402979	2107	15070103	"YAVAPAI"	"Stream"	34.485361	-112.505667	361745	3817003	"12N"	5950	NA	NA
"MGLAS004.25"	103979	20412408	1764	15070102	"YAVAPAI"	"Stream"	34.3825	-112.031667	405155	3805050	"12N"	NA	NA	NA
"MGLAS004.52"	100578	20412408	867	15070102	"YAVAPAI"	"Stream"	34.383779	-112.02585	405691	3805187	"12N"	3840	NA	NA
"MGLIO000.19"	100586	20402007	724	15070103	"YAVAPAI"	"Stream"	34.170722	-112.693927	343875	3782382	"12N"	3850	NA	NA
"MGLNX012.98"	103434	20410782	1589	15070102	"YAVAPAI"	"Stream"	34.5125	-112.380389	373290	3819848	"12N"	NA	NA	NA
"MGLNX013.41"	100469	20410812	269	15070102	"YAVAPAI"	"Stream"	34.508028	-112.375111	373768	3819346	"12N"	NA	NA	NA
"MGLNX015.08"	105368	20412258	2019	15070102	"YAVAPAI"	"Stream"	34.494111	-112.366111	374573	3817791	"12N"	NA	NA	NA
"MGLNX018.81"	108104	20413762	2324	15070102	"YAVAPAI"	"Stream"	34.452306	-112.387808	372518	3813182	"12N"	NA	NA	NA
"MGLOG000.56"	110778	20412600	2596	15070102	"YAVAPAI"	"Stream"	34.26309	-112.04221	404050	3791819	"12N"	3346	NA	NA
"MGLSY000.16"	103989	20414606	1774	15070102	"YAVAPAI"	"Stream"	34.361944	-111.979722	409909	3802724	"12N"	NA	NA	NA
"MGLSY000.42"	106742	20414606	2173	15070102	"YAVAPAI"	"Stream"	34.363444	-111.974361	410403	3802885	"12N"	3960	NA	NA
"MGLSY000.91"	109522	20414598	2445	15070102	"YAVAPAI"	"Stream"	34.365082	-111.966682	411111	3803060	"12N"	4000	NA	NA
"MGLWL000.32"	107784	20413794	2283	15070102	"YAVAPAI"	"Stream"	34.374833	-112.32325	378336	3804511	"12N"	NA	NA	NA
"MGMHA000.24"	102955	20403121	1453	15070103	"YAVAPAI"	"Stream"	34.199944	-112.539	358204	3785396	"12N"	NA	NA	NA
"MGMHA001.85"	111461	20403121	61675	15070103	"YAVAPAI"	"Stream"	34.19848	-112.51448	360461	3785200	"12N"	NA	NA	NA
"MGMIN000.08"	103645	21274478	1653	15050100	"PINAL"	"Stream"	33.104444	-110.975	502333	3662866	"12N"	NA	NA	NA
"MGMIN001.38"	100472	21274366	272	15050100	"PINAL"	"Stream"	33.122	-110.976222	502218	3664812	"12N"	NA	NA	NA
"MGMIN002.65"	103334	21274306	1543	15050100	"PINAL"	"Stream"	33.138056	-110.975556	502280	3666592	"12N"	NA	NA	NA
"MGMIN003.69"	103333	21274284	1542	15050100	"PINAL"	"Stream"	33.151944	-110.976944	502150	3668132	"12N"	NA	NA	NA
"MGMIN006.99"	103332	21274116	1541	15050100	"PINAL"	"Stream"	33.191389	-110.997778	500207	3672505	"12N"	NA	NA	NA
"MGMIN008.81"	103331	21273998	1540	15050100	"PINAL"	"Stream"	33.213333	-110.999444	500052	3674937	"12N"	NA	NA	NA
"MGMNR000.21"	102520	20413804	1299	15070102	"YAVAPAI"	"Stream"	34.297	-112.228611	386934	3795771	"12N"	NA	NA	NA
"MGMNR002.52"	110182	20413804	2525	15070102	"YAVAPAI"	"Stream"	34.323889	-112.242028	385735	3798767	"12N"	NA	NA	NA
"MGMZC006.18"	101349	21272938	1178	15050100	"PINAL"	"Stream"	33.162222	-111.164111	484698	3669283	"12N"	NA	NA	NA
"MGNMT000.14"	109802	20412300	2472	15070102	"YAVAPAI"	"Stream"	34.429111	-112.388139	372452	3810610	"12N"	NA	NA	NA
"MGNMT000.32"	109882	20412300	2477	15070102	"YAVAPAI"	"Stream"	34.428833	-112.391556	372138	3810584	"12N"	NA	NA	NA
"MGNWR041.98"	111183	20415686	2646	15070102	"MARICOPA"	"Stream"	33.97425	-112.05415	402620	3759802	"12N"	NA	NA	NA
"MGNWR054.26"	100604	20414898	343	15070102	"YAVAPAI"	"Stream"	34.066444	-111.941957	413079	3769923	"12N"	3960	NA	NA
"MGPAC002.03"	107864	21270562	2294	15050100	"PINAL"	"Stream"	33.266639	-111.094889	491163	3680851	"12N"	NA	NA	NA
"MGPEC000.38"	105396	20413814	2028	15070102	"YAVAPAI"	"Stream"	34.301306	-112.315889	378907	3796349	"12N"	NA	NA	NA
"MGPEC003.48"	105397	20412614	2029	15070102	"YAVAPAI"	"Stream"	34.266889	-112.318083	378656	3792535	"12N"	NA	NA	NA
"MGPEW000.02"	106232	21270088	2122	15050100	"PINAL"	"Stream"	33.327778	-111.101528	490551	3687630	"12N"	NA	NA	NA
"MGPEW000.79"	108342	21270088	2363	15050100	"PINAL"	"Stream"	33.336444	-111.100667	490632	3688591	"12N"	NA	NA	NA
"MGPIN003.49"	102521	20413796	1300	15070102	"YAVAPAI"	"Stream"	34.363444	-112.356472	375264	3803289	"12N"	NA	NA	NA
"MGPOL002.72"	100623	20412630	350	15070102	"YAVAPAI"	"Stream"	34.242392	-112.251413	384761	3789741	"12N"	3080	NA	NA
"MGPTC000.15"	104438	21272804	1891	15050100	"PINAL"	"Stream"	33.289861	-111.192944	482035	3683438	"12N"	NA	NA	NA
"MGPWT000.01"	108124	20412300	2327	15070102	"YAVAPAI"	"Stream"	34.436194	-112.366639	374438	3811369	"12N"	NA	NA	NA
"MGPWT000.70"	111476	20412300	61706	15070102	"YAVAPAI"	"Stream"	34.436924	-112.367036	374403	3811450	"12N"	NA	NA	NA
"MGQEN030.06"	103098	21270354	1481	15050100	"PINAL"	"Stream"	33.296794	-111.210899	480365	3684210	"12N"	NA	NA	NA
"MGQEN034.25"	103544	21270482	1607	15050100	"PINAL"	"Stream"	33.277546	-111.152554	485794	3682067	"12N"	NA	NA	NA
"MGQEN034.66"	100624	21270482	876	15050100	"PINAL"	"Stream"	33.277694	-111.148778	486145	3682083	"12N"	2440	NA	NA
"MGQEN037.09"	103096	21270488	1480	15050100	"PINAL"	"Stream"	33.283645	-111.118319	488983	3682739	"12N"	NA	NA	NA
"MGQEN037.17"	103316	21270488	1539	15050100	"PINAL"	"Stream"	33.283889	-111.116944	489111	3682766	"12N"	2660	NA	NA
"MGQEN037.47"	103461	21270406	1599	15050100	"PINAL"	"Stream"	33.284111	-111.113056	489473	3682790	"12N"	2680	NA	NA
"MGQEN038.73"	103095	21270404	1479	15050100	"PINAL"	"Stream"	33.292753	-111.095946	491067	3683746	"12N"	NA	NA	NA
"MGQEN039.75"	103564	21270404	1610	15050100	"PINAL"	"Stream"	33.300955	-111.08634	491962	3684655	"12N"	3005	NA	NA
"MGQEN040.17"	103463	21270404	1601	15050100	"PINAL"	"Stream"	33.302778	-111.080194	492534	3684857	"12N"	NA	NA	NA
"MGQEN041.34"	103094	21270218	1478	15050100	"PINAL"	"Stream"	33.309107	-111.062776	494156	3685557	"12N"	NA	NA	NA
"MGQEN041.42"	105658	21270216	2061	15050100	"PINAL"	"Stream"	33.308861	-111.061861	494241	3685530	"12N"	NA	NA	NA
"MGQEN041.74"	103093	21272768	1477	15050100	"PINAL"	"Stream"	33.311558	-111.058712	494535	3685829	"12N"	NA	NA	NA
"MGQEN044.42"	103092	21269978	1476	15050100	"PINAL"	"Stream"	33.341556	-111.064972	493954	3689155	"12N"	NA	NA	NA
"MGQEN045.03"	105980	21269978	2092	15050100	"PINAL"	"Stream"	33.347056	-111.072194	493282	3689765	"12N"	NA	NA	NA
"MGQEN045.93"	103091	21269978	1475	15050100	"PINAL"	"Stream"	33.356442	-111.082382	492335	3690806	"12N"	NA	NA	NA
"MGRWC000.48"	107866	21270388	2296	15050100	"PINAL"	"Stream"	33.287658	-111.183867	482880	3683193	"12N"	NA	NA	NA
"MGRYW001.61"	107865	21270518	2295	15050100	"PINAL"	"Stream"	33.273361	-111.211556	480299	3681612	"12N"	NA	NA	NA
"MGRYW003.00"	107062	21272858	2206	15050100	"PINAL"	"Stream"	33.257972	-111.206278	480787	3679905	"12N"	NA	NA	NA
"MGRYW003.20"	107422	21272858	2239	15050100	"PINAL"	"Stream"	33.254972	-111.206056	480807	3679573	"12N"	NA	NA	NA
"MGRYW003.38"	108166	21272858	2337	15050100	"PINAL"	"Stream"	33.252028	-111.206028	480809	3679246	"12N"	NA	NA	NA
"MGSKU001.43"	101521	20416270	813	15070102	"MARICOPA"	"Stream"	33.630833	-112.228056	386100	3721901	"12N"	NA	NA	NA
"MGSKW000.07"	103545	21270464	1608	15050100	"PINAL"	"Stream"	33.278571	-111.157441	485339	3682181	"12N"	NA	NA	NA
"MGSKW004.11"	106233	21270464	2123	15050100	"PINAL"	"Stream"	33.318722	-111.115194	489278	3686627	"12N"	NA	NA	NA
"MGSKW004.60"	106288	21270464	2132	15050100	"PINAL"	"Stream"	33.322417	-111.108472	489904	3687036	"12N"	NA	NA	NA
"MGSLR000.88"	100646	20479750	362	NA	"MARICOPA"	"Stream"	33.381294	-112.292516	379777	3694305	"12N"	935	NA	NA
"MGSLR001.09"	100374	20479750	224	NA	"MARICOPA"	"Stream"	33.382111	-112.288944	380110	3694391	"12N"	NA	NA	NA
"MGSLR001.11"	100645	20478484	361	NA	"MARICOPA"	"Stream"	33.381294	-112.28446	380526	3694295	"12N"	935	NA	NA
"MGSLR003.33"	101265	20478484	633	NA	"MARICOPA"	"Stream"	33.389111	-112.258861	382918	3695133	"12N"	NA	NA	NA
"MGSLR003.56"	103738	20479752	1683	NA	"MARICOPA"	"Stream"	33.383611	-112.255	383269	3694519	"12N"	NA	NA	NA
"MGSLR003.96"	100768	20479746	423	NA	"MARICOPA"	"Stream"	33.389444	-112.254167	383355	3695165	"12N"	960	NA	NA
"MGSLR009.30"	104060	20479738	1803	NA	"MARICOPA"	"Stream"	33.4075	-112.169167	391283	3697075	"12N"	NA	NA	NA
"MGSLR013.36"	102767	20478464	1399	NA	"MARICOPA"	"Stream"	33.411111	-112.09975	397743	3697405	"12N"	NA	NA	NA
"MGSLR018.10"	102768	20479736	1400	NA	"MARICOPA"	"Stream"	33.420472	-112.030278	404213	3698376	"12N"	NA	NA	NA
"MGSLR022.76"	101493	20481260	788	NA	"MARICOPA"	"Stream"	33.436111	-111.961111	410660	3700049	"12N"	NA	NA	NA
"MGSLR025.38"	110342	20480302	2538	NA	"MARICOPA"	"Stream"	33.435028	-111.916136	414839	3699891	"12N"	NA	NA	NA
"MGSLR041.57"	102769	20478276	1401	NA	"MARICOPA"	"Stream"	33.516556	-111.69	435921	3708768	"12N"	NA	NA	NA
"MGSSW000.38"	109242	20476618	2427	NA	"MARICOPA"	"Stream"	33.9632	-111.861311	420424	3758410	"12N"	3370	NA	NA
"MGSVW000.01"	108042	21270086	2316	15050100	"PINAL"	"Stream"	33.333556	-111.095361	491125	3688270	"12N"	NA	NA	NA
"MGSYD000.09"	104109	20412486	1823	15070102	"YAVAPAI"	"Stream"	34.324444	-112.07	401563	3798649	"12N"	NA	NA	NA
"MGSYD006.73"	104108	20414616	1822	15070102	"YAVAPAI"	"Stream"	34.360556	-111.979444	409933	3802569	"12N"	NA	NA	NA
"MGSYD007.62"	103252	20414616	1516	15070102	"YAVAPAI"	"Stream"	34.352556	-111.970472	410749	3801674	"12N"	NA	NA	NA
"MGSYD009.13"	100704	20414616	747	15070102	"YAVAPAI"	"Stream"	34.34739	-111.951403	412498	3801085	"12N"	4090	NA	NA
"MGSYD009.51"	106863	20414618	2189	15070102	"YAVAPAI"	"Stream"	34.346728	-111.946625	412937	3801007	"12N"	4120	NA	NA
"MGSYD018.07"	104110	20414640	1824	15070102	"YAVAPAI"	"Stream"	34.321111	-111.831389	423512	3798074	"12N"	NA	NA	NA
"MGTEC000.62"	107863	21272864	2293	15050100	"PINAL"	"Stream"	33.256222	-111.140417	486921	3679701	"12N"	NA	NA	NA
"MGTRK000.01"	102513	20413838	1292	15070102	"YAVAPAI"	"Stream"	34.238806	-112.215417	388071	3789303	"12N"	NA	NA	NA
"MGTRK000.10"	104500	20413838	1899	15070102	"YAVAPAI"	"Stream"	34.239944	-112.215778	388039	3789429	"12N"	NA	NA	NA
"MGTRK001.53"	100587	20413838	752	15070102	"YAVAPAI"	"Stream"	34.252472	-112.208806	388698	3790811	"12N"	2880	NA	NA
"MGTRK003.31"	104460	20413838	1894	15070102	"YAVAPAI"	"Stream"	34.267112	-112.20653	388927	3792432	"12N"	NA	NA	NA
"MGTRK003.38"	104459	20413838	1893	15070102	"YAVAPAI"	"Stream"	34.267566	-112.205214	389048	3792481	"12N"	NA	NA	NA
"MGTRK003.71"	101082	20413838	580	15070102	"YAVAPAI"	"Stream"	34.268639	-112.200722	389463	3792595	"12N"	NA	NA	NA
"MGTRK003.79"	104458	20413838	1892	15070102	"YAVAPAI"	"Stream"	34.26827	-112.201002	389437	3792554	"12N"	NA	NA	NA
"MGTRK003.89"	102510	20413838	1289	15070102	"YAVAPAI"	"Stream"	34.269	-112.201917	389354	3792636	"12N"	NA	NA	NA
"MGTRK004.22"	102509	20413838	1288	15070102	"YAVAPAI"	"Stream"	34.271083	-112.202944	389262	3792868	"12N"	NA	NA	NA
"MGTRK004.33"	102518	20413838	1297	15070102	"YAVAPAI"	"Stream"	34.272472	-112.202611	389294	3793022	"12N"	NA	NA	NA
"MGTRK004.34"	102607	20413838	1337	15070102	"YAVAPAI"	"Stream"	34.2725	-112.2025	389305	3793025	"12N"	NA	NA	NA
"MGTRK004.42"	101627	20413838	861	15070102	"YAVAPAI"	"Stream"	34.273694	-112.2025	389306	3793158	"12N"	NA	NA	NA
"MGTRK007.28"	101083	20412550	581	15070102	"YAVAPAI"	"Stream"	34.293278	-112.228611	386929	3795358	"12N"	NA	NA	NA
"MGTRK010.80"	104880	20412524	1946	15070102	"YAVAPAI"	"Stream"	34.303556	-112.256694	384358	3796529	"12N"	NA	NA	NA
"MGTRK015.47"	102511	20412490	1290	15070102	"YAVAPAI"	"Stream"	34.31975	-112.307194	379734	3798384	"12N"	NA	NA	NA
"MGTRK015.90"	101538	20412490	817	15070102	"YAVAPAI"	"Stream"	34.316361	-112.312528	379238	3798014	"12N"	NA	NA	NA
"MGTRK016.12"	102517	20412490	1296	15070102	"YAVAPAI"	"Stream"	34.318611	-112.314528	379057	3798266	"12N"	NA	NA	NA
"MGTRK018.67"	104881	20412490	1947	15070102	"YAVAPAI"	"Stream"	34.328583	-112.335361	377155	3799397	"12N"	NA	NA	NA
"MGTRK021.44"	102512	20412488	1291	15070102	"YAVAPAI"	"Stream"	34.326417	-112.364556	374466	3799192	"12N"	NA	NA	NA
"MGTRK021.52"	102519	20412488	1298	15070102	"YAVAPAI"	"Stream"	34.327556	-112.365028	374424	3799319	"12N"	NA	NA	NA
"MGTRK021.89"	107782	20413806	2281	15070102	"YAVAPAI"	"Stream"	34.32825	-112.370306	373940	3799403	"12N"	NA	NA	NA
"MGTRK022.00"	104479	20412468	1896	15070102	"YAVAPAI"	"Stream"	34.329417	-112.371111	373867	3799533	"12N"	NA	NA	NA
"MGTRK024.35"	101626	20412468	860	15070102	"YAVAPAI"	"Stream"	34.355583	-112.372778	373753	3802437	"12N"	NA	NA	NA
"MGTRK029.11"	104113	20412468	1827	15070102	"YAVAPAI"	"Stream"	34.409167	-112.38	373170	3808388	"12N"	NA	NA	NA
"MGTRK029.80"	101524	20402993	816	15070102	"YAVAPAI"	"Stream"	34.416278	-112.401639	371192	3809204	"12N"	NA	NA	NA
"MGTRK030.07"	101523	20412468	815	15070102	"YAVAPAI"	"Stream"	34.419	-112.3905	372220	3809492	"12N"	NA	NA	NA
"MGTUL005.21"	100671	20413950	374	15070102	"YAVAPAI"	"Stream"	34.011839	-112.275025	382267	3764201	"12N"	2230	NA	NA
"MGTUS000.06"	107704	20412538	2273	15070102	"YAVAPAI"	"Stream"	34.30265	-112.321756	378369	3796505	"12N"	NA	NA	NA
"MGUA1000.01"	106223	21270678	2117	15050100	"PINAL"	"Stream"	33.225778	-111.079444	492598	3676320	"12N"	NA	NA	NA
"MGUA2000.06"	107822	21270622	2288	15050100	"PINAL"	"Stream"	33.247333	-111.1095	489800	3678712	"12N"	NA	NA	NA
"MGUA2001.00"	106284	21270622	2130	15050100	"PINAL"	"Stream"	33.248417	-111.095667	491088	3678831	"12N"	NA	NA	NA
"MGUA3000.13"	106343	21270780	2137	15050100	"PINAL"	"Stream"	33.214472	-111.065861	493862	3675066	"12N"	NA	NA	NA
"MGUA4001.44"	107943	21270598	2303	15050100	"PINAL"	"Stream"	33.256944	-111.098778	490799	3679777	"12N"	NA	NA	NA
"MGUAR000.11"	106283	21270780	2129	15050100	"PINAL"	"Stream"	33.21925	-111.067667	493695	3675595	"12N"	NA	NA	NA
"MGUAU000.24"	107983	21270630	2308	15050100	"PINAL"	"Stream"	33.250667	-111.091139	491510	3679080	"12N"	NA	NA	NA
"MGUB1000.01"	108123	20412300	2326	15070102	"YAVAPAI"	"Stream"	34.427583	-112.375083	373649	3810425	"12N"	NA	NA	NA
"MGUBB000.11"	108122	20412300	2325	15070102	"YAVAPAI"	"Stream"	34.439833	-112.357083	375322	3811761	"12N"	NA	NA	NA
"MGUBE000.10"	105401	20412596	2031	15070102	"YAVAPAI"	"Stream"	34.291	-112.327806	377796	3795220	"12N"	NA	NA	NA
"MGUCC000.66"	107942	21269846	2302	15050100	"PINAL"	"Stream"	33.363828	-111.118103	489013	3691628	"12N"	NA	NA	NA
"MGUCM000.01"	110995	20402993	2626	15070103	"YAVAPAI"	"Stream"	34.425306	-112.425333	369028	3810236	"12N"	NA	NA	NA
"MGUCM000.02"	106544	21270098	2161	15050100	"PINAL"	"Stream"	33.329167	-111.089694	491652	3687783	"12N"	NA	NA	NA
"MGUCM000.09"	103352	20402993	1545	15070103	"YAVAPAI"	"Stream"	34.424167	-112.425833	368981	3810110	"12N"	NA	NA	NA
"MGUCM000.13"	110996	20402993	2627	15070103	"YAVAPAI"	"Stream"	34.423611	-112.426111	368954	3810049	"12N"	NA	NA	NA
"MGUCM000.22"	103359	20402993	1551	15070103	"YAVAPAI"	"Stream"	34.422778	-112.427222	368851	3809958	"12N"	NA	NA	NA
"MGUCM000.25"	103358	20402993	1550	15070103	"YAVAPAI"	"Stream"	34.4225	-112.426389	368927	3809926	"12N"	NA	NA	NA
"MGUCM000.27"	103357	20402993	1549	15070103	"YAVAPAI"	"Stream"	34.422222	-112.426667	368901	3809896	"12N"	NA	NA	NA
"MGUCM000.31"	106342	21270098	2136	15050100	"PINAL"	"Stream"	33.328861	-111.086639	491937	3687749	"12N"	NA	NA	NA
"MGUCO000.51"	107962	21270472	2304	15050100	"PINAL"	"Stream"	33.279722	-111.097806	490892	3682302	"12N"	NA	NA	NA
"MGUDG000.10"	108202	21270404	2341	15050100	"PINAL"	"Stream"	33.290028	-111.096361	491028	3683444	"12N"	NA	NA	NA
"MGUDR000.99"	106782	22444254	2176	15050100	"GILA"	"Stream"	33.326139	-110.948083	504832	3687445	"12N"	NA	NA	NA
"MGUDR001.12"	110528	22444254	2562	15050100	"GILA"	"Stream"	33.327028	-110.946556	504974	3687544	"12N"	NA	NA	NA
"MGUDR001.15"	106783	22444254	2177	15050100	"GILA"	"Stream"	33.327194	-110.94675	504956	3687562	"12N"	NA	NA	NA
"MGUDR001.20"	106784	22444254	2178	15050100	"GILA"	"Stream"	33.327333	-110.946889	504943	3687577	"12N"	NA	NA	NA
"MGUDR001.41"	106785	22444254	2179	15050100	"GILA"	"Stream"	33.329194	-110.94675	504956	3687784	"12N"	NA	NA	NA
"MGUDT000.05"	108224	21270562	2344	15050100	"PINAL"	"Stream"	33.264917	-111.080722	492482	3680659	"12N"	NA	NA	NA
"MGUEU000.03"	109442	20412270	2441	15070102	"YAVAPAI"	"Stream"	34.46	-112.340444	376880	3813977	"12N"	NA	NA	NA
"MGUHS000.10"	103433	20402993	1588	15070103	"YAVAPAI"	"Stream"	34.426944	-112.412222	370236	3810401	"12N"	NA	NA	NA
"MGULN000.11"	103421	20413762	1582	15070102	"YAVAPAI"	"Stream"	34.452917	-112.39	372317	3813253	"12N"	NA	NA	NA
"MGULN000.16"	103420	20413762	1581	15070102	"YAVAPAI"	"Stream"	34.453056	-112.39025	372294	3813268	"12N"	NA	NA	NA
"MGULN000.23"	103419	20413762	1580	15070102	"YAVAPAI"	"Stream"	34.453111	-112.391472	372182	3813276	"12N"	NA	NA	NA
"MGULN000.64"	103430	20413762	1585	15070102	"YAVAPAI"	"Stream"	34.450417	-112.397944	371584	3812985	"12N"	NA	NA	NA
"MGULN000.70"	103429	20413762	1584	15070102	"YAVAPAI"	"Stream"	34.450444	-112.3985	371533	3812989	"12N"	NA	NA	NA
"MGULN000.75"	103428	20413762	1583	15070102	"YAVAPAI"	"Stream"	34.450778	-112.399361	371454	3813027	"12N"	NA	NA	NA
"MGUQ1001.43"	106287	21270478	2131	15050100	"PINAL"	"Stream"	33.29125	-111.124194	488437	3683583	"12N"	NA	NA	NA
"MGUQ1001.80"	107843	21270478	2291	15050100	"PINAL"	"Stream"	33.294917	-111.119583	488866	3683989	"12N"	NA	NA	NA
"MGUQ1002.56"	108264	21270266	2352	15050100	"PINAL"	"Stream"	33.318694	-111.099139	490772	3686623	"12N"	NA	NA	NA
"MGUQ2000.07"	105760	21270404	2069	15050100	"PINAL"	"Stream"	33.307886	-111.072775	493225	3685422	"12N"	NA	NA	NA
"MGUQ3000.03"	105761	21270194	2070	15050100	"PINAL"	"Stream"	33.309869	-111.067661	493702	3685642	"12N"	NA	NA	NA
"MGUQ4000.01"	106289	21272768	2133	15050100	"PINAL"	"Stream"	33.338833	-111.059417	494471	3688853	"12N"	NA	NA	NA
"MGUQ5000.85"	108002	21272860	2309	15050100	"PINAL"	"Stream"	33.268611	-111.183806	482882	3681081	"12N"	NA	NA	NA
"MGUQ6001.34"	108003	21270606	2310	15050100	"PINAL"	"Stream"	33.266611	-111.193361	481992	3680861	"12N"	NA	NA	NA
"MGUQ7000.29"	108022	21270214	2311	15050100	"PINAL"	"Stream"	33.309222	-111.055278	494854	3685570	"12N"	NA	NA	NA
"MGUQ8001.83"	108062	21270402	2318	15050100	"PINAL"	"Stream"	33.305194	-111.095722	491089	3685126	"12N"	NA	NA	NA
"MGUQ8001.97"	108063	21270402	2319	15050100	"PINAL"	"Stream"	33.306722	-111.095139	491143	3685295	"12N"	NA	NA	NA
"MGUQD000.01"	108024	21270264	2313	15050100	"PINAL"	"Stream"	33.305639	-111.062639	494169	3685173	"12N"	NA	NA	NA
"MGUQD000.66"	108023	21270368	2312	15050100	"PINAL"	"Stream"	33.299028	-111.068806	493594	3684440	"12N"	NA	NA	NA
"MGUQE000.01"	104522	21270264	1900	15050100	"PINAL"	"Stream"	33.308806	-111.062278	494203	3685524	"12N"	NA	NA	NA
"MGUQE000.38"	106019	21270264	2094	15050100	"PINAL"	"Stream"	33.304778	-111.060778	494342	3685077	"12N"	NA	NA	NA
"MGUQE001.08"	106224	21270368	2118	15050100	"PINAL"	"Stream"	33.297167	-111.060278	494388	3684233	"12N"	NA	NA	NA
"MGUR1000.01"	107963	21272858	2305	15050100	"PINAL"	"Stream"	33.250861	-111.207417	480679	3679117	"12N"	NA	NA	NA
"MGUR1000.48"	107964	21272858	2306	15050100	"PINAL"	"Stream"	33.247	-111.210861	480357	3678690	"12N"	NA	NA	NA
"MGUT2001.20"	104897	20413808	1949	15070102	"YAVAPAI"	"Stream"	34.316831	-112.251464	384857	3797995	"12N"	NA	NA	NA
"MGUTR000.22"	104498	20413838	1897	15070102	"YAVAPAI"	"Stream"	34.271111	-112.201056	389436	3792870	"12N"	NA	NA	NA
"MGUTU000.19"	105398	20412534	2030	15070102	"YAVAPAI"	"Stream"	34.300222	-112.337417	376925	3796254	"12N"	NA	NA	NA
"MGUU1000.15"	106263	21270294	2127	15050100	"PINAL"	"Stream"	33.303	-111.058278	494575	3684880	"12N"	NA	NA	NA
"MGUUA000.24"	106282	21270780	2128	15050100	"PINAL"	"Stream"	33.217028	-111.065889	493860	3675349	"12N"	NA	NA	NA
"MGUUQ000.26"	106262	21270368	2126	15050100	"PINAL"	"Stream"	33.299083	-111.063	494135	3684446	"12N"	NA	NA	NA
"MGUUQ000.73"	107785	21270368	2284	15050100	"PINAL"	"Stream"	33.29675	-111.070639	493423	3684188	"12N"	NA	NA	NA
"MGUUU000.00"	103717	20478510	1680	NA	"MARICOPA"	"Stream"	33.335278	-112.096111	397992	3688993	"12N"	NA	NA	NA
"MGUUU000.01"	103718	20478510	1681	NA	"MARICOPA"	"Stream"	33.340278	-112.086389	398903	3689538	"12N"	NA	NA	NA
"MGWCC000.25"	111058	21269876	2633	15050100	"PINAL"	"Stream"	33.357389	-111.12965	487938	3690916	"12N"	2959	NA	NA
"MGWHC000.34"	107682	21270158	2270	15050100	"PINAL"	"Stream"	33.318333	-111.156806	485405	3686589	"12N"	NA	NA	NA
"MGWHC002.01"	107922	21270158	2301	15050100	"PINAL"	"Stream"	33.331889	-111.1385	487111	3688090	"12N"	NA	NA	NA
"MGWHC003.58"	107442	21269980	2240	15050100	"PINAL"	"Stream"	33.352278	-111.132056	487713	3690349	"12N"	NA	NA	NA
"MGWHC003.78"	110628	21269980	2568	15050100	"PINAL"	"Stream"	33.35501	-111.13222	487698	3690652	"12N"	NA	NA	NA
"MGWOC000.43"	107862	21270662	2292	15050100	"PINAL"	"Stream"	33.242861	-111.113111	489463	3678217	"12N"	NA	NA	NA
"MGWOL002.28"	102523	20412474	1302	15070102	"YAVAPAI"	"Stream"	34.336694	-112.299306	380484	3800253	"12N"	NA	NA	NA
"MGWTW002.26"	109183	20427062	2424	15070101	"MARICOPA"	"Stream"	33.333944	-112.511528	359327	3689329	"12N"	NA	NA	NA
"MGXBE000.00"	105376	20413832	2027	15070102	"YAVAPAI"	"Stream"	34.241778	-112.337083	376870	3789773	"12N"	NA	NA	NA
"MGXU1000.01"	107182	21272864	2217	15050100	"PINAL"	"Stream"	33.251806	-111.144	486586	3679212	"12N"	NA	NA	NA
"MGXU2000.01"	107162	21270590	2215	15050100	"PINAL"	"Stream"	33.257694	-111.127361	488137	3679863	"12N"	NA	NA	NA
"MGXU3000.02"	107163	21270590	2216	15050100	"PINAL"	"Stream"	33.256222	-111.13	487891	3679700	"12N"	NA	NA	NA
"MGXUU000.00"	106602	21270368	2166	15050100	"PINAL"	"Stream"	33.296944	-111.059444	494466	3684209	"12N"	NA	NA	NA
"PAGSPR-HATCHERY"	111419	20453660	61585	NA	NA	"Stream"	34.761241	-111.890455	418508	3846927	"12N"	NA	NA	NA
"SCACW006.74"	100709	15893886	680	15050302	"PIMA"	"Stream"	32.299302	-110.706174	527663	3573650	"12N"	2960	NA	NA
"SCALG000.07"	100259	15906419	155	15050301	"SANTA CRUZ"	"Stream"	31.515	-110.785	520414	3486699	"12N"	NA	NA	NA
"SCALG004.45"	100870	15908163	471	15050301	"SANTA CRUZ"	"Stream"	31.483751	-110.737724	524911	3483245	"12N"	NA	NA	NA
"SCALG004.67"	100317	15908163	186	15050301	"SANTA CRUZ"	"Stream"	31.481028	-110.736778	525002	3482944	"12N"	NA	NA	NA
"SCALG004.70"	106622	15908163	2167	15050301	"SANTA CRUZ"	"Stream"	31.480583	-110.736861	524994	3482895	"12N"	NA	NA	NA
"SCALG004.72"	100836	15908163	460	15050301	"SANTA CRUZ"	"Stream"	31.480221	-110.736802	525000	3482854	"12N"	NA	NA	NA
"SCALG005.15"	100837	15908163	461	15050301	"SANTA CRUZ"	"Stream"	31.475579	-110.733278	525336	3482341	"12N"	NA	NA	NA
"SCALG005.35"	100838	15908163	462	15050301	"SANTA CRUZ"	"Stream"	31.473318	-110.732817	525380	3482090	"12N"	NA	NA	NA
"SCALG005.45"	102952	15908163	1450	15050301	"SANTA CRUZ"	"Stream"	31.472222	-110.731389	525516	3481969	"12N"	NA	NA	NA
"SCALG005.66"	100839	15908163	463	15050301	"SANTA CRUZ"	"Stream"	31.470863	-110.728715	525770	3481819	"12N"	NA	NA	NA
"SCARI010.07"	100233	15878397	134	15050304	"PIMA"	"Stream"	31.601944	-111.379167	464032	3496378	"12N"	NA	NA	NA
"SCARI013.81"	100232	15878473	133	15050304	"PIMA"	"Stream"	31.573333	-111.332583	468441	3493192	"12N"	NA	NA	NA
"SCARI015.19"	100231	15878491	964	15050304	"PIMA"	"Stream"	31.565667	-111.312806	470315	3492337	"12N"	NA	NA	NA
"SCBAC000.01"	111468	15895572	61696	15050302	"PIMA"	"Stream"	31.868684	-110.675641	530681	3525926	"12N"	NA	NA	NA
"SCBCC006.33"	103031	15906067	1471	15050301	"SANTA CRUZ"	"Stream"	31.671167	-110.784694	520409	3504008	"12N"	NA	NA	NA
"SCBCC006.74"	103032	15906067	1472	15050301	"SANTA CRUZ"	"Stream"	31.675778	-110.786667	520221	3504519	"12N"	NA	NA	NA
"SCBCN001.40"	105518	15893892	2047	15050302	"PIMA"	"Stream"	32.312528	-110.797528	519059	3575096	"12N"	NA	NA	NA
"SCBCN002.27"	110650	15893892	2575	15050302	"PIMA"	"Stream"	32.31835	-110.784908	520246	3575744	"12N"	2919	NA	NA
"SCBOC001.47"	110961	15906175	2624	15050301	"SANTA CRUZ"	"Stream"	31.595667	-110.90985	508552	3495623	"12N"	NA	NA	NA
"SCCAV005.54"	100429	15895752	987	15050302	"SANTA CRUZ"	"Stream"	31.715227	-110.826891	516401	3508884	"12N"	6340	NA	NA
"SCCDO015.93"	105479	15903449	2043	15050301	"PIMA"	"Stream"	32.478694	-110.899194	509472	3593502	"12N"	NA	NA	NA
"SCCDO023.33"	103648	15901615	1656	15050301	"PINAL"	"Stream"	32.5625	-110.848889	514185	3602797	"12N"	NA	NA	NA
"SCCDO032.20"	100430	15901751	692	15050301	"PIMA"	"Stream"	32.512158	-110.784683	520224	3597227	"12N"	4600	NA	NA
"SCCHM002.01"	101584	15894254	852	15050302	"PIMA"	"Stream"	32.153611	-110.608333	536933	3557530	"12N"	NA	NA	NA
"SCCHM004.75"	101593	15894220	853	15050302	"PIMA"	"Stream"	32.199167	-110.608611	536889	3562579	"12N"	NA	NA	NA
"SCCIE000.43"	100595	15894416	338	15050302	"PIMA"	"Stream"	32.034361	-110.674722	530713	3544291	"12N"	3264	NA	NA
"SCCIE000.70"	100296	15894416	185	15050302	"PIMA"	"Stream"	32.031389	-110.671389	531029	3543962	"12N"	NA	NA	NA
"SCCIE002.89"	100263	15894436	158	15050302	"PIMA"	"Stream"	32.019167	-110.645556	533472	3542615	"12N"	3369	NA	NA
"SCCIE003.26"	100598	15894434	339	15050302	"PIMA"	"Stream"	32.019222	-110.641056	533897	3542623	"12N"	3371	NA	NA
"SCCIE004.25"	101179	15894464	602	15050302	"PIMA"	"Stream"	32.013464	-110.628246	535109	3541988	"12N"	3370	NA	NA
"SCCIE005.99"	106522	15894464	2158	15050302	"PIMA"	"Stream"	32.002222	-110.610833	536758	3540748	"12N"	NA	NA	NA
"SCCIE006.69"	101178	15894478	601	15050302	"PIMA"	"Stream"	31.999833	-110.602028	537591	3540486	"12N"	3491	NA	NA
"SCCIE007.32"	100599	15895456	340	15050302	"PIMA"	"Stream"	31.997472	-110.591861	538552	3540228	"12N"	3538	NA	NA
"SCCIE007.56"	100264	15895468	159	15050302	"PIMA"	"Stream"	31.998333	-110.588611	538859	3540325	"12N"	NA	NA	NA
"SCCIE019.90"	100480	15895564	278	15050302	"PIMA"	"Stream"	31.884859	-110.55486	542098	3527760	"12N"	4050	NA	NA
"SCCIE020.45"	103300	15895564	1534	15050302	"PIMA"	"Stream"	31.884	-110.557056	541891	3527664	"12N"	NA	NA	NA
"SCCIE020.88"	101177	15895564	600	15050302	"PIMA"	"Stream"	31.881158	-110.560337	541582	3527347	"12N"	4080	NA	NA
"SCCIE022.12"	100600	15895570	341	15050302	"PIMA"	"Stream"	31.867222	-110.568111	540853	3525800	"12N"	4217	NA	NA
"SCCIE022.42"	100266	15895582	160	15050302	"PIMA"	"Stream"	31.864722	-110.571389	540544	3525521	"12N"	NA	NA	NA
"SCCIE022.98"	100601	15895606	999	15050302	"PIMA"	"Stream"	31.857528	-110.574028	540298	3524723	"12N"	4260	NA	NA
"SCCIE026.68"	101176	15895640	1011	15050302	"PIMA"	"Stream"	31.814611	-110.590361	538770	3519960	"12N"	4327	NA	NA
"SCCOC000.25"	104006	15907699	1782	15050301	"COCHISE"	"Stream"	31.440878	-110.459296	551380	3478590	"12N"	NA	NA	NA
"SCCXG000.81"	100869	15907655	470	15050301	"SANTA CRUZ"	"Stream"	31.4652	-110.782224	520689	3481180	"12N"	NA	NA	NA
"SCCXG000.95"	100876	15907655	1165	15050301	"SANTA CRUZ"	"Stream"	31.464547	-110.780151	520886	3481108	"12N"	NA	NA	NA
"SCDVC002.50"	109222	15895494	2426	15050302	"PIMA"	"Stream"	31.983569	-110.646819	533366	3538669	"12N"	NA	NA	NA
"SCDVC008.73"	111176	15895518	2680	15050302	"PIMA"	"Stream"	31.919778	-110.649889	533099	3531597	"12N"	NA	NA	NA
"SCDVC013.13"	111467	15895566	61695	15050302	"PIMA"	"Stream"	31.870083	-110.675167	530726	3526082	"12N"	NA	NA	NA
"SCDVC013.53"	111466	15895598	61694	15050302	"PIMA"	"Stream"	31.864944	-110.674639	530777	3525512	"12N"	NA	NA	NA
"SCDVC014.24"	111175	15895598	2679	15050302	"PIMA"	"Stream"	31.856389	-110.671972	531032	3524565	"12N"	NA	NA	NA
"SCFLC000.03"	106543	15906455	2160	15050301	"SANTA CRUZ"	"Stream"	31.505472	-110.778528	521031	3485644	"12N"	NA	NA	NA
"SCGDN018.24"	100721	15896382	401	15050302	"SANTA CRUZ"	"Stream"	31.701338	-110.817169	517325	3507347	"12N"	6070	NA	NA
"SCHMC000.05"	106542	15908163	2159	15050301	"SANTA CRUZ"	"Stream"	31.473222	-110.734361	525233	3482079	"12N"	NA	NA	NA
"SCHMC001.27"	100840	15908177	464	15050301	"SANTA CRUZ"	"Stream"	31.464163	-110.745593	524169	3481073	"12N"	NA	NA	NA
"SCHMC001.80"	100871	15908177	472	15050301	"SANTA CRUZ"	"Stream"	31.458513	-110.74741	523998	3480446	"12N"	NA	NA	NA
"SCHMC002.41"	100841	15908177	465	15050301	"SANTA CRUZ"	"Stream"	31.45	-110.74891	523857	3479502	"12N"	NA	NA	NA
"SCHRS005.13"	100318	15906407	187	15050301	"SANTA CRUZ"	"Stream"	31.513639	-110.683806	530023	3486572	"12N"	NA	NA	NA
"SCHRS011.14"	100319	15907745	188	15050301	"SANTA CRUZ"	"Stream"	31.4615	-110.722889	526326	3480783	"12N"	NA	NA	NA
"SCHRS013.17"	100848	15907745	466	15050301	"SANTA CRUZ"	"Stream"	31.436978	-110.724326	526197	3478065	"12N"	NA	NA	NA
"SCJSC000.68"	110916	15905109	2620	15050301	"SANTA CRUZ"	"Stream"	31.551783	-111.034133	496760	3490757	"12N"	NA	NA	NA
"SCJSC009.46"	110915	15906177	2619	15050301	"SANTA CRUZ"	"Stream"	31.59635	-110.93115	506532	3495698	"12N"	NA	NA	NA
"SCLMV003.51"	101585	15894188	1015	15050302	"PIMA"	"Stream"	32.198889	-110.700278	528249	3562521	"12N"	NA	NA	NA
"SCMAD010.57"	100235	15906031	136	15050301	"PIMA"	"Stream"	31.7275	-110.881667	511210	3510238	"12N"	NA	NA	NA
"SCMAD012.71"	100588	15906039	334	15050301	"SANTA CRUZ"	"Stream"	31.704671	-110.866892	512613	3507709	"12N"	6060	NA	NA
"SCMDN001.51"	101628	15894278	862	15050302	"PIMA"	"Stream"	32.153889	-110.601667	537562	3557563	"12N"	NA	NA	NA
"SCMEC000.28"	104007	15907737	1783	15050301	"COCHISE"	"Stream"	31.430303	-110.445439	552703	3477425	"12N"	NA	NA	NA
"SCMFC000.55"	108083	15906151	2321	15050301	"SANTA CRUZ"	"Stream"	31.617167	-110.800167	518953	3498020	"12N"	NA	NA	NA
"SCMOC004.12"	105638	15893906	2060	15050302	"PIMA"	"Stream"	32.337165	-110.691983	528987	3577851	"12N"	NA	NA	NA
"SCMTC002.23"	111181	15895658	2644	15050302	"PIMA"	"Stream"	31.83688	-110.56861	540819	3522436	"12N"	NA	NA	NA
"SCNGW000.17"	100250	15907855	967	15050301	"SANTA CRUZ"	"Stream"	31.399611	-110.953389	504431	3473891	"12N"	NA	NA	NA
"SCNGW001.11"	103647	15907855	1655	15050301	"SANTA CRUZ"	"Stream"	31.387222	-110.949444	504807	3472518	"12N"	NA	NA	NA
"SCNGW001.88"	100697	15907873	384	15050301	"SANTA CRUZ"	"Stream"	31.379111	-110.940278	505679	3471620	"12N"	NA	NA	NA
"SCNGW002.94"	100699	15907945	386	15050301	"SANTA CRUZ"	"Stream"	31.367333	-110.929694	506686	3470315	"12N"	NA	NA	NA
"SCNGW003.57"	100206	15907945	115	15050301	"SANTA CRUZ"	"Stream"	31.35825	-110.929694	506687	3469308	"12N"	NA	NA	NA
"SCNGW003.82"	100700	15907945	387	15050301	"SANTA CRUZ"	"Stream"	31.354917	-110.928333	506816	3468939	"12N"	NA	NA	NA
"SCNGW004.31"	100701	15907945	388	15050301	"SANTA CRUZ"	"Stream"	31.348389	-110.927861	506862	3468215	"12N"	NA	NA	NA
"SCNGW004.87"	100251	15908009	149	15050301	"SANTA CRUZ"	"Stream"	31.341667	-110.933139	506360	3467470	"12N"	NA	NA	NA
"SCNGW005.66"	100252	15908009	150	15050301	"SANTA CRUZ"	"Stream"	31.332778	-110.941389	505576	3466485	"12N"	NA	NA	NA
"SCPCK000.32"	100236	15905157	137	15050301	"SANTA CRUZ"	"Stream"	31.510278	-111.016472	498436	3486156	"12N"	NA	NA	NA
"SCPOT000.11"	100702	15907689	389	15050301	"SANTA CRUZ"	"Stream"	31.450389	-110.961139	503692	3479519	"12N"	NA	NA	NA
"SCPOT000.75"	100208	15907751	116	15050301	"SANTA CRUZ"	"Stream"	31.44175	-110.963472	503471	3478561	"12N"	NA	NA	NA
"SCPOT001.62"	100571	15907751	328	15050301	"SANTA CRUZ"	"Stream"	31.429917	-110.960833	503722	3477250	"12N"	NA	NA	NA
"SCPOT002.09"	100703	15907821	390	15050301	"SANTA CRUZ"	"Stream"	31.423917	-110.959694	503831	3476585	"12N"	NA	NA	NA
"SCPOT003.73"	100207	15907821	962	15050301	"SANTA CRUZ"	"Stream"	31.40325	-110.954778	504299	3474294	"12N"	NA	NA	NA
"SCPOT003.83"	100705	15907823	392	15050301	"SANTA CRUZ"	"Stream"	31.402439	-110.953536	504417	3474205	"12N"	NA	NA	NA
"SCPOT004.30"	111236	15907907	2671	15050301	"SANTA CRUZ"	"Stream"	31.397386	-110.957197	504069	3473644	"12N"	NA	NA	NA
"SCPOT004.99"	111488	15907907	61730	15050301	"SANTA CRUZ"	"Stream"	31.389798	-110.959189	503880	3472803	"12N"	NA	NA	NA
"SCPOT006.33"	111235	15907907	2670	15050301	"SANTA CRUZ"	"Stream"	31.379306	-110.977083	502179	3471640	"12N"	NA	NA	NA
"SCPRK000.05"	103937	15907705	1747	15050301	"COCHISE"	"Stream"	31.436914	-110.454558	551833	3478153	"12N"	NA	NA	NA
"SCPRK010.26"	103524	15907761	1606	15050301	"COCHISE"	"Stream"	31.422472	-110.459111	551408	3476551	"12N"	NA	NA	NA
"SCPRK010.65"	105678	15907761	2062	15050301	"COCHISE"	"Stream"	31.426917	-110.457528	551556	3477044	"12N"	NA	NA	NA
"SCRED005.58"	101080	15906325	578	15050301	"PIMA"	"Stream"	31.541197	-110.677556	530607	3489628	"12N"	4400	NA	NA
"SCRED008.94"	100725	15906357	737	15050301	"SANTA CRUZ"	"Stream"	31.523778	-110.642528	533939	3487707	"12N"	4650	NA	NA
"SCRIL009.78"	100294	15894026	183	15050302	"PIMA"	"Stream"	32.270833	-110.914444	508057	3570459	"12N"	NA	NA	NA
"SCRIN008.97"	102170	15895252	1108	15050302	"PIMA"	"Stream"	32.129667	-110.626028	535274	3554870	"12N"	NA	NA	NA
"SCROM000.03"	105478	15903519	2042	15050301	"PIMA"	"Stream"	32.430867	-110.89875	509519	3588200	"12N"	NA	NA	NA
"SCSAB004.49"	100260	15893872	156	15050302	"PIMA"	"Stream"	32.313611	-110.811389	517754	3575214	"12N"	2695	NA	NA
"SCSAB005.09"	106482	15893872	2149	15050302	"PIMA"	"Stream"	32.320972	-110.810639	517824	3576030	"12N"	2780	NA	NA
"SCSAB005.21"	102834	15893840	1417	15050302	"PIMA"	"Stream"	32.322472	-110.809389	517941	3576196	"12N"	NA	NA	NA
"SCSAB005.40"	101152	15893840	596	15050302	"PIMA"	"Stream"	32.323727	-110.806519	518211	3576336	"12N"	3060	NA	NA
"SCSAB007.15"	102835	15893840	1418	15050302	"PIMA"	"Stream"	32.336583	-110.787389	520009	3577764	"12N"	3040	NA	NA
"SCSAB009.77"	100635	15893752	740	15050302	"PIMA"	"Stream"	32.367903	-110.781573	520549	3581237	"12N"	3720	NA	NA
"SCSAB016.28"	103592	15895198	1619	15050302	"PIMA"	"Stream"	32.427833	-110.755278	523007	3587886	"12N"	NA	NA	NA
"SCSAB017.02"	100261	15895198	969	15050302	"PIMA"	"Stream"	32.436111	-110.758333	522718	3588803	"12N"	NA	NA	NA
"SCSCR030.70"	111155	15890430	2662	15050303	"PIMA"	"Stream"	32.421	-111.2004	481158	3587120	"12N"	NA	NA	NA
"SCSCR033.07"	105066	15890430	1972	15050303	"PIMA"	"Stream"	32.411111	-111.163889	484589	3586018	"12N"	NA	NA	NA
"SCSCR034.31"	105065	15890430	1971	15050301	"PIMA"	"Stream"	32.402778	-111.145278	486338	3585091	"12N"	2067	NA	NA
"SCSCR034.56"	101081	15890430	579	15050301	"PIMA"	"Stream"	32.400194	-111.14175	486669	3584804	"12N"	2060	NA	NA
"SCSCR039.63"	100237	15903137	138	15050301	"PIMA"	"Stream"	32.353711	-111.09685	490887	3579647	"12N"	2140	NA	NA
"SCSCR045.13"	103623	15902449	1639	15050301	"PIMA"	"Stream"	32.294861	-111.037833	496438	3573120	"12N"	2220	NA	NA
"SCSCR051.85"	100241	15903601	141	15050301	"PIMA"	"Stream"	32.221944	-110.981667	501727	3565037	"12N"	NA	NA	NA
"SCSCR061.03"	100249	15904717	148	15050301	"PIMA"	"Stream"	32.103889	-110.9925	500708	3551951	"12N"	NA	NA	NA
"SCSCR080.60"	100248	15905945	147	15050301	"PIMA"	"Stream"	31.853056	-110.9775	502129	3524148	"12N"	NA	NA	NA
"SCSCR091.68"	107642	15904949	2267	15050301	"SANTA CRUZ"	"Stream"	31.720686	-111.048994	495358	3509478	"12N"	NA	NA	NA
"SCSCR095.72"	107662	15904971	2269	15050301	"SANTA CRUZ"	"Stream"	31.67025	-111.050972	495168	3503887	"12N"	NA	NA	NA
"SCSCR096.72"	100244	15905017	966	15050301	"SANTA CRUZ"	"Stream"	31.648333	-111.049167	495338	3501458	"12N"	3208	NA	NA
"SCSCR099.40"	100243	15905049	143	15050301	"SANTA CRUZ"	"Stream"	31.613056	-111.041389	496074	3497548	"12N"	NA	NA	NA
"SCSCR100.32"	107643	15905071	2268	15050301	"SANTA CRUZ"	"Stream"	31.608644	-111.041025	496109	3497059	"12N"	NA	NA	NA
"SCSCR102.88"	106120	15905091	2100	15050301	"SANTA CRUZ"	"Stream"	31.576568	-111.047383	495504	3493504	"12N"	NA	NA	NA
"SCSCR103.39"	101002	15905101	527	15050301	"SANTA CRUZ"	"Stream"	31.562111	-111.045972	495637	3491902	"12N"	NA	NA	NA
"SCSCR103.39"	106121	15905101	2101	15050301	"SANTA CRUZ"	"Stream"	31.570415	-111.045525	495680	3492822	"12N"	NA	NA	NA
"SCSCR103.45"	100247	15905101	146	15050301	"SANTA CRUZ"	"Stream"	31.561111	-111.046111	495624	3491791	"12N"	3250	NA	NA
"SCSCR104.73"	100245	15905123	144	15050301	"SANTA CRUZ"	"Stream"	31.545833	-111.040556	496151	3490097	"12N"	NA	NA	NA
"SCSCR105.52"	100638	15905123	358	15050301	"SANTA CRUZ"	"Stream"	31.544972	-111.037528	496438	3490002	"12N"	3280	NA	NA
"SCSCR111.66"	100238	15907605	965	15050301	"SANTA CRUZ"	"Stream"	31.47	-110.992222	500739	3481692	"12N"	3403	NA	NA
"SCSCR111.72"	101498	15907605	792	15050301	"SANTA CRUZ"	"Stream"	31.469167	-110.991667	500792	3481599	"12N"	NA	NA	NA
"SCSCR114.09"	110975	15908179	2625	15050301	"SANTA CRUZ"	"Stream"	31.456708	-110.968126	503028	3480219	"12N"	NA	NA	NA
"SCSCR114.68"	103646	15907681	1654	15050301	"SANTA CRUZ"	"Stream"	31.451111	-110.961389	503669	3479599	"12N"	NA	NA	NA
"SCSCR119.01"	100246	15908189	145	15050301	"SANTA CRUZ"	"Stream"	31.409722	-110.904722	509057	3475015	"12N"	NA	NA	NA
"SCSCR124.79"	100240	15907889	140	15050301	"SANTA CRUZ"	"Stream"	31.373611	-110.842778	514951	3471019	"12N"	NA	NA	NA
"SCSCR128.27"	100239	15908005	139	15050301	"SANTA CRUZ"	"Stream"	31.336944	-110.849806	514288	3466955	"12N"	3725	NA	NA
"SCSCR128.54"	105698	15907959	2063	15050301	"SANTA CRUZ"	"Stream"	31.341611	-110.850592	514212	3467472	"12N"	NA	NA	NA
"SCSCR168.93"	100637	15907963	357	15050301	"SANTA CRUZ"	"Stream"	31.349406	-110.590776	538924	3468398	"12N"	4630	NA	NA
"SCSCR169.35"	100242	15907963	142	15050301	"SANTA CRUZ"	"Stream"	31.355278	-110.589444	539048	3469050	"12N"	4620	NA	NA
"SCSCR23.24"	105070	15890430	1976	15050303	"PIMA"	"Stream"	32.471111	-111.307222	471131	3592698	"12N"	NA	NA	NA
"SCSCR25.1"	105069	15890430	1975	15050303	"PIMA"	"Stream"	32.454722	-111.280278	473658	3590875	"12N"	NA	NA	NA
"SCSCR28.41"	105068	15890430	1974	15050303	"PIMA"	"Stream"	32.434167	-111.234167	477987	3588586	"12N"	NA	NA	NA
"SCSCR29.35"	105067	15890430	1973	15050303	"PIMA"	"Stream"	32.428611	-111.216111	479683	3587966	"12N"	NA	NA	NA
"SCSCR36.50"	105064	15890430	1970	15050301	"PIMA"	"Stream"	32.3862	-111.1192	488788	3583251	"12N"	NA	NA	NA
"SCSCR37.79"	105063	15903137	1969	15050301	"PIMA"	"Stream"	32.370278	-111.113056	489364	3581485	"12N"	NA	NA	NA
"SCSCR39.02"	105062	15903137	1968	15050301	"PIMA"	"Stream"	32.357222	-111.100833	490513	3580037	"12N"	NA	NA	NA
"SCSCR40.94"	105061	15902439	1967	15050301	"PIMA"	"Stream"	32.337778	-111.081389	492341	3577880	"12N"	NA	NA	NA
"SCSCR43.79"	105060	15902443	1966	15050301	"PIMA"	"Stream"	32.308611	-111.051944	495110	3574645	"12N"	NA	NA	NA
"SCSCR45.57"	105059	15902463	1965	15050301	"PIMA"	"Stream"	32.289722	-111.035	496705	3572550	"12N"	NA	NA	NA
"SCSIW024.40"	103675	15840868	1674	15080101	"COCHISE"	"Stream"	32.044167	-112.370833	370574	3546153	"12N"	NA	NA	NA
"SCSON000.35"	110918	15908175	2622	15050301	"SANTA CRUZ"	"Stream"	31.463567	-110.9743	502442	3480979	"12N"	NA	NA	NA
"SCSON001.03"	110917	15908175	2621	15050301	"SANTA CRUZ"	"Stream"	31.470867	-110.967283	503108	3481788	"12N"	NA	NA	NA
"SCSON014.52"	101154	15906457	598	15050301	"SANTA CRUZ"	"Stream"	31.508679	-110.802479	518756	3485995	"12N"	3880	NA	NA
"SCSON015.35"	100257	15906393	154	15050301	"SANTA CRUZ"	"Stream"	31.515833	-110.792778	519675	3486790	"12N"	3942	NA	NA
"SCSON015.51"	109405	15906387	2439	15050301	"SANTA CRUZ"	"Stream"	31.516778	-110.784306	520480	3486896	"12N"	NA	NA	NA
"SCSON016.68"	100256	15906359	153	15050301	"SANTA CRUZ"	"Stream"	31.525	-110.7775	521124	3487809	"12N"	NA	NA	NA
"SCSON016.78"	100320	15906359	189	15050301	"SANTA CRUZ"	"Stream"	31.526333	-110.777278	521145	3487957	"12N"	4000	NA	NA
"SCSON018.17"	100253	15906333	151	15050301	"SANTA CRUZ"	"Stream"	31.536278	-110.761861	522606	3489062	"12N"	NA	NA	NA
"SCSON018.31"	100255	15906333	968	15050301	"SANTA CRUZ"	"Stream"	31.538333	-110.760278	522756	3489290	"12N"	4025	NA	NA
"SCSON018.48"	100254	15906333	152	15050301	"SANTA CRUZ"	"Stream"	31.540278	-110.758611	522914	3489506	"12N"	NA	NA	NA
"SCSYR004.21"	100660	15836969	749	15080200	"SANTA CRUZ"	"Stream"	31.410857	-111.196346	481336	3475153	"12N"	3790	NA	NA
"SCTAN002.12"	100262	15894062	157	15050302	"PIMA"	"Stream"	32.265278	-110.841389	514938	3569851	"12N"	NA	NA	NA
"SCTHC002.91"	100322	15907589	190	15050301	"SANTA CRUZ"	"Stream"	31.474472	-110.787444	520191	3482207	"12N"	NA	NA	NA
"SCTHC003.83"	100872	15907601	473	15050301	"COCHISE"	"Stream"	31.476744	-110.773321	521532	3482461	"12N"	NA	NA	NA
"SCTHC003.88"	100949	15907601	500	15050301	"PINAL"	"Stream"	31.476256	-110.772801	521581	3482407	"12N"	NA	NA	NA
"SCTHC004.30"	100852	15907601	469	15050301	"SANTA CRUZ"	"Stream"	31.473162	-110.7665	522181	3482066	"12N"	NA	NA	NA
"SCTMG000.19"	100258	15906361	391	15050301	"SANTA CRUZ"	"Stream"	31.525833	-110.779167	520966	3487901	"12N"	NA	NA	NA
"SCTMG007.90"	108082	15906149	2320	15050301	"SANTA CRUZ"	"Stream"	31.616278	-110.791778	519749	3497923	"12N"	NA	NA	NA
"SCTUB000.02"	110935	15905045	2623	15050301	"SANTA CRUZ"	"Stream"	31.615182	-111.042595	495960	3497784	"12N"	NA	NA	NA
"SCUA2000.08"	106824	15908163	2184	15050301	"SANTA CRUZ"	"Stream"	31.4795	-110.737611	524923	3482774	"12N"	NA	NA	NA
"SCUA3000.02"	106822	15908163	2182	15050301	"SANTA CRUZ"	"Stream"	31.483306	-110.738058	524880	3483196	"12N"	NA	NA	NA
"SCUA4000.01"	107722	15908163	2274	15050301	"SANTA CRUZ"	"Stream"	31.480917	-110.736694	525010	3482932	"12N"	NA	NA	NA
"SCUA5000.07"	107742	15908163	2275	15050301	"SANTA CRUZ"	"Stream"	31.477972	-110.735861	525090	3482605	"12N"	NA	NA	NA
"SCUAL000.01"	106823	15908163	2183	15050301	"SANTA CRUZ"	"Stream"	31.470889	-110.728028	525836	3481822	"12N"	NA	NA	NA
"SCUCX000.01"	100875	15907655	475	15050301	"SANTA CRUZ"	"Stream"	31.465131	-110.78075	520829	3481173	"12N"	NA	NA	NA
"SCUDC000.01"	111471	15895598	61699	15050302	"PIMA"	"Stream"	31.867731	-110.674823	530759	3525821	"12N"	NA	NA	NA
"SCUH1000.01"	107744	15908177	2277	15050301	"SANTA CRUZ"	"Stream"	31.465639	-110.739639	524734	3481238	"12N"	NA	NA	NA
"SCUH2000.01"	107745	15908163	2278	15050301	"SANTA CRUZ"	"Stream"	31.47275	-110.733833	525284	3482027	"12N"	NA	NA	NA
"SCUHC000.01"	107743	15908177	2276	15050301	"SANTA CRUZ"	"Stream"	31.466472	-110.738944	524800	3481330	"12N"	NA	NA	NA
"SCUHR000.38"	100850	15907745	467	15050301	"SANTA CRUZ"	"Stream"	31.432978	-110.728796	525773	3477620	"12N"	NA	NA	NA
"SCUHR000.57"	100851	15907745	468	15050301	"SANTA CRUZ"	"Stream"	31.432542	-110.731857	525482	3477571	"12N"	NA	NA	NA
"SCUMD000.29"	100234	15906045	135	15050301	"SANTA CRUZ"	"Stream"	31.711944	-110.875278	511817	3508514	"12N"	NA	NA	NA
"SCUPC000.24"	104008	15907737	1784	15050301	"COCHISE"	"Stream"	31.430936	-110.449186	552346	3477493	"12N"	NA	NA	NA
"SCUTH000.23"	100874	15907601	474	15050301	"SANTA CRUZ"	"Stream"	31.474517	-110.764061	522412	3482216	"12N"	NA	NA	NA
"SCVMW005.14"	103649	15842154	1657	15080101	"PIMA"	"Stream"	31.951111	-112.347778	372622	3535810	"12N"	NA	NA	NA
"SCXA2000.01"	105417	15908163	2033	15050301	"SANTA CRUZ"	"Stream"	31.472667	-110.731889	525468	3482018	"12N"	NA	NA	NA
"SCXAL000.01"	105416	15908163	2032	15050301	"SANTA CRUZ"	"Stream"	31.480525	-110.738522	524836	3482888	"12N"	NA	NA	NA
"SILCK-HATCHERY"	111426	21755922	61576	NA	NA	"Stream"	34.3308	-109.925608	598834	3799358	"12N"	NA	NA	NA
"SPAAA000.01"	102938	20372625	1447	15080301	"COCHISE"	"Stream"	31.447	-109.925722	602078	3479642	"12N"	NA	NA	NA
"SPARA000.28"	105601	15915995	2056	15050203	"PINAL"	"Stream"	32.839444	-110.710528	527090	3633525	"12N"	NA	NA	NA
"SPARA004.40"	100213	15915983	120	15050203	"PINAL"	"Stream"	32.846667	-110.636944	533974	3634347	"12N"	NA	NA	NA
"SPARA006.30"	111474	15915969	61702	15050203	"PINAL"	"Stream"	32.843368	-110.61957	535601	3633987	"12N"	NA	NA	NA
"SPARA009.62"	111473	15915831	61701	15050203	"PINAL"	"Stream"	32.876934	-110.588575	538487	3637719	"12N"	NA	NA	NA
"SPARA010.19"	100212	15915721	119	15050203	"PINAL"	"Stream"	32.895556	-110.567778	540424	3639791	"12N"	2633	NA	NA
"SPARA012.93"	103153	15915635	1487	15050203	"PINAL"	"Stream"	32.91075	-110.560222	541124	3641479	"12N"	NA	NA	NA
"SPARA013.78"	100716	15915633	681	15050203	"PINAL"	"Stream"	32.91102	-110.550389	542043	3641512	"12N"	2650	NA	NA
"SPARA017.25"	100211	15915645	682	15050203	"PINAL"	"Stream"	32.906194	-110.46635	549904	3641014	"12N"	2980	NA	NA
"SPARA019.41"	100210	15915707	118	15050203	"GRAHAM"	"Stream"	32.897778	-110.441111	552270	3640093	"12N"	3080	NA	NA
"SPARA023.24"	100209	15915789	117	15050203	"GRAHAM"	"Stream"	32.875556	-110.389444	557116	3637656	"12N"	NA	NA	NA
"SPARA026.35"	106882	15915785	2191	15050203	"GRAHAM"	"Stream"	32.879219	-110.394066	556681	3638060	"12N"	3225	NA	NA
"SPBAN007.43"	100268	15932941	161	15050202	"COCHISE"	"Stream"	31.511111	-110.016944	593346	3486667	"12N"	NA	NA	NA
"SPBAS000.62"	100217	15919743	122	15050203	"COCHISE"	"Stream"	32.349778	-110.248889	570677	3579455	"12N"	4025	NA	NA
"SPBAS001.28"	100216	15919743	434	15050203	"COCHISE"	"Stream"	32.351667	-110.24	571512	3579670	"12N"	NA	NA	NA
"SPBAS001.64"	100215	15919741	685	15050203	"COCHISE"	"Stream"	32.351564	-110.235249	571959	3579662	"12N"	4040	NA	NA
"SPBAS002.90"	100214	15919741	121	15050203	"COCHISE"	"Stream"	32.365	-110.2275	572677	3581157	"12N"	NA	NA	NA
"SPBBB000.05"	102918	20372625	1434	15080301	"COCHISE"	"Stream"	31.441211	-109.911991	603389	3479013	"12N"	NA	NA	NA
"SPBBR000.06"	103548	15932457	1609	15050202	"COCHISE"	"Stream"	31.722342	-110.194452	576318	3509942	"12N"	3830	NA	NA
"SPBBR001.80"	110878	15932457	2607	15050202	"COCHISE"	"Stream"	31.708898	-110.207229	575118	3508443	"12N"	NA	NA	NA
"SPBBR003.49"	101488	15932483	784	15050202	"COCHISE"	"Stream"	31.700278	-110.226944	573257	3507474	"12N"	NA	NA	NA
"SPBBR004.55"	100269	15932483	162	15050202	"COCHISE"	"Stream"	31.695	-110.239444	572076	3506881	"12N"	4005	NA	NA
"SPBBR005.09"	100271	15932483	164	15050202	"COCHISE"	"Stream"	31.691944	-110.246944	571368	3506537	"12N"	NA	NA	NA
"SPBBR018.97"	101487	945050159	783	15050202	"COCHISE"	"Stream"	31.635	-110.425278	554500	3500123	"12N"	NA	NA	NA
"SPBBR019.03"	100270	945050159	163	15050202	"COCHISE"	"Stream"	31.636111	-110.425833	554447	3500246	"12N"	NA	NA	NA
"SPBHC004.31"	101175	15919613	589	15050203	"PIMA"	"Stream"	32.406333	-110.540778	543184	3585569	"12N"	3160	NA	NA
"SPBHC004.66"	100425	15919655	690	15050203	"PIMA"	"Stream"	32.402308	-110.544434	542842	3585121	"12N"	3160	NA	NA
"SPBHC007.37"	100272	15919657	970	15050203	"PIMA"	"Stream"	32.387222	-110.571389	540314	3583438	"12N"	3343	NA	NA
"SPBIG007.41"	109982	21258393	2493	15050201	"GRAHAM"	"Stream"	32.662388	-109.87603	605397	3614418	"12N"	8930	NA	NA
"SPBRG000.03"	103441	20372625	1596	15080301	"COCHISE"	"Stream"	31.441722	-109.913306	603264	3479068	"12N"	NA	NA	NA
"SPBRG000.88"	103438	20372625	1593	15080301	"COCHISE"	"Stream"	31.452167	-109.916528	602946	3480223	"12N"	NA	NA	NA
"SPBRG001.03"	103439	20372575	1594	15080301	"COCHISE"	"Stream"	31.453667	-109.917778	602826	3480388	"12N"	NA	NA	NA
"SPCCC000.01"	106962	20372633	2195	15080301	"COCHISE"	"Stream"	31.436472	-109.901	604439	3478498	"12N"	NA	NA	NA
"SPCCC000.03"	102914	20372633	1430	15080301	"COCHISE"	"Stream"	31.437327	-109.901663	604375	3478592	"12N"	NA	NA	NA
"SPCCN000.06"	102928	20372661	1444	15080301	"COCHISE"	"Stream"	31.427649	-109.884282	606038	3477536	"12N"	NA	NA	NA
"SPCOP007.32"	111242	15918801	2677	15050203	"PINAL"	"Stream"	32.738011	-110.518514	545111	3622346	"12N"	NA	NA	NA
"SPCOP008.37"	100944	15918801	496	15050203	"PINAL"	"Stream"	32.748231	-110.504293	546438	3623485	"12N"	3520	NA	NA
"SPCOP008.77"	111241	15918801	2676	15050203	"PINAL"	"Stream"	32.748844	-110.499519	546885	3623555	"12N"	NA	NA	NA
"SPCOP008.82"	111240	15918801	2675	15050203	"PINAL"	"Stream"	32.749167	-110.498878	546945	3623591	"12N"	NA	NA	NA
"SPCOP009.81"	109004	15918763	2413	15050203	"PINAL"	"Stream"	32.750808	-110.482778	548452	3623780	"12N"	NA	NA	NA
"SPCOP009.90"	111239	15918763	2674	15050203	"PINAL"	"Stream"	32.750889	-110.481342	548587	3623790	"12N"	NA	NA	NA
"SPCOP010.28"	111238	15918763	2673	15050203	"PINAL"	"Stream"	32.752856	-110.477058	548987	3624010	"12N"	NA	NA	NA
"SPCOP010.29"	109003	15918763	2412	15050203	"PINAL"	"Stream"	32.751144	-110.477	548993	3623820	"12N"	NA	NA	NA
"SPCOP011.25"	111237	15916589	2672	15050203	"PINAL"	"Stream"	32.755522	-110.465556	550063	3624311	"12N"	NA	NA	NA
"SPCOP011.39"	100433	15916589	249	15050203	"PINAL"	"Stream"	32.756515	-110.463867	550221	3624422	"12N"	4040	NA	NA
"SPCRC013.37"	100428	15934497	248	15050202	"COCHISE"	"Stream"	31.426922	-110.307231	565840	3477125	"12N"	7225	NA	NA
"SPCUY000.09"	111483	15933657	61713	15050202	"COCHISE"	"Stream"	31.580827	-110.147503	580888	3494290	"12N"	NA	NA	NA
"SPCUY002.17"	111484	15933657	61714	15050202	"COCHISE"	"Stream"	31.5714	-110.1789	577917	3493223	"12N"	NA	NA	NA
"SPDBC000.07"	102924	20372623	1440	15080301	"COCHISE"	"Stream"	31.439483	-109.908394	603733	3478825	"12N"	NA	NA	NA
"SPDBC000.42"	102923	20372623	1439	15080301	"COCHISE"	"Stream"	31.444081	-109.906553	603903	3479336	"12N"	NA	NA	NA
"SPDDW000.13"	105623	15918687	2058	15050203	"PINAL"	"Stream"	32.88925	-110.729028	525345	3639042	"12N"	NA	NA	NA
"SPDOU000.18"	100223	15919739	127	15050203	"COCHISE"	"Stream"	32.353333	-110.238056	571693	3579856	"12N"	4134	NA	NA
"SPDOU001.01"	100222	15919739	126	15050203	"COCHISE"	"Stream"	32.365	-110.238889	571606	3581149	"12N"	4230	NA	NA
"SPEEE000.02"	102925	20372633	1441	15080301	"COCHISE"	"Stream"	31.434711	-109.895296	604983	3478308	"12N"	NA	NA	NA
"SPGBD000.01"	110877	945050169	2606	15050202	"COCHISE"	"Stream"	31.409628	-110.103748	585195	3475348	"12N"	NA	NA	NA
"SPGBD003.80"	101579	15934583	1112	15050202	"COCHISE"	"Stream"	31.380819	-110.072525	588190	3472179	"12N"	NA	NA	NA
"SPGCW005.27"	100559	21258399	717	15050201	"GRAHAM"	"Stream"	32.653541	-109.954106	598085	3613363	"12N"	5400	NA	NA
"SPGDN007.55"	106508	15934417	2157	15050202	"COCHISE"	"Stream"	31.473583	-110.350056	561739	3482272	"12N"	5420	NA	NA
"SPGRA007.71"	100561	21258377	718	15050201	"GRAHAM"	"Stream"	32.651883	-109.925179	600800	3613206	"12N"	5600	NA	NA
"SPHHH000.01"	102913	20372629	1429	15080301	"COCHISE"	"Stream"	31.437655	-109.905102	604048	3478625	"12N"	NA	NA	NA
"SPHNG000.01"	102922	20372625	1438	15080301	"COCHISE"	"Stream"	31.441083	-109.915556	603051	3478995	"12N"	NA	NA	NA
"SPHSC000.22"	109022	15920951	2414	15050203	"COCHISE"	"Stream"	32.289875	-110.379267	558447	3572736	"12N"	NA	NA	NA
"SPHSC006.01"	100273	15919765	165	15050203	"COCHISE"	"Stream"	32.343028	-110.322389	563765	3578660	"12N"	NA	NA	NA
"SPHSC010.21"	100220	15919765	124	15050203	"COCHISE"	"Stream"	32.355278	-110.273889	568320	3580048	"12N"	NA	NA	NA
"SPHSC010.67"	100574	15919765	721	15050203	"COCHISE"	"Stream"	32.354116	-110.267919	568883	3579923	"12N"	3830	NA	NA
"SPHSC011.78"	100219	15921059	963	15050203	"COCHISE"	"Stream"	32.349286	-110.255642	570042	3579396	"12N"	NA	NA	NA
"SPHSC013.31"	100218	15920935	123	15050203	"COCHISE"	"Stream"	32.337778	-110.238056	571706	3578132	"12N"	NA	NA	NA
"SPJJJ000.04"	102912	20372629	1428	15080301	"COCHISE"	"Stream"	31.437713	-109.906223	603942	3478631	"12N"	NA	NA	NA
"SPKKK000.32"	102919	20372623	1435	15080301	"COCHISE"	"Stream"	31.446474	-109.912145	603369	3479596	"12N"	NA	NA	NA
"SPLES012.75"	101500	20371805	794	15080301	"COCHISE"	"Stream"	31.591667	-109.508056	641550	3496142	"12N"	NA	NA	NA
"SPLKC000.29"	103437	20372625	1592	15080301	"COCHISE"	"Stream"	31.45475	-109.928194	601835	3480499	"12N"	NA	NA	NA
"SPMHC000.09"	103440	20372653	1595	15080301	"COCHISE"	"Stream"	31.429722	-109.871417	607258	3477778	"12N"	NA	NA	NA
"SPMLC012.43"	100592	15934521	336	15050202	"COCHISE"	"Stream"	31.406917	-110.286889	567788	3474920	"12N"	6750	NA	NA
"SPMLC012.68"	110365	15934521	2539	15050202	"COCHISE"	"Stream"	31.40564	-110.29112	567387	3474776	"12N"	NA	NA	NA
"SPMLC013.56"	106505	15934521	2154	15050202	"COCHISE"	"Stream"	31.405389	-110.303694	566191	3474740	"12N"	7700	NA	NA
"SPMLC12.676"	110382	15934521	2540	15050202	"COCHISE"	"Stream"	31.405639	-110.291111	567387	3474776	"12N"	NA	NA	NA
"SPMLG005.79"	102873	20372609	1426	15080301	"COCHISE"	"Stream"	31.452857	-109.796366	614363	3480418	"12N"	NA	NA	NA
"SPMLG007.81"	100225	20372609	129	15080301	"COCHISE"	"Stream"	31.441491	-109.825495	611609	3479129	"12N"	NA	NA	NA
"SPMLG010.19"	100509	20372651	298	15080301	"COCHISE"	"Stream"	31.429664	-109.856203	608704	3477787	"12N"	NA	NA	NA
"SPMLG010.37"	102492	20372655	1287	15080301	"COCHISE"	"Stream"	31.430073	-109.859143	608425	3477829	"12N"	4700	NA	NA
"SPMLG010.61"	102491	20372655	1286	15080301	"COCHISE"	"Stream"	31.42928	-109.862906	608068	3477738	"12N"	NA	NA	NA
"SPMLG010.89"	100508	20372657	297	15080301	"COCHISE"	"Stream"	31.428417	-109.866669	607711	3477638	"12N"	NA	NA	NA
"SPMLG011.10"	102940	20372657	1448	15080301	"COCHISE"	"Stream"	31.429072	-109.86999	607395	3477708	"12N"	NA	NA	NA
"SPMLG012.03"	102872	20372661	1425	15080301	"COCHISE"	"Stream"	31.426869	-109.884075	606059	3477450	"12N"	NA	NA	NA
"SPMLG012.41"	100507	20372661	296	15080301	"COCHISE"	"Stream"	31.428006	-109.890236	605472	3477570	"12N"	NA	NA	NA
"SPMLG012.79"	102490	20372671	1285	15080301	"COCHISE"	"Stream"	31.432211	-109.894408	605071	3478032	"12N"	NA	NA	NA
"SPMLG012.92"	102774	20372633	1404	15080301	"COCHISE"	"Stream"	31.433809	-109.895297	604984	3478208	"12N"	NA	NA	NA
"SPMLG014.03"	102489	20372625	1284	15080301	"COCHISE"	"Stream"	31.440008	-109.91083	603501	3478881	"12N"	NA	NA	NA
"SPMLG014.59"	100506	20372625	295	15080301	"COCHISE"	"Stream"	31.4415	-109.918972	602726	3479038	"12N"	NA	NA	NA
"SPMLG015.59"	102773	20372625	1403	15080301	"COCHISE"	"Stream"	31.449377	-109.929825	601686	3479901	"12N"	5591	NA	NA
"SPMMM000.10"	106826	20372625	2186	15080301	"COCHISE"	"Stream"	31.449583	-109.927	601954	3479927	"12N"	NA	NA	NA
"SPMOR000.27"	102937	20372625	1446	15080301	"COCHISE"	"Stream"	31.450589	-109.940672	600654	3480026	"12N"	NA	NA	NA
"SPMTT000.01"	107052	20372625	2205	15080301	"COCHISE"	"Stream"	31.452528	-109.932472	601431	3480248	"12N"	NA	NA	NA
"SPOOO000.29"	106802	20372625	2180	15080301	"COCHISE"	"Stream"	31.456224	-109.931665	601504	3480659	"12N"	NA	NA	NA
"SPPAI008.89"	100616	15920073	1052	15050203	"COCHISE"	"Stream"	32.180021	-110.423903	554309	3560535	"12N"	3680	NA	NA
"SPPNW000.21"	105621	15916007	2057	15050203	"PINAL"	"Stream"	32.838028	-110.719806	526222	3633366	"12N"	NA	NA	NA
"SPPOS002.21"	100293	21258305	182	15050201	"GRAHAM"	"Stream"	32.692222	-109.899167	603193	3617703	"12N"	NA	NA	NA
"SPPPP000.04"	102915	20372633	1431	15080301	"COCHISE"	"Stream"	31.43612	-109.896234	604893	3478464	"12N"	NA	NA	NA
"SPQQQ000.00"	102939	20372625	1445	15080301	"COCHISE"	"Stream"	31.439572	-109.926131	602048	3478818	"12N"	NA	NA	NA
"SPRDC009.71"	100274	15919557	166	15050203	"GRAHAM"	"Stream"	32.438531	-110.344194	561648	3589234	"12N"	NA	NA	NA
"SPRDC012.76"	100628	15919507	736	15050203	"GRAHAM"	"Stream"	32.452626	-110.315829	564305	3590814	"12N"	3900	NA	NA
"SPRMC010.62"	104499	15934841	1898	15050202	"COCHISE"	"Stream"	31.445611	-110.312694	565308	3479193	"12N"	NA	NA	NA
"SPRMC011.11"	101060	15934841	561	15050202	"COCHISE"	"Stream"	31.441639	-110.316889	564912	3478750	"12N"	6000	NA	NA
"SPRMC011.48"	100625	15934841	351	15050202	"COCHISE"	"Stream"	31.43725	-110.319213	564694	3478262	"12N"	6175	NA	NA
"SPRRR000.06"	106825	20372625	2185	15080301	"COCHISE"	"Stream"	31.4505	-109.9325	601430	3480023	"12N"	NA	NA	NA
"SPRUC007.81"	100938	20371465	491	15080301	"COCHISE"	"Stream"	31.785778	-109.300472	660912	3517948	"12N"	6160	NA	NA
"SPRUC008.21"	100633	20371465	739	15080301	"COCHISE"	"Stream"	31.785487	-109.293337	661588	3517927	"12N"	6220	NA	NA
"SPSPC000.11"	102921	20372625	1437	15080301	"COCHISE"	"Stream"	31.448321	-109.932214	601460	3479782	"12N"	NA	NA	NA
"SPSPC000.21"	102920	20372625	1436	15080301	"COCHISE"	"Stream"	31.446655	-109.932714	601414	3479597	"12N"	NA	NA	NA
"SPSPR001.54"	106563	15915417	2163	15050203	"PINAL"	"Stream"	32.972694	-110.767556	521721	3648284	"12N"	NA	NA	NA
"SPSPR003.85"	101348	15918671	662	15050203	"PINAL"	"Stream"	32.945422	-110.754197	522976	3645263	"12N"	1980	NA	NA
"SPSPR005.28"	100726	15915505	742	15050203	"PINAL"	"Stream"	32.932315	-110.742467	524076	3643813	"12N"	1995	NA	NA
"SPSPR006.27"	106322	15915591	2135	15050203	"PINAL"	"Stream"	32.923528	-110.736389	524647	3642840	"12N"	NA	NA	NA
"SPSPR006.75"	106483	15915613	2150	15050203	"PINAL"	"Stream"	32.916861	-110.734417	524833	3642101	"12N"	2020	NA	NA
"SPSPR012.17"	105598	15918883	2053	15050203	"PINAL"	"Stream"	32.852833	-110.724111	525815	3635006	"12N"	NA	NA	NA
"SPSPR012.97"	100292	15918883	181	15050203	"PINAL"	"Stream"	32.842778	-110.717222	526463	3633893	"12N"	NA	NA	NA
"SPSPR013.29"	108482	15918891	2372	15050203	"PINAL"	"Stream"	32.838472	-110.71575	526602	3633416	"12N"	NA	NA	NA
"SPSPR013.38"	106164	15918891	2106	15050203	"PINAL"	"Stream"	32.836944	-110.715556	526620	3633247	"12N"	NA	NA	NA
"SPSPR013.99"	105600	15918891	2055	15050203	"PINAL"	"Stream"	32.831222	-110.710389	527106	3632614	"12N"	NA	NA	NA
"SPSPR014.18"	109562	15918891	2446	15050203	"PINAL"	"Stream"	32.82925	-110.705028	527608	3632396	"12N"	2160	NA	NA
"SPSPR015.42"	108902	15918897	2410	15050203	"PINAL"	"Stream"	32.81256	-110.69962	528120	3630548	"12N"	2190	NA	NA
"SPSPR022.15"	105599	945050153	2054	15050203	"PINAL"	"Stream"	32.742556	-110.647833	532993	3622802	"12N"	NA	NA	NA
"SPSPR023.77"	103481	15918965	1602	15050203	"PINAL"	"Stream"	32.721917	-110.638097	533913	3620517	"12N"	NA	NA	NA
"SPSPR031.72"	100286	15918997	176	15050203	"PINAL"	"Stream"	32.632222	-110.566472	540666	3610599	"12N"	NA	NA	NA
"SPSPR034.66"	101843	15919039	1264	15050203	"PINAL"	"Stream"	32.599583	-110.538639	543292	3606992	"12N"	NA	NA	NA
"SPSPR035.01"	100285	15919039	175	15050203	"PINAL"	"Stream"	32.598056	-110.532778	543843	3606825	"12N"	NA	NA	NA
"SPSPR054.87"	100290	15920911	179	15050203	"PIMA"	"Stream"	32.381944	-110.442778	552414	3582909	"12N"	NA	NA	NA
"SPSPR059.21"	100289	15920939	973	15050203	"COCHISE"	"Stream"	32.33181	-110.413912	555159	3577366	"12N"	3035	NA	NA
"SPSPR066.54"	109283	15919895	2429	15050203	"COCHISE"	"Stream"	32.260833	-110.348333	561379	3569534	"12N"	NA	NA	NA
"SPSPR066.69"	111180	15919895	2643	15050203	"COCHISE"	"Stream"	32.2614	-110.34703	561501	3569598	"12N"	NA	NA	NA
"SPSPR072.42"	102390	15920057	1267	15050203	"COCHISE"	"Stream"	32.199722	-110.314194	564638	3562780	"12N"	NA	NA	NA
"SPSPR074.25"	102389	15920067	1266	15050203	"COCHISE"	"Stream"	32.179861	-110.297472	566228	3560588	"12N"	NA	NA	NA
"SPSPR075.41"	102391	15920983	1268	15050203	"COCHISE"	"Stream"	32.259925	-110.318411	564198	3569451	"12N"	NA	NA	NA
"SPSPR075.42"	102388	15920105	1265	15050203	"COCHISE"	"Stream"	32.163806	-110.295194	566455	3558810	"12N"	NA	NA	NA
"SPSPR077.39"	109282	15920135	2428	15050203	"COCHISE"	"Stream"	32.143667	-110.291556	566813	3556580	"12N"	NA	NA	NA
"SPSPR095.98"	109323	15932099	2432	15050202	"COCHISE"	"Stream"	31.965103	-110.278708	568156	3536795	"12N"	NA	NA	NA
"SPSPR100.16"	103662	15933561	1661	15050202	"COCHISE"	"Stream"	31.919972	-110.251028	570807	3531810	"12N"	NA	NA	NA
"SPSPR101.10"	102712	15932167	1381	15050202	"COCHISE"	"Stream"	31.906667	-110.247778	571124	3530337	"12N"	NA	NA	NA
"SPSPR101.25"	100276	15932175	168	15050202	"COCHISE"	"Stream"	31.905556	-110.246111	571283	3530215	"12N"	NA	NA	NA
"SPSPR101.32"	100277	15932175	169	15050202	"COCHISE"	"Stream"	31.905278	-110.245833	571309	3530185	"12N"	NA	NA	NA
"SPSPR101.70"	100278	15932175	170	15050202	"COCHISE"	"Stream"	31.901389	-110.241944	571680	3529756	"12N"	NA	NA	NA
"SPSPR101.71"	103672	15933565	1671	15050202	"COCHISE"	"Stream"	31.90125	-110.242667	571612	3529740	"12N"	NA	NA	NA
"SPSPR101.72"	103671	15933565	1670	15050202	"COCHISE"	"Stream"	31.901222	-110.242	571675	3529738	"12N"	NA	NA	NA
"SPSPR101.75"	103670	15932203	1669	15050202	"COCHISE"	"Stream"	31.901194	-110.241056	571764	3529735	"12N"	NA	NA	NA
"SPSPR101.81"	103669	15932203	1668	15050202	"COCHISE"	"Stream"	31.900694	-110.239361	571925	3529681	"12N"	NA	NA	NA
"SPSPR101.83"	100279	15932203	971	15050202	"COCHISE"	"Stream"	31.900556	-110.24	571864	3529665	"12N"	NA	NA	NA
"SPSPR101.84"	100280	15932203	171	15050202	"COCHISE"	"Stream"	31.900556	-110.239722	571891	3529665	"12N"	NA	NA	NA
"SPSPR102.01"	100281	15932203	172	15050202	"COCHISE"	"Stream"	31.899573	-110.237495	572102	3529558	"12N"	3890	NA	NA
"SPSPR102.04"	103668	15932203	1667	15050202	"COCHISE"	"Stream"	31.899222	-110.237611	572091	3529519	"12N"	NA	NA	NA
"SPSPR102.09"	103667	15932203	1666	15050202	"COCHISE"	"Stream"	31.898639	-110.23725	572126	3529454	"12N"	NA	NA	NA
"SPSPR102.18"	103660	15932203	1659	15050202	"COCHISE"	"Stream"	31.8975	-110.235833	572261	3529329	"12N"	NA	NA	NA
"SPSPR102.26"	103666	15932203	1665	15050202	"COCHISE"	"Stream"	31.896583	-110.235167	572325	3529228	"12N"	NA	NA	NA
"SPSPR102.40"	100282	15932203	173	15050202	"COCHISE"	"Stream"	31.895	-110.233333	572499	3529054	"12N"	NA	NA	NA
"SPSPR102.54"	103665	15932203	1664	15050202	"COCHISE"	"Stream"	31.893639	-110.232833	572547	3528903	"12N"	NA	NA	NA
"SPSPR102.61"	100283	15932203	174	15050202	"COCHISE"	"Stream"	31.892778	-110.231944	572632	3528808	"12N"	NA	NA	NA
"SPSPR102.98"	103664	15932203	1663	15050202	"COCHISE"	"Stream"	31.890267	-110.227942	573013	3528533	"12N"	NA	NA	NA
"SPSPR103.43"	103663	15932203	1662	15050202	"COCHISE"	"Stream"	31.884639	-110.230111	572812	3527907	"12N"	NA	NA	NA
"SPSPR103.64"	100284	15932203	972	15050202	"COCHISE"	"Stream"	31.882778	-110.226944	573113	3527703	"12N"	NA	NA	NA
"SPSPR103.72"	103673	15932203	1672	15050202	"COCHISE"	"Stream"	31.881694	-110.227667	573046	3527583	"12N"	NA	NA	NA
"SPSPR104.15"	103661	15932203	1660	15050202	"COCHISE"	"Stream"	31.877889	-110.222806	573508	3527164	"12N"	NA	NA	NA
"SPSPR104.41"	109322	15932203	2431	15050202	"COCHISE"	"Stream"	31.875433	-110.219383	573834	3526894	"12N"	NA	NA	NA
"SPSPR105.49"	103674	15932217	1673	15050202	"COCHISE"	"Stream"	31.861778	-110.212	574543	3525386	"12N"	NA	NA	NA
"SPSPR108.03"	110648	15932247	2573	15050202	"COCHISE"	"Stream"	31.83815	-110.216258	574159	3522764	"12N"	3670	NA	NA
"SPSPR109.75"	110880	15932253	2609	15050202	"COCHISE"	"Stream"	31.815103	-110.215171	574281	3520210	"12N"	NA	NA	NA
"SPSPR111.71"	111492	15932303	61747	15050202	"COCHISE"	"Stream"	31.792939	-110.217697	574059	3517751	"12N"	NA	NA	NA
"SPSPR113.49"	110879	15932317	2608	15050202	"COCHISE"	"Stream"	31.777669	-110.212536	574560	3516062	"12N"	NA	NA	NA
"SPSPR115.90"	101490	15933593	785	15050202	"PIMA"	"Stream"	31.750833	-110.201111	575664	3513096	"12N"	NA	NA	NA
"SPSPR117.97"	100287	15932391	177	15050202	"COCHISE"	"Stream"	31.725306	-110.194639	576298	3510271	"12N"	3852	NA	NA
"SPSPR118.20"	109302	15932391	2430	15050202	"COCHISE"	"Stream"	31.723139	-110.193739	576385	3510031	"12N"	NA	NA	NA
"SPSPR120.47"	104005	15932477	1781	15050202	"COCHISE"	"Stream"	31.694583	-110.182361	577486	3506874	"12N"	NA	NA	NA
"SPSPR123.76"	111431	15932553	61602	15050202	"COCHISE"	"Stream"	31.668025	-110.177089	578008	3503934	"12N"	NA	NA	NA
"SPSPR126.35"	100653	15932591	365	15050202	"COCHISE"	"Stream"	31.637422	-110.175567	578178	3500543	"12N"	3920	NA	NA
"SPSPR126.54"	103152	15932591	1486	15050202	"COCHISE"	"Stream"	31.634389	-110.175333	578203	3500207	"12N"	NA	NA	NA
"SPSPR127.50"	100291	15932661	180	15050202	"COCHISE"	"Stream"	31.625278	-110.174167	578321	3499198	"12N"	NA	NA	NA
"SPSPR128.87"	111479	15932661	61709	15050202	"COCHISE"	"Stream"	31.611808	-110.167496	578965	3497710	"12N"	NA	NA	NA
"SPSPR134.17"	109262	15932809	2425	15050202	"COCHISE"	"Stream"	31.554444	-110.14	581623	3491372	"12N"	NA	NA	NA
"SPSPR134.32"	101499	15932827	793	15050202	"COCHISE"	"Stream"	31.552222	-110.138611	581757	3491126	"12N"	NA	NA	NA
"SPSPR134.35"	100288	15932827	178	15050202	"COCHISE"	"Stream"	31.549694	-110.136722	581939	3490847	"12N"	4050	NA	NA
"SPSPR136.95"	101486	15932911	782	15050202	"COCHISE"	"Stream"	31.519444	-110.129444	582656	3487500	"12N"	NA	NA	NA
"SPSPR140.57"	111478	15934849	61708	15050202	"COCHISE"	"Stream"	31.480762	-110.11854	583726	3483221	"12N"	NA	NA	NA
"SPSPR143.23"	102169	945050167	1107	15050202	"COCHISE"	"Stream"	31.455	-110.110278	584534	3480372	"12N"	NA	NA	NA
"SPSPR144.76"	101497	15934865	791	15050202	"COCHISE"	"Stream"	31.437306	-110.107333	584830	3478413	"12N"	NA	NA	NA
"SPSPR147.55"	110876	15934511	2605	15050202	"COCHISE"	"Stream"	31.410393	-110.102704	585294	3475433	"12N"	NA	NA	NA
"SPSPR147.77"	110875	945050169	2604	15050202	"COCHISE"	"Stream"	31.409198	-110.104552	585119	3475299	"12N"	NA	NA	NA
"SPSPR150.09"	100275	945050169	167	15050202	"COCHISE"	"Stream"	31.38	-110.110833	584548	3472058	"12N"	4316	NA	NA
"SPSPR151.28"	101485	15934607	781	15050202	"COCHISE"	"Stream"	31.369444	-110.118056	583871	3470883	"12N"	NA	NA	NA
"SPSPR153.99"	111480	945050171	61710	15050202	"COCHISE"	"Stream"	31.342787	-110.13764	582032	3467914	"12N"	NA	NA	NA
"SPSPR155.50"	111487	945050966	61717	15050202	"COCHISE"	"Stream"	31.33421	-110.150785	580788	3466953	"12N"	NA	NA	NA
"SPSRC000.93"	111345	21263919	2649	15050201	"COCHISE"	"Stream"	31.93605	-109.95966	598336	3533820	"12N"	NA	NA	NA
"SPTTT000.20"	102917	20372623	1433	15080301	"COCHISE"	"Stream"	31.441794	-109.909808	603596	3479080	"12N"	NA	NA	NA
"SPTUR028.53"	102113	21263991	1072	15050201	"COCHISE"	"Stream"	31.853537	-109.328285	658163	3525419	"12N"	6350	NA	NA
"SPUBS000.22"	100224	15919741	128	15050203	"COCHISE"	"Stream"	32.349444	-110.233889	572088	3579428	"12N"	NA	NA	NA
"SPUMC000.18"	110898	15932267	2613	15050202	"COCHISE"	"Stream"	31.821554	-110.325118	563870	3520855	"12N"	NA	NA	NA
"SPUS1000.69"	110896	15932305	2611	15050202	"COCHISE"	"Stream"	31.79334	-110.331418	563293	3517724	"12N"	NA	NA	NA
"SPUS2000.05"	110897	15932299	2612	15050202	"COCHISE"	"Stream"	31.793104	-110.312343	565099	3517709	"12N"	NA	NA	NA
"SPUS3000.32"	110899	15932305	2614	15050202	"COCHISE"	"Stream"	31.787651	-110.363706	560240	3517075	"12N"	NA	NA	NA
"SPUU1000.03"	110895	15932299	2610	15050202	"COCHISE"	"Stream"	31.804597	-110.330946	563330	3518972	"12N"	NA	NA	NA
"SPUUS001.43"	110900	15932227	2615	15050202	"COCHISE"	"Stream"	31.842091	-110.324039	563958	3523132	"12N"	NA	NA	NA
"SPUW1001.14"	110902	15932395	2617	15050202	"COCHISE"	"Stream"	31.730815	-110.168346	578784	3510900	"12N"	NA	NA	NA
"SPUW2000.51"	110903	15932383	2618	15050202	"COCHISE"	"Stream"	31.739233	-110.139853	581476	3511854	"12N"	NA	NA	NA
"SPUWL002.53"	110901	15932353	2616	15050202	"COCHISE"	"Stream"	31.750055	-110.145982	580886	3513049	"12N"	NA	NA	NA
"SPUWM000.01"	102926	20372639	1442	15080301	"COCHISE"	"Stream"	31.441436	-109.891778	605310	3479057	"12N"	NA	NA	NA
"SPWHD000.04"	100512	20372843	301	15080301	"COCHISE"	"Stream"	31.334278	-109.579778	635114	3467520	"12N"	NA	NA	NA
"SPWHD001.57"	100227	20372805	130	15080301	"COCHISE"	"Stream"	31.354722	-109.597778	633373	3469764	"12N"	NA	NA	NA
"SPWHD001.73"	100510	20372805	299	15080301	"COCHISE"	"Stream"	31.353167	-109.585611	634532	3469607	"12N"	NA	NA	NA
"SPWHD009.02"	100229	20372685	131	15080301	"COCHISE"	"Stream"	31.425833	-109.630278	630183	3477608	"12N"	NA	NA	NA
"SPWHD015.66"	100230	945080068	132	15080301	"COCHISE"	"Stream"	31.465313	-109.698418	623654	3481905	"12N"	NA	NA	NA
"SPWHD015.68"	100515	945080068	302	15080301	"COCHISE"	"Stream"	31.466222	-109.7	623503	3482004	"12N"	NA	NA	NA
"SPWNC000.35"	102927	20372633	1443	15080301	"COCHISE"	"Stream"	31.437268	-109.892758	605222	3478594	"12N"	NA	NA	NA
"SPWNC000.70"	106963	20372639	2196	15080301	"COCHISE"	"Stream"	31.441217	-109.8917	605318	3479033	"12N"	NA	NA	NA
"SPWRC000.09"	102892	21263965	1427	15050201	"COCHISE"	"Stream"	31.863611	-109.336111	657405	3526525	"12N"	6200	NA	NA
"SPWRC000.48"	100682	21263977	757	15050201	"COCHISE"	"Stream"	31.865017	-109.329851	657995	3526690	"12N"	6260	NA	NA
"SPWWW000.05"	102916	20372623	1432	15080301	"COCHISE"	"Stream"	31.439762	-109.908861	603689	3478855	"12N"	NA	NA	NA
"SPXB1000.01"	107049	20372575	2203	15080301	"COCHISE"	"Stream"	31.453067	-109.916972	602903	3480322	"12N"	NA	NA	NA
"SPXB2000.01"	107050	20372575	2204	15080301	"COCHISE"	"Stream"	31.45425	-109.918017	602803	3480453	"12N"	NA	NA	NA
"SRBBO007.92"	100371	20494265	222	15060101	"APACHE"	"Stream"	33.634222	-109.87675	604175	3722166	"12N"	NA	NA	NA
"SRBEV001.40"	100373	20493821	982	15060101	"GREENLEE"	"Stream"	33.738111	-109.340917	653690	3734355	"12N"	7520	NA	NA
"SRBEV001.76"	102133	20493821	1087	15060101	"GREENLEE"	"Stream"	33.739118	-109.335299	654208	3734475	"12N"	NA	NA	NA
"SRBEV007.28"	102135	20493883	1089	15060101	"GREENLEE"	"Stream"	33.720109	-109.275134	659817	3732459	"12N"	7680	NA	NA
"SRBEV009.56"	102139	20493949	1092	15060101	"GREENLEE"	"Stream"	33.702423	-109.247205	662439	3730541	"12N"	NA	NA	NA
"SRBEV009.66"	102140	20493951	1093	15060101	"GREENLEE"	"Stream"	33.701664	-109.2458	662571	3730459	"12N"	NA	NA	NA
"SRBEV012.04"	102145	21352563	1098	15060101	"GREENLEE"	"Stream"	33.695915	-109.210688	665836	3729877	"12N"	NA	NA	NA
"SRBGY002.86"	108402	20495091	2366	15060101	"APACHE"	"Stream"	33.770694	-109.461056	642506	3737795	"12N"	7840	NA	NA
"SRBIC000.01"	109762	22428270	2470	15060105	"GILA"	"Stream"	34.338694	-111.096667	491109	3799715	"12N"	NA	NA	NA
"SRBLR000.27"	103840	20492487	1717	15060101	"GILA"	"Stream"	33.736389	-110.228333	571482	3733195	"12N"	NA	NA	NA
"SRBLR004.92"	100345	20492935	204	15060101	"GILA"	"Stream"	33.713111	-110.209833	573215	3730627	"12N"	NA	NA	NA
"SRBLR070.45"	108922	20494667	2411	15060101	"GRAHAM"	"Stream"	33.539017	-109.704042	620326	3711797	"12N"	5895	NA	NA
"SRBLR102.24"	101202	20493981	621	15060101	"GREENLEE"	"Stream"	33.704028	-109.452583	643401	3730415	"12N"	6810	NA	NA
"SRBON001.69"	102125	20495051	1080	15060101	"APACHE"	"Stream"	33.869815	-109.298885	657342	3749023	"12N"	8340	NA	NA
"SRBRN004.63"	111215	22428854	2661	15060105	"GILA"	"Stream"	34.09393	-111.42734	460579	3772653	"12N"	NA	NA	NA
"SRBTW000.27"	103841	22444120	1718	15060103	"GILA"	"Stream"	33.414444	-110.835556	515289	3697246	"12N"	NA	NA	NA
"SRBTW003.16"	105999	22444120	2093	15060103	"GILA"	"Stream"	33.397028	-110.873472	511766	3695310	"12N"	NA	NA	NA
"SRBUR000.01"	102117	20493445	1075	15060101	"APACHE"	"Stream"	33.888355	-109.472061	641293	3750828	"12N"	NA	NA	NA
"SRBUR001.33"	102116	20493407	1074	15060101	"APACHE"	"Stream"	33.892447	-109.453007	643048	3751308	"12N"	NA	NA	NA
"SRBUR003.96"	102115	20493391	1073	15060101	"APACHE"	"Stream"	33.918133	-109.451616	643134	3754158	"12N"	NA	NA	NA
"SRBWL005.79"	101198	20494381	616	15060101	"GREENLEE"	"Stream"	33.599472	-109.45	643814	3718824	"12N"	6400	NA	NA
"SRCDY002.95"	110835	20494439	2601	15060101	"GREENLEE"	"Stream"	33.60258	-109.36066	652099	3719297	"12N"	8933	NA	NA
"SRCGN009.78"	100431	22439224	691	15060103	"MARICOPA"	"Stream"	33.524175	-111.087261	491897	3709403	"12N"	3355	NA	NA
"SRCHE004.32"	100347	22441076	205	15060103	"GILA"	"Stream"	33.721222	-110.817111	516944	3731261	"12N"	2640	NA	NA
"SRCHE011.01"	103255	22440818	1519	15060103	"GILA"	"Stream"	33.800333	-110.837139	515075	3740030	"12N"	NA	NA	NA
"SRCHE011.90"	109342	22440754	2435	15060103	"GILA"	"Stream"	33.812231	-110.838111	514983	3741349	"12N"	3080	NA	NA
"SRCHE013.65"	100442	22440682	695	15060103	"GILA"	"Stream"	33.828424	-110.857095	513223	3743141	"12N"	3190	"reference"	2014
"SRCHE032.78"	101323	22438164	656	15060103	"GILA"	"Stream"	34.013778	-110.886028	510523	3763689	"12N"	NA	NA	NA
"SRCHE033.95"	100441	22438164	694	15060103	"GILA"	"Stream"	34.02496	-110.897493	509464	3764928	"12N"	4390	NA	NA
"SRCKN001.61"	100521	20494097	699	15060101	"GREENLEE"	"Stream"	33.681858	-109.444113	644223	3727968	"12N"	7200	NA	NA
"SRCOO001.92"	100379	22441318	227	15060103	"GILA"	"Stream"	33.687972	-110.844	514459	3727571	"12N"	2680	NA	NA
"SRCOO003.57"	103505	22441318	1605	15060103	"GILA"	"Stream"	33.712628	-110.847239	514154	3730304	"12N"	NA	NA	NA
"SRCOP000.73"	103071	22444754	1474	15060103	"GILA"	"Stream"	33.359722	-110.922778	507184	3691170	"12N"	NA	NA	NA
"SRCOT005.74"	106985	20476930	2200	NA	"MARICOPA"	"Stream"	33.634139	-111.444722	458755	3721680	"12N"	1947	NA	NA
"SRCOY003.95"	108403	20495053	2367	15060101	"APACHE"	"Stream"	33.833917	-109.252833	661670	3745114	"12N"	NA	NA	NA
"SRCRO003.46"	111276	22437996	2668	15060103	"GILA"	"Stream"	34.089689	-110.873639	511657	3772108	"12N"	NA	NA	NA
"SRCRS000.08"	101034	22428300	543	15060105	"GILA"	"Stream"	34.310788	-111.072158	493361	3796619	"12N"	NA	NA	NA
"SRCRS000.34"	100367	22428300	218	15060105	"GILA"	"Stream"	34.311028	-111.069472	493608	3796645	"12N"	NA	NA	NA
"SRCRS001.24"	101033	22428308	542	15060105	"GILA"	"Stream"	34.308558	-111.05722	494735	3796371	"12N"	NA	NA	NA
"SRCRS001.54"	100366	22428308	981	15060105	"GILA"	"Stream"	34.306972	-111.052528	495167	3796195	"12N"	5480	NA	NA
"SRCRS001.74"	106060	22428310	2097	15060105	"GILA"	"Stream"	34.308256	-111.049861	495412	3796337	"12N"	NA	NA	NA
"SRCRS002.25"	100365	22428310	217	15060105	"GILA"	"Stream"	34.307306	-111.041694	496164	3796231	"12N"	5600	NA	NA
"SRCRS002.82"	100364	22428310	980	15060105	"GILA"	"Stream"	34.308	-111.033861	496884	3796308	"12N"	5640	NA	NA
"SRCRS002.97"	101030	22428304	541	15060105	"GILA"	"Stream"	34.309107	-111.031849	497069	3796430	"12N"	5720	NA	NA
"SRCRS003.48"	100363	22428304	216	15060105	"GILA"	"Stream"	34.313139	-111.024944	497705	3796877	"12N"	5720	NA	NA
"SRCRS004.25"	111432	22428296	61607	15060105	"GILA"	"Stream"	34.318278	-111.014167	498697	3797447	"12N"	NA	NA	NA
"SRCRS004.43"	100362	22428296	215	15060105	"GILA"	"Stream"	34.319917	-111.012639	498837	3797629	"12N"	5860	NA	NA
"SRCRS005.42"	100436	22428278	250	15060105	"GILA"	"Stream"	34.333786	-111.012213	498877	3799167	"12N"	6080	NA	NA
"SRCRS005.68"	101028	22428278	540	15060105	"GILA"	"Stream"	34.3374	-111.013647	498745	3799567	"12N"	6080	NA	NA
"SRCRS006.19"	100361	22428278	979	15060105	"GILA"	"Stream"	34.344194	-111.015694	498557	3800321	"12N"	6300	"reference"	2014
"SRCRS006.20"	101027	22428278	539	15060105	"GILA"	"Stream"	34.344437	-111.016041	498525	3800348	"12N"	NA	NA	NA
"SRCRZ000.09"	103879	21735234	1726	15060104	"GILA"	"Stream"	33.785278	-110.326111	562389	3738552	"12N"	NA	NA	NA
"SRCRZ025.61"	100369	21735362	220	15060104	"GILA"	"Stream"	33.987	-110.282056	566311	3760947	"12N"	NA	NA	NA
"SRCTF004.17"	103185	20495087	1505	15060101	"APACHE"	"Stream"	33.759889	-109.433944	645034	3736635	"12N"	NA	NA	NA
"SRCTG000.39"	103443	22444128	1598	15060103	"GILA"	"Stream"	33.383611	-110.973333	502480	3693816	"12N"	NA	NA	NA
"SRCYN045.73"	100528	22438418	693	15060103	"GILA"	"Stream"	34.258359	-110.795682	518811	3790822	"12N"	6270	NA	NA
"SRCYN046.07"	100370	22438418	221	15060103	"GILA"	"Stream"	34.262556	-110.798056	518592	3791287	"12N"	6360	NA	NA
"SRCYN047.93"	111452	22437550	61654	15060103	"GILA"	"Stream"	34.287342	-110.805795	517874	3794034	"12N"	NA	NA	NA
"SRCYN048.00"	111472	22437550	61700	15060103	"GILA"	"Stream"	34.288299	-110.807269	517738	3794140	"12N"	NA	NA	NA
"SRCYN048.21"	108442	22437550	2369	15060103	"GILA"	"Stream"	34.290139	-110.809833	517502	3794343	"12N"	6580	NA	NA
"SRCYN048.55"	103177	22437550	1497	15060103	"GILA"	"Stream"	34.291917	-110.81325	517187	3794540	"12N"	NA	NA	NA
"SRD2E000.12"	110673	20495057	2583	15060101	"APACHE"	"Stream"	33.804056	-109.324086	655130	3741693	"12N"	NA	NA	NA
"SRD4E001.72"	108682	22428948	2389	15060105	"GILA"	"Stream"	34.06	-111.3585	466917	3768867	"12N"	NA	NA	NA
"SRD4E004.22"	111457	22428982	61671	15060105	"GILA"	"Stream"	34.04828	-111.40498	463427	3767543	"12N"	NA	NA	NA
"SRD4E005.86"	100531	22429064	700	15060105	"GILA"	"Stream"	34.043233	-111.421108	461131	3767030	"12N"	3630	NA	NA
"SRDCN001.90"	110856	20494339	2603	15060101	"GREENLEE"	"Stream"	33.61786	-109.37646	650606	3720968	"12N"	8500	NA	NA
"SRDEV000.38"	100533	22440708	310	15060103	"GILA"	"Stream"	33.822965	-110.86081	512881	3742536	"12N"	3420	"reference"	2014
"SREFB000.62"	102131	20495065	1085	15060101	"GREENLEE"	"Stream"	33.759219	-109.35786	652083	3736670	"12N"	NA	NA	NA
"SREFB000.91"	100375	20495065	225	15060101	"GREENLEE"	"Stream"	33.763111	-109.355639	652281	3737105	"12N"	7552	NA	NA
"SREFB008.27"	100539	20493587	703	15060101	"APACHE"	"Stream"	33.822135	-109.296887	657615	3743739	"12N"	7920	NA	NA
"SREFB011.86"	101203	20493479	622	15060101	"GREENLEE"	"Stream"	33.849222	-109.313444	656033	3746718	"12N"	8200	NA	NA
"SRERT000.10"	102648	22444252	1351	15060103	"GILA"	"Stream"	33.324806	-110.915113	507901	3687299	"12N"	NA	NA	NA
"SRERT000.48"	102647	22444252	1350	15060103	"GILA"	"Stream"	33.327945	-110.910085	508368	3687648	"12N"	NA	NA	NA
"SRFIN000.78"	110649	22440628	2574	15060103	"GILA"	"Stream"	33.86086	-110.88129	510980	3746735	"12N"	4120	NA	NA
"SRFIS000.01"	101200	20494115	620	15060101	"GREENLEE"	"Stream"	33.710917	-109.44275	644301	3731192	"12N"	NA	NA	NA
"SRFIS004.49"	100553	20494115	318	15060101	"GREENLEE"	"Stream"	33.684636	-109.396889	648596	3728343	"12N"	7640	NA	NA
"SRFIS010.92"	110816	20494373	2600	15060101	"GREENLEE"	"Stream"	33.63425	-109.34106	653861	3722838	"12N"	8573	NA	NA
"SRFPM000.90"	102660	22444756	1363	15060103	"GILA"	"Stream"	33.366667	-110.978087	502038	3691937	"12N"	NA	NA	NA
"SRFPM000.99"	102659	22444756	1362	15060103	"GILA"	"Stream"	33.365722	-110.977309	502111	3691832	"12N"	NA	NA	NA
"SRFPM001.69"	102658	22444756	1361	15060103	"GILA"	"Stream"	33.359083	-110.972171	502589	3691096	"12N"	NA	NA	NA
"SRFPM002.24"	102657	22444216	1360	15060103	"GILA"	"Stream"	33.354056	-110.966143	503150	3690539	"12N"	NA	NA	NA
"SRFSH006.38"	100552	20477610	317	NA	"MARICOPA"	"Stream"	33.525466	-111.302766	471886	3709584	"12N"	2280	NA	NA
"SRGDG000.03"	102666	22442400	1369	15060103	"GILA"	"Stream"	33.426526	-111.003561	499669	3698573	"12N"	NA	NA	NA
"SRGDG000.21"	103442	22442400	1597	15060103	"GILA"	"Stream"	33.426	-111.001389	499871	3698515	"12N"	NA	NA	NA
"SRGIB000.11"	101071	22444254	571	15060103	"GILA"	"Stream"	33.346473	-110.945114	505107	3689699	"12N"	NA	NA	NA
"SRGIB001.03"	109911	22444254	2487	15060103	"GILA"	"Stream"	33.333933	-110.942592	505343	3688309	"12N"	NA	NA	NA
"SRGIB001.05"	109910	22444254	2486	15060103	"GILA"	"Stream"	33.333644	-110.942706	505332	3688277	"12N"	NA	NA	NA
"SRGIB001.06"	109908	22444254	2484	15060103	"GILA"	"Stream"	33.333528	-110.942972	505307	3688264	"12N"	NA	NA	NA
"SRGIB001.18"	109907	22444254	2483	15060103	"GILA"	"Stream"	33.332594	-110.944606	505155	3688161	"12N"	NA	NA	NA
"SRGIT000.02"	110222	22444254	2527	15060103	"GILA"	"Stream"	33.331472	-110.943472	505261	3688036	"12N"	NA	NA	NA
"SRGIT000.19"	109903	22444254	2479	15060103	"GILA"	"Stream"	33.329447	-110.944925	505126	3687812	"12N"	NA	NA	NA
"SRGOD006.23"	100558	22429938	716	15060105	"GILA"	"Stream"	34.239345	-110.984433	501434	3788695	"12N"	5340	NA	NA
"SRGOD012.05"	100377	22429920	983	15060105	"GILA"	"Stream"	34.283723	-110.932686	506196	3793617	"12N"	NA	NA	NA
"SRGRE009.81"	101221	22431058	625	15060105	"GILA"	"Stream"	33.851361	-111.148528	486260	3745685	"12N"	3650	NA	NA
"SRGVL007.70"	111185	22429508	2656	15060105	"GILA"	"Stream"	34.23512	-111.19946	481631	3788244	"12N"	4590	NA	NA
"SRGVL011.66"	110630	22428356	2570	15060105	"GILA"	"Stream"	34.271715	-111.1643	484876	3792296	"12N"	5040	NA	NA
"SRHAG004.99"	103251	22428506	1515	15060105	"GILA"	"Stream"	34.192583	-111.03675	496614	3783510	"12N"	NA	NA	NA
"SRHAG007.47"	100563	22428488	322	15060105	"GILA"	"Stream"	34.20379	-111.0086	499208	3784752	"12N"	4870	NA	NA
"SRHAG007.84"	103154	22428488	1488	15060105	"GILA"	"Stream"	34.206472	-111.003972	499634	3785050	"12N"	NA	NA	NA
"SRHAG009.01"	100372	22429962	223	15060105	"GILA"	"Stream"	34.205	-110.989639	500955	3784886	"12N"	NA	NA	NA
"SRHAG013.09"	105442	22429964	2039	15060105	"GILA"	"Stream"	34.238944	-110.949056	504691	3788651	"12N"	5488	NA	NA
"SRHAN000.06"	102141	20495153	1094	15060101	"GREENLEE"	"Stream"	33.701026	-109.246494	662507	3730387	"12N"	7820	NA	NA
"SRHAN002.27"	102149	20495153	1102	15060101	"GREENLEE"	"Stream"	33.671165	-109.2563	661654	3727060	"12N"	8360	NA	NA
"SRHAY000.04"	101299	20493581	642	15060101	"APACHE"	"Stream"	33.808889	-109.422167	646042	3742085	"12N"	7900	NA	NA
"SRHAY003.25"	102121	20493581	1079	15060101	"APACHE"	"Stream"	33.839806	-109.451796	643248	3745472	"12N"	8740	NA	NA
"SRHNC000.14"	101072	22442442	572	15060103	"GILA"	"Stream"	33.406729	-111.007233	499327	3696379	"12N"	3420	NA	NA
"SRHNC000.45"	101131	22442442	594	15060103	"PINAL"	"Stream"	33.403806	-111.009972	499073	3696054	"12N"	3250	NA	NA
"SRHOM000.02"	102129	20493715	1083	15060101	"GREENLEE"	"Stream"	33.762524	-109.380417	649988	3737004	"12N"	NA	NA	NA
"SRHOM001.01"	102128	20493715	1082	15060101	"GREENLEE"	"Stream"	33.775357	-109.384223	649613	3738421	"12N"	NA	NA	NA
"SRHRS001.41"	110674	20495063	2584	15060101	"APACHE"	"Stream"	33.770386	-109.364947	651407	3737898	"12N"	7657	NA	NA
"SRHRT001.06"	102134	20494091	1088	15060101	"GREENLEE"	"Stream"	33.719331	-109.317275	655914	3732308	"12N"	NA	NA	NA
"SRHRT002.34"	100573	20494091	720	15060101	"GREENLEE"	"Stream"	33.701581	-109.31633	656034	3730341	"12N"	7995	NA	NA
"SRHUN000.09"	100368	22428312	219	15060105	"GILA"	"Stream"	34.308028	-111.030972	497150	3796311	"12N"	NA	NA	NA
"SRHWC000.04"	102137	20493895	1090	15060101	"GREENLEE"	"Stream"	33.716275	-109.267801	660504	3732045	"12N"	NA	NA	NA
"SRICE000.01"	102954	945060105	1452	15060103	"GILA"	"Stream"	33.381111	-110.771111	521289	3693562	"12N"	NA	NA	NA
"SRJHC002.50"	102132	20493703	1086	15060101	"GREENLEE"	"Stream"	33.765524	-109.314442	656093	3737435	"12N"	NA	NA	NA
"SRJKM000.22"	102668	22442364	1371	15060103	"GILA"	"Stream"	33.444748	-111.009561	499111	3700593	"12N"	NA	NA	NA
"SRLTL000.25"	102118	20495037	1076	15060101	"APACHE"	"Stream"	33.894058	-109.458791	642510	3751478	"12N"	NA	NA	NA
"SRMEC000.53"	102656	22444242	1359	15060103	"GILA"	"Stream"	33.351084	-110.941808	505414	3690211	"12N"	NA	NA	NA
"SRMEC001.13"	102655	22444242	1358	15060103	"GILA"	"Stream"	33.345028	-110.934864	506061	3689540	"12N"	NA	NA	NA
"SRMMB000.22"	102667	22443244	1370	15060103	"GILA"	"Stream"	33.426748	-111.008366	499222	3698598	"12N"	NA	NA	NA
"SRMSG22.83"	104979	22444108	1957	15060103	"GILA"	"Stream"	33.392222	-110.980556	501808	3694770	"12N"	NA	NA	NA
"SRNBE000.10"	101262	20494405	624	15060101	"GREENLEE"	"Stream"	33.598333	-109.446083	644180	3718703	"12N"	7520	NA	NA
"SRNBE000.86"	100605	20494405	728	15060101	"GREENLEE"	"Stream"	33.596401	-109.433759	645327	3718506	"12N"	7740	NA	NA
"SRNFB012.35"	110672	20493453	2582	15060101	"APACHE"	"Stream"	33.855561	-109.315081	655870	3747418	"12N"	8231	NA	NA
"SRNFB013.08"	103231	20493453	1514	15060101	"APACHE"	"Stream"	33.863611	-109.319889	655411	3748304	"12N"	NA	NA	NA
"SRNFB021.22"	103256	20493383	1520	15060101	"APACHE"	"Stream"	33.912444	-109.356444	651942	3753664	"12N"	NA	NA	NA
"SRNGT000.02"	109906	22444254	2482	15060103	"GILA"	"Stream"	33.332722	-110.946278	505000	3688175	"12N"	NA	NA	NA
"SRNWR004.14"	104337	20488074	1879	15060102	"NAVAJO"	"Stream"	33.829722	-109.960278	596209	3743762	"12N"	NA	NA	NA
"SRNWR027.16"	104218	20486100	1865	15060102	"APACHE"	"Stream"	34.036389	-109.842222	606875	3766795	"12N"	NA	NA	NA
"SRNWR027.64"	104204	20486086	1863	15060102	"APACHE"	"Stream"	34.038611	-109.835833	607462	3767048	"12N"	NA	NA	NA
"SRNWR031.15"	104217	20486058	1864	15060102	"APACHE"	"Stream"	34.044444	-109.7875	611917	3767747	"12N"	NA	NA	NA
"SRPNL000.01"	104029	22441550	1800	15060103	"GILA"	"Stream"	33.618333	-110.916667	507730	3719842	"12N"	NA	NA	NA
"SRPNL000.27"	110404	22441550	2543	15060103	"GILA"	"Stream"	33.616111	-110.915	507885	3719596	"12N"	NA	NA	NA
"SRPNL003.17"	110403	22441578	2542	15060103	"GILA"	"Stream"	33.581944	-110.9025	509048	3715809	"12N"	NA	NA	NA
"SRPNL003.79"	100727	22441578	406	15060103	"GILA"	"Stream"	33.573056	-110.901111	509178	3714823	"12N"	NA	NA	NA
"SRPNL003.93"	110402	22441578	2541	15060103	"GILA"	"Stream"	33.571667	-110.899722	509307	3714669	"12N"	NA	NA	NA
"SRPNL004.51"	101517	22441594	809	15060103	"GILA"	"Stream"	33.564722	-110.895	509746	3713900	"12N"	NA	NA	NA
"SRPNL005.12"	101518	22441594	810	15060103	"GILA"	"Stream"	33.558889	-110.888056	510391	3713254	"12N"	2812	NA	NA
"SRPNL005.51"	102171	22441618	1109	15060103	"GILA"	"Stream"	33.554722	-110.8875	510443	3712792	"12N"	NA	NA	NA
"SRPNL005.65"	101516	22441618	1184	15060103	"GILA"	"Stream"	33.552778	-110.887778	510417	3712576	"12N"	NA	NA	NA
"SRPNL005.82"	101515	22441618	808	15060103	"GILA"	"Stream"	33.550278	-110.886111	510572	3712299	"12N"	NA	NA	NA
"SRPNL005.96"	101513	22441618	806	15060103	"GILA"	"Stream"	33.549167	-110.884167	510753	3712176	"12N"	NA	NA	NA
"SRPNL006.06"	101512	22441618	805	15060103	"GILA"	"Stream"	33.548611	-110.882222	510934	3712115	"12N"	NA	NA	NA
"SRPNL006.17"	101511	22441618	804	15060103	"GILA"	"Stream"	33.547778	-110.880556	511089	3712023	"12N"	NA	NA	NA
"SRPNL006.24"	101510	22441618	803	15060103	"GILA"	"Stream"	33.547222	-110.879167	511218	3711961	"12N"	NA	NA	NA
"SRPNL006.41"	101509	22441618	802	15060103	"GILA"	"Stream"	33.545278	-110.877778	511347	3711746	"12N"	NA	NA	NA
"SRPNL006.49"	101507	22441618	1183	15060103	"GILA"	"Stream"	33.543944	-110.877222	511399	3711598	"12N"	NA	NA	NA
"SRPNL006.50"	101508	22441618	801	15060103	"GILA"	"Stream"	33.543889	-110.877778	511347	3711592	"12N"	NA	NA	NA
"SRPNL006.51"	101506	22441618	800	15060103	"GILA"	"Stream"	33.543889	-110.8775	511373	3711592	"12N"	NA	NA	NA
"SRPNL006.54"	101505	22441618	799	15060103	"GILA"	"Stream"	33.543333	-110.877222	511399	3711530	"12N"	NA	NA	NA
"SRPNL006.62"	101504	22441618	798	15060103	"GILA"	"Stream"	33.5425	-110.876389	511476	3711438	"12N"	NA	NA	NA
"SRPNL006.70"	101503	22441642	797	15060103	"GILA"	"Stream"	33.541389	-110.875833	511528	3711315	"12N"	NA	NA	NA
"SRPNL006.80"	101502	22441642	796	15060103	"GILA"	"Stream"	33.54	-110.874722	511631	3711161	"12N"	NA	NA	NA
"SRPNL006.87"	101491	22441642	786	15060103	"GILA"	"Stream"	33.539722	-110.874444	511657	3711130	"12N"	NA	NA	NA
"SRPNL007.49"	101501	22441642	795	15060103	"GILA"	"Stream"	33.532222	-110.869444	512122	3710299	"12N"	NA	NA	NA
"SRPNL010.47"	104037	22444796	1801	15060103	"GILA"	"Stream"	33.494167	-110.855278	513443	3706082	"12N"	NA	NA	NA
"SRPNL011.86"	104027	22444808	1798	15060103	"GILA"	"Stream"	33.478611	-110.850833	513859	3704358	"12N"	NA	NA	NA
"SRPNL014.45"	104026	22444824	1797	15060103	"GILA"	"Stream"	33.451111	-110.832222	515593	3701312	"12N"	NA	NA	NA
"SRPNL015.26"	100622	22444016	349	15060103	"GILA"	"Stream"	33.446582	-110.819416	516784	3700811	"12N"	3275	NA	NA
"SRPNL021.22"	104028	22441672	1799	15060103	"GILA"	"Stream"	33.515556	-110.863889	512640	3708452	"12N"	NA	NA	NA
"SRPNL021.32"	102953	945060105	1451	15060103	"GILA"	"Stream"	33.381389	-110.770556	521341	3693593	"12N"	NA	NA	NA
"SRPNT004.37"	102437	22439118	1280	15060103	"GILA"	"Stream"	33.598911	-111.001034	499904	3717685	"12N"	NA	NA	NA
"SRPNT008.48"	100346	22441620	977	15060103	"GILA"	"Stream"	33.550611	-110.990667	500866	3712330	"12N"	2540	NA	NA
"SRPNT014.51"	101070	22443884	570	15060103	"GILA"	"Stream"	33.487833	-110.995459	500422	3705370	"12N"	NA	NA	NA
"SRPNT014.93"	102436	22443884	1279	15060103	"GILA"	"Stream"	33.482858	-110.997005	500278	3704819	"12N"	NA	NA	NA
"SRPNT019.23"	103313	22442392	1536	15060103	"GILA"	"Stream"	33.428889	-111.004444	499587	3698835	"12N"	NA	NA	NA
"SRPNT019.77"	102432	22442418	1275	15060103	"GILA"	"Stream"	33.423554	-111.006755	499372	3698244	"12N"	NA	NA	NA
"SRPNT020.12"	101068	22442418	569	15060103	"GILA"	"Stream"	33.418977	-111.009218	499143	3697736	"12N"	NA	NA	NA
"SRPNT021.55"	103315	22444106	1538	15060103	"GILA"	"Stream"	33.405	-110.997222	500258	3696187	"12N"	NA	NA	NA
"SRPNT022.13"	103314	22444106	1537	15060103	"GILA"	"Stream"	33.398611	-110.991389	500801	3695478	"12N"	NA	NA	NA
"SRPNT023.29"	102431	22444740	1274	15060103	"GILA"	"Stream"	33.386138	-110.986338	501271	3694096	"12N"	NA	NA	NA
"SRPNT024.04"	102430	22444150	1273	15060103	"GILA"	"Stream"	33.379444	-110.976754	502162	3693354	"12N"	NA	NA	NA
"SRPNT024.85"	103311	22444154	1535	15060103	"GILA"	"Stream"	33.373056	-110.968333	502946	3692646	"12N"	NA	NA	NA
"SRPNT027.51"	101064	22444200	565	15060103	"GILA"	"Stream"	33.356306	-110.948836	504760	3690789	"12N"	NA	NA	NA
"SRPNT028.62"	101063	22444254	564	15060103	"GILA"	"Stream"	33.346889	-110.945669	505055	3689746	"12N"	NA	NA	NA
"SRPNT028.85"	101062	22444254	563	15060103	"GILA"	"Stream"	33.346806	-110.945086	505110	3689736	"12N"	NA	NA	NA
"SRPNT031.74"	101061	22444254	562	15060103	"GILA"	"Stream"	33.325445	-110.923891	507084	3687369	"12N"	NA	NA	NA
"SRPNT031.89"	102429	22444254	1272	15060103	"GILA"	"Stream"	33.325918	-110.921585	507298	3687422	"12N"	NA	NA	NA
"SRPNT032.25"	101039	22444254	544	15060103	"GILA"	"Stream"	33.324056	-110.917058	507720	3687216	"12N"	NA	NA	NA
"SRPNT033.02"	102428	22444256	1271	15060103	"GILA"	"Stream"	33.326322	-110.906424	508709	3687468	"12N"	NA	NA	NA
"SRPWG000.15"	102665	22442452	1368	15060103	"GILA"	"Stream"	33.399221	-111.010394	499033	3695546	"12N"	NA	NA	NA
"SRR2K004.34"	107082	22431238	2207	15060105	"GILA"	"Stream"	33.720722	-111.26725	475240	3731223	"12N"	2835	NA	NA
"SRR2K007.10"	106982	22431752	2197	15060105	"GILA"	"Stream"	33.71575	-111.307611	471498	3730682	"12N"	3700	NA	NA
"SRRES000.33"	100629	20493999	738	15060101	"APACHE"	"Stream"	33.699183	-109.477397	641109	3729843	"12N"	6790	"reference"	2014
"SRREY001.14"	100630	22440522	353	15060103	"GILA"	"Stream"	33.875741	-110.988593	501055	3748379	"12N"	5065	NA	NA
"SRREY001.45"	110655	22440634	2578	15060103	"GILA"	"Stream"	33.84905	-110.927869	506673	3745421	"12N"	6119	NA	NA
"SRRSG000.37"	104059	22444132	1802	15060103	"GILA"	"Stream"	33.415556	-110.829167	515883	3697370	"12N"	NA	NA	NA
"SRRYE001.27"	101297	22429042	640	15060105	"GILA"	"Stream"	34.039222	-111.301028	472213	3766546	"12N"	NA	NA	NA
"SRRYE006.15"	102833	22428882	1416	15060105	"GILA"	"Stream"	34.08575	-111.355139	467237	3771721	"12N"	NA	NA	NA
"SRRYE007.56"	102832	22428828	1415	15060105	"GILA"	"Stream"	34.106083	-111.355694	467193	3773975	"12N"	NA	NA	NA
"SRSAL008.74"	110653	22439014	2576	15060103	"GILA"	"Stream"	33.788231	-111.112461	489589	3738681	"12N"	3255	NA	NA
"SRSAL019.52"	100636	22438904	741	15060103	"GILA"	"Stream"	33.912761	-111.040458	496260	3752484	"12N"	4820	NA	NA
"SRSBE000.13"	101261	20494403	630	15060101	"GREENLEE"	"Stream"	33.596556	-109.447361	644064	3718505	"12N"	NA	NA	NA
"SRSGT000.01"	109909	22444254	2485	15060103	"GILA"	"Stream"	33.333417	-110.94275	505328	3688252	"12N"	NA	NA	NA
"SRSGT000.21"	109904	22444254	2480	15060103	"GILA"	"Stream"	33.330778	-110.943783	505232	3687959	"12N"	NA	NA	NA
"SRSGT000.35"	109902	22444254	2478	15060103	"GILA"	"Stream"	33.329194	-110.944839	505134	3687784	"12N"	NA	NA	NA
"SRSLR044.95"	103273	20477372	1523	NA	"MARICOPA"	"Stream"	33.547778	-111.6575	438961	3712210	"12N"	NA	NA	NA
"SRSLR045.57"	101514	20477328	807	NA	"MARICOPA"	"Stream"	33.55	-111.649833	439674	3712452	"12N"	NA	NA	NA
"SRSLR047.21"	103272	20477302	1522	NA	"MARICOPA"	"Stream"	33.554917	-111.624167	442060	3712982	"12N"	NA	NA	NA
"SRSLR051.32"	100746	20478096	1009	NA	"MARICOPA"	"Stream"	33.552778	-111.576389	446494	3712719	"12N"	NA	NA	NA
"SRSLR054.02"	103155	20477288	1489	NA	"MARICOPA"	"Stream"	33.556611	-111.535472	450295	3713124	"12N"	NA	NA	NA
"SRSLR054.32"	103131	20477272	1483	NA	"MARICOPA"	"Stream"	33.558194	-111.531306	450682	3713298	"12N"	NA	NA	NA
"SRSLR054.49"	103271	20477272	1521	NA	"MARICOPA"	"Stream"	33.559444	-111.534167	450417	3713438	"12N"	NA	NA	NA
"SRSLR107.43"	100745	22442058	416	15060103	"GILA"	"Stream"	33.619444	-110.921389	507292	3719965	"12N"	NA	NA	NA
"SRSLR113.37"	103212	22441410	1510	15060103	"GILA"	"Stream"	33.643361	-110.857667	513199	3722623	"12N"	NA	NA	NA
"SRSLR139.75"	108422	22440922	2368	15060103	"GILA"	"Stream"	33.771417	-110.681889	529455	3736857	"12N"	2820	NA	NA
"SRSLR164.43"	104097	22441912	1811	15060103	"GILA"	"Stream"	33.803333	-110.453056	550626	3740485	"12N"	NA	NA	NA
"SRSLR168.72"	104066	22440826	1809	15060103	"GILA"	"Stream"	33.795833	-110.406111	554976	3739677	"12N"	NA	NA	NA
"SRSLR171.36"	104065	22441902	1808	15060103	"GILA"	"Stream"	33.808889	-110.399167	555610	3741129	"12N"	NA	NA	NA
"SRSLR176.36"	104063	22441908	1806	15060103	"GILA"	"Stream"	33.8	-110.360278	559216	3740165	"12N"	NA	NA	NA
"SRSLR180.41"	104062	22440848	1805	15060103	"GILA"	"Stream"	33.798611	-110.342222	560888	3740021	"12N"	NA	NA	NA
"SRSLR182.09"	104061	22440860	1804	15060103	"GILA"	"Stream"	33.784167	-110.325	562493	3738430	"12N"	NA	NA	NA
"SRSLR184.49"	104099	22440958	1813	15060103	"GILA"	"Stream"	33.776944	-110.293611	565404	3737649	"12N"	NA	NA	NA
"SRSLR187.86"	104098	22441010	1812	15060103	"GILA"	"Stream"	33.754444	-110.267222	567865	3735171	"12N"	NA	NA	NA
"SRSLR190.73"	104064	22441006	1807	15060103	"GILA"	"Stream"	33.755	-110.236667	570695	3735253	"12N"	NA	NA	NA
"SRSNK001.33"	101298	20494101	641	15060101	"GREENLEE"	"Stream"	33.677833	-109.461222	642644	3727498	"12N"	NA	NA	NA
"SRSNK001.96"	100643	20494101	405	15060101	"GREENLEE"	"Stream"	33.674914	-109.451613	643539	3727188	"12N"	7200	NA	NA
"SRSPI011.54"	100380	22429624	228	15060105	"GILA"	"Stream"	34.082028	-111.075917	492996	3771254	"12N"	NA	NA	NA
"SRSPI011.63"	100651	22428892	746	15060105	"GILA"	"Stream"	34.080736	-111.076377	492953	3771111	"12N"	4260	"reference"	2014
"SRSTI000.38"	101303	20493467	643	15060101	"APACHE"	"Stream"	33.854667	-109.458528	642600	3747111	"12N"	8660	NA	NA
"SRSTI002.67"	100652	20495047	364	15060101	"APACHE"	"Stream"	33.87087	-109.48997	639665	3748864	"12N"	9000	NA	NA
"SRTHM000.01"	102119	20495043	1077	15060101	"APACHE"	"Stream"	33.890216	-109.480923	640470	3751022	"12N"	NA	NA	NA
"SRTHM000.45"	103211	20495043	1509	15060101	"APACHE"	"Stream"	33.890556	-109.487222	639887	3751051	"12N"	NA	NA	NA
"SRTHO000.05"	102138	20495141	1091	15060101	"GREENLEE"	"Stream"	33.707748	-109.253106	661882	3731122	"12N"	NA	NA	NA
"SRTHO002.86"	102147	20494123	1100	15060101	"GREENLEE"	"Stream"	33.674943	-109.270078	660370	3727458	"12N"	NA	NA	NA
"SRTHO002.92"	102148	20494123	1101	15060101	"GREENLEE"	"Stream"	33.674026	-109.269801	660397	3727357	"12N"	NA	NA	NA
"SRTHO003.23"	106365	22428342	2141	15060105	"GILA"	"Stream"	34.298375	-111.105689	490274	3795245	"12N"	NA	NA	NA
"SRTHO003.94"	106366	22428342	2142	15060105	"GILA"	"Stream"	34.307817	-111.107589	490100	3796292	"12N"	NA	NA	NA
"SRTON011.00"	108542	22431176	2375	15060105	"GILA"	"Stream"	33.792131	-111.256508	476254	3739138	"12N"	NA	NA	NA
"SRTON013.69"	109862	22431100	2476	15060105	"GILA"	"Stream"	33.8214	-111.2826	473848	3742389	"12N"	NA	NA	NA
"SRTON019.37"	100349	22431630	207	15060105	"GILA"	"Stream"	33.981139	-111.302194	472087	3760106	"12N"	2520	NA	NA
"SRTON031.38"	103254	22428768	1518	15060105	"GILA"	"Stream"	34.118611	-111.269944	475106	3775340	"12N"	NA	NA	NA
"SRTON031.72"	106722	22428752	2172	15060105	"GILA"	"Stream"	34.122112	-111.265686	475500	3775728	"12N"	NA	NA	NA
"SRTON032.38"	107462	22428740	2241	15060105	"GILA"	"Stream"	34.125339	-111.255186	476469	3776083	"12N"	NA	NA	NA
"SRTON032.62"	100668	22429586	750	15060105	"GILA"	"Stream"	34.1264	-111.252233	476741	3776200	"12N"	2950	NA	NA
"SRTON046.90"	100669	22428478	373	15060105	"GILA"	"Stream"	34.215178	-111.099713	490815	3786019	"12N"	3940	"reference"	2014
"SRTON053.87"	100358	22428340	212	15060105	"GILA"	"Stream"	34.283333	-111.070833	493480	3793574	"12N"	4960	NA	NA
"SRTON055.09"	100357	22428320	211	15060105	"GILA"	"Stream"	34.300278	-111.067861	493755	3795453	"12N"	5000	NA	NA
"SRTON056.39"	100360	22428320	214	15060105	"GILA"	"Stream"	34.308	-111.072361	493342	3796310	"12N"	5120	NA	NA
"SRTON056.59"	100359	22428302	213	15060105	"GILA"	"Stream"	34.3105	-111.073361	493250	3796587	"12N"	NA	NA	NA
"SRTON057.55"	100707	22428292	394	15060105	"GILA"	"Stream"	34.316917	-111.085278	492154	3797299	"12N"	5240	NA	NA
"SRTON057.70"	100929	22428284	484	15060105	"GILA"	"Stream"	34.317665	-111.0877	491931	3797382	"12N"	NA	NA	NA
"SRTON058.63"	100354	22428280	978	15060105	"GILA"	"Stream"	34.328694	-111.09375	491376	3798606	"12N"	5280	NA	NA
"SRTON058.93"	101629	22428280	863	15060105	"GILA"	"Stream"	34.332486	-111.095057	491256	3799026	"12N"	5280	NA	NA
"SRTON059.43"	100353	22428270	210	15060105	"GILA"	"Stream"	34.338972	-111.095917	491178	3799746	"12N"	5440	NA	NA
"SRTON059.49"	101761	22428270	925	15060105	"GILA"	"Stream"	34.339745	-111.095631	491204	3799831	"12N"	NA	NA	NA
"SRTON059.53"	101020	22428266	538	15060105	"YAVAPAI"	"Stream"	34.340161	-111.095871	491182	3799878	"12N"	NA	NA	NA
"SRTON059.65"	101759	22428266	924	15060105	"GILA"	"Stream"	34.342008	-111.096145	491157	3800082	"12N"	NA	NA	NA
"SRTON060.28"	106059	22428266	2096	15060105	"GILA"	"Stream"	34.350778	-111.097361	491046	3801055	"12N"	NA	NA	NA
"SRTON060.50"	100352	22428266	209	15060105	"GILA"	"Stream"	34.353583	-111.098083	490980	3801366	"12N"	5600	NA	NA
"SRTON061.37"	101018	22428234	537	15060105	"YAVAPAI"	"Stream"	34.365276	-111.098122	490978	3802663	"12N"	5840	NA	NA
"SRTON062.28"	101017	22428234	536	15060105	"YAVAPAI"	"Stream"	34.37808	-111.0991	490889	3804083	"12N"	6220	NA	NA
"SRTON062.40"	100351	22428234	208	15060105	"GILA"	"Stream"	34.378806	-111.097111	491072	3804163	"12N"	NA	NA	NA
"SRTON062.65"	108443	22428234	2370	15060105	"GILA"	"Stream"	34.382694	-111.096278	491149	3804594	"12N"	NA	NA	NA
"SRTON062.89"	101016	22428234	1234	15060105	"YAVAPAI"	"Stream"	34.385477	-111.095185	491250	3804902	"12N"	6520	NA	NA
"SRUB1000.49"	102143	20493973	1096	15060101	"GREENLEE"	"Stream"	33.701026	-109.226994	664315	3730418	"12N"	NA	NA	NA
"SRUB2000.11"	102142	20493943	1095	15060101	"GREENLEE"	"Stream"	33.703692	-109.246578	662495	3730683	"12N"	NA	NA	NA
"SRUB3000.08"	102144	20495141	1097	15060101	"GREENLEE"	"Stream"	33.708387	-109.252439	661943	3731194	"12N"	NA	NA	NA
"SRUCR000.01"	106364	22428310	2140	15060105	"GILA"	"Stream"	34.308222	-111.05	495399	3796333	"12N"	NA	NA	NA
"SRUDC000.02"	110855	20494325	2602	15060101	"GREENLEE"	"Stream"	33.62595	-109.37064	651132	3721874	"12N"	8340	NA	NA
"SRUEF000.87"	110696	20495049	2588	15060101	"APACHE"	"Stream"	33.856825	-109.322908	655144	3747546	"12N"	8265	NA	NA
"SRUF1000.57"	102688	22444756	1373	15060103	"GILA"	"Stream"	33.354639	-110.978309	502018	3690604	"12N"	NA	NA	NA
"SRUF2000.06"	102689	22444216	1374	15060103	"GILA"	"Stream"	33.355083	-110.968976	502886	3690653	"12N"	NA	NA	NA
"SRUF2000.17"	111177	22444216	2681	15060103	"GILA"	"Stream"	33.353611	-110.969722	502817	3690490	"12N"	NA	NA	NA
"SRUF3000.30"	102690	22444756	1375	15060103	"GILA"	"Stream"	33.361833	-110.978198	502028	3691401	"12N"	NA	NA	NA
"SRUNF002.31"	109722	20493405	2468	15060101	"APACHE"	"Stream"	33.896399	-109.390517	648820	3751835	"12N"	7510	NA	NA
"SRUP1000.02"	102649	22444254	1352	15060103	"GILA"	"Stream"	33.325112	-110.92275	507190	3687332	"12N"	NA	NA	NA
"SRUP2000.07"	102650	22444254	1353	15060103	"GILA"	"Stream"	33.327556	-110.924919	506988	3687603	"12N"	NA	NA	NA
"SRUP3000.05"	102651	22444254	1354	15060103	"GILA"	"Stream"	33.327583	-110.926583	506833	3687606	"12N"	NA	NA	NA
"SRUP4000.01"	102652	22444254	1355	15060103	"GILA"	"Stream"	33.327444	-110.927336	506763	3687591	"12N"	NA	NA	NA
"SRUP5000.01"	102653	22444254	1356	15060103	"GILA"	"Stream"	33.327084	-110.932197	506310	3687551	"12N"	NA	NA	NA
"SRUP6000.01"	102654	22444254	1357	15060103	"GILA"	"Stream"	33.327834	-110.934725	506075	3687634	"12N"	NA	NA	NA
"SRUP7000.45"	102661	22444152	1364	15060103	"GILA"	"Stream"	33.378861	-110.956114	504082	3693290	"12N"	NA	NA	NA
"SRUP7000.48"	102662	22444152	1365	15060103	"GILA"	"Stream"	33.379111	-110.955753	504116	3693317	"12N"	NA	NA	NA
"SRUP8000.34"	102663	22444128	1366	15060103	"GILA"	"Stream"	33.386027	-110.977115	502128	3694083	"12N"	NA	NA	NA
"SRUP9000.13"	102664	22444740	1367	15060103	"GILA"	"Stream"	33.388888	-110.987504	501162	3694400	"12N"	NA	NA	NA
"SRUPA000.42"	102941	22443928	1449	15060103	"GILA"	"Stream"	33.4615	-110.995361	500431	3702451	"12N"	NA	NA	NA
"SRUT1000.01"	106363	22428266	2139	15060105	"GILA"	"Stream"	34.351083	-111.097306	491051	3801089	"12N"	NA	NA	NA
"SRUT2000.01"	106682	22428282	2170	15060105	"GILA"	"Stream"	34.317683	-111.086886	492006	3797384	"12N"	NA	NA	NA
"SRUTD000.10"	108462	22428342	2371	15060105	"GILA"	"Stream"	34.291167	-111.102444	490572	3794445	"12N"	NA	NA	NA
"SRUTO000.02"	106362	22428242	2138	15060105	"GILA"	"Stream"	34.354028	-111.097694	491016	3801415	"12N"	NA	NA	NA
"SRUUE000.03"	110697	20493457	2589	15060101	"APACHE"	"Stream"	33.856189	-109.322875	655148	3747476	"12N"	8264	NA	NA
"SRUUF000.10"	102687	22444756	1372	15060103	"GILA"	"Stream"	33.355305	-110.975559	502274	3690678	"12N"	NA	NA	NA
"SRUWL000.51"	102217	20494163	1120	15060101	"GREENLEE"	"Stream"	33.663028	-109.308722	656809	3726077	"12N"	NA	NA	NA
"SRW1L001.73"	102146	20494099	1099	15060101	"GREENLEE"	"Stream"	33.713164	-109.282801	659120	3731677	"12N"	NA	NA	NA
"SRW1L006.08"	102150	20494137	1103	15060101	"GREENLEE"	"Stream"	33.664498	-109.313358	656376	3726233	"12N"	NA	NA	NA
"SRWFB001.13"	100376	20493755	226	15060101	"APACHE"	"Stream"	33.760333	-109.376472	650357	3736767	"12N"	7560	NA	NA
"SRWFB001.47"	102130	20493717	1084	15060101	"GREENLEE"	"Stream"	33.762201	-109.381798	649860	3736966	"12N"	NA	NA	NA
"SRWFB003.45"	102126	20493695	1081	15060101	"APACHE"	"Stream"	33.777776	-109.404419	647738	3738661	"12N"	7720	NA	NA
"SRWFB005.34"	100691	20493605	759	15060101	"APACHE"	"Stream"	33.794163	-109.423402	645953	3740451	"12N"	7800	"reference"	2014
"SRWFB013.67"	101204	20493445	623	15060101	"GREENLEE"	"Stream"	33.883333	-109.469556	641533	3750274	"12N"	NA	NA	NA
"SRWFB013.89"	102120	20493445	1078	15060101	"APACHE"	"Stream"	33.886089	-109.47044	641446	3750579	"12N"	NA	NA	NA
"SRWFB015.22"	100692	20495041	381	15060101	"APACHE"	"Stream"	33.897543	-109.483928	640180	3751830	"12N"	8940	NA	NA
"SRWGT000.01"	109905	22444254	2481	15060103	"GILA"	"Stream"	33.33235	-110.946092	505017	3688134	"12N"	NA	NA	NA
"SRWHR000.01"	104203	20492487	1862	15060102	"GILA"	"Stream"	33.738889	-110.225556	571737	3733474	"12N"	NA	NA	NA
"SRWHR001.24"	104219	20487060	1866	15060102	"GILA"	"Stream"	33.735278	-110.21	573181	3733085	"12N"	NA	NA	NA
"SRWHR001.76"	104220	20487060	1867	15060102	"GILA"	"Stream"	33.733333	-110.202222	573903	3732875	"12N"	NA	NA	NA
"SRWHR003.62"	104221	20487064	1868	15060102	"GILA"	"Stream"	33.731111	-110.177778	576170	3732646	"12N"	NA	NA	NA
"SRWHR004.94"	100348	20487236	206	15060102	"GILA"	"Stream"	33.735611	-110.163444	577494	3733156	"12N"	NA	NA	NA
"SRWLD000.86"	109683	20493843	2466	15060101	"APACHE"	"Stream"	33.732261	-109.454558	643171	3733543	"12N"	NA	NA	NA
"SRWLM000.06"	104237	20486058	1869	15060102	"APACHE"	"Stream"	34.050556	-109.823889	608550	3768385	"12N"	NA	NA	NA
"SRWLU004.15"	111277	22431676	2669	15060105	"GILA"	"Stream"	33.888889	-111.214789	480139	3749857	"12N"	NA	NA	NA
"SRWPN000.01"	102435	22442338	1278	15060103	"GILA"	"Stream"	33.458886	-111.005811	499460	3702161	"12N"	NA	NA	NA
"SRWPN000.39"	102434	22442338	1277	15060103	"GILA"	"Stream"	33.456441	-111.011728	498910	3701890	"12N"	NA	NA	NA
"SRWPN004.47"	102433	22442362	1276	15060103	"GILA"	"Stream"	33.439608	-111.064008	494051	3700026	"12N"	3400	NA	NA
"SRWRK002.83"	110695	22438920	2587	15060103	"GILA"	"Stream"	33.866389	-111.001161	499893	3747342	"12N"	4900	NA	NA
"SRWRK007.97"	100696	22440718	383	15060103	"GILA"	"Stream"	33.823798	-110.939145	505631	3742621	"12N"	6160	"reference"	2014
"TONCRK-HATCHERY"	111425	22428234	61575	NA	NA	"Stream"	34.36296	-111.09778	491009	3802406	"12N"	NA	NA	NA
"UGA1H011.08"	100830	21328719	454	15040005	"GRAHAM"	"Stream"	32.773667	-109.860917	606682	3626770	"12N"	NA	NA	NA
"UGA1H016.90"	100295	21329017	184	15040005	"GRAHAM"	"Stream"	32.710278	-109.9	603095	3619704	"12N"	NA	NA	NA
"UGBLR000.84"	103612	21356271	1628	15040004	"GREENLEE"	"Stream"	33.21	-109.192778	668433	3676023	"12N"	NA	NA	NA
"UGBLR001.42"	103613	21357599	1629	15040004	"GREENLEE"	"Stream"	33.2225	-109.2025	667503	3677394	"12N"	NA	NA	NA
"UGBLR006.45"	103614	21355929	1630	15040004	"GREENLEE"	"Stream"	33.270278	-109.195278	668085	3682703	"12N"	NA	NA	NA
"UGBLR008.09"	100770	21355827	424	15040004	"GREENLEE"	"Stream"	33.290833	-109.196111	667968	3684981	"12N"	NA	NA	NA
"UGBLR008.19"	100398	21355827	234	15040004	"GREENLEE"	"Stream"	33.292167	-109.195306	668040	3685130	"12N"	4160	NA	NA
"UGBLR008.57"	103615	21355745	1631	15040004	"GREENLEE"	"Stream"	33.295833	-109.192222	668320	3685542	"12N"	NA	NA	NA
"UGBLR011.55"	100420	21355585	687	15040004	"GREENLEE"	"Stream"	33.326749	-109.190244	668445	3688973	"12N"	4310	NA	NA
"UGBLR013.61"	103616	21355449	1632	15040004	"GREENLEE"	"Stream"	33.349167	-109.182778	669097	3691471	"12N"	NA	NA	NA
"UGBLR019.38"	103843	21355223	1720	15040004	"GREENLEE"	"Stream"	33.416111	-109.1875	668528	3698887	"12N"	NA	NA	NA
"UGBLR021.70"	103842	21355033	1719	15040004	"GREENLEE"	"Stream"	33.446944	-109.183611	668830	3702312	"12N"	NA	NA	NA
"UGBLR022.81"	103179	21354987	1499	15040004	"GREENLEE"	"Stream"	33.460222	-109.181722	668980	3703788	"12N"	NA	NA	NA
"UGBLR026.34"	103857	21354847	1722	15040004	"GREENLEE"	"Stream"	33.493333	-109.210556	666237	3707413	"12N"	NA	NA	NA
"UGBLR028.77"	110284	21352277	2534	15040004	"GREENLEE"	"Stream"	33.52525	-109.205972	666601	3710960	"12N"	5120	NA	NA
"UGBLR028.99"	100835	21352277	459	15040004	"GREENLEE"	"Stream"	33.527722	-109.202528	666916	3711239	"12N"	5160	NA	NA
"UGBLR030.24"	106506	21352247	2155	15040004	"GREENLEE"	"Stream"	33.540611	-109.203417	666809	3712667	"12N"	5220	NA	NA
"UGBLR030.77"	101192	21352247	614	15040004	"GREENLEE"	"Stream"	33.547694	-109.198306	667270	3713461	"12N"	NA	NA	NA
"UGBLR031.02"	103844	21352217	1721	15040004	"GREENLEE"	"Stream"	33.549444	-109.198333	667264	3713655	"12N"	NA	NA	NA
"UGBLR031.69"	101191	21352205	613	15040004	"GREENLEE"	"Stream"	33.558722	-109.191694	667863	3714694	"12N"	5399	NA	NA
"UGBLR036.02"	101190	21352109	612	15040004	"GREENLEE"	"Stream"	33.587	-109.144611	672178	3717907	"12N"	NA	NA	NA
"UGBLR036.37"	101189	21352099	611	15040004	"GREENLEE"	"Stream"	33.590278	-109.139167	672676	3718280	"12N"	5580	NA	NA
"UGBLR041.37"	101187	21351993	609	15040004	"GREENLEE"	"Stream"	33.628722	-109.096972	676514	3722614	"12N"	NA	NA	NA
"UGBLR042.52"	101188	21351983	610	15040004	"GREENLEE"	"Stream"	33.643389	-109.098306	676360	3724239	"12N"	NA	NA	NA
"UGBLR043.45"	101186	21351959	1175	15040004	"N/A"	"Stream"	33.655806	-109.090722	677038	3725629	"12N"	NA	NA	NA
"UGBLR044.30"	101185	21351943	608	15040004	"GREENLEE"	"Stream"	33.662806	-109.091	676998	3726404	"12N"	NA	NA	NA
"UGBLR046.35"	100419	21351915	243	15040004	"GREENLEE"	"Stream"	33.684489	-109.083056	677690	3728823	"12N"	6110	NA	NA
"UGBLR050.44"	101184	21351875	607	15040004	"GREENLEE"	"Stream"	33.715917	-109.046889	680977	3732371	"12N"	NA	NA	NA
"UGBON000.17"	100185	21328169	100	15040005	"GRAHAM"	"Stream"	32.895833	-109.479722	642192	3640764	"12N"	3150	NA	NA
"UGBON002.00"	109662	21328169	2464	15040005	"GRAHAM"	"Stream"	32.915985	-109.49345	640876	3642980	"12N"	3295	NA	NA
"UGBON003.68"	100186	21331005	101	15040005	"GRAHAM"	"Stream"	32.937361	-109.501028	640133	3645340	"12N"	3360	NA	NA
"UGBON006.41"	100421	21327929	244	15040005	"GRAHAM"	"Stream"	32.956563	-109.531801	637226	3647428	"12N"	3180	NA	NA
"UGBON008.36"	111482	21327851	61712	15040005	"GRAHAM"	"Stream"	32.977323	-109.542505	636194	3649716	"12N"	NA	NA	NA
"UGBON010.37"	100187	21325011	102	15040005	"GRAHAM"	"Stream"	33.000611	-109.54725	635715	3652292	"12N"	3720	NA	NA
"UGBON014.47"	100188	21324595	103	15040005	"GRAHAM"	"Stream"	33.051056	-109.557333	634696	3657872	"12N"	3940	NA	NA
"UGBTH001.03"	110002	21351637	2494	15040004	"APACHE"	"Stream"	33.864603	-109.078914	677702	3748804	"12N"	8040	NA	NA
"UGCAV011.45"	100937	21309065	490	15040006	"COCHISE"	"Stream"	31.897841	-109.161862	673827	3530586	"12N"	4920	NA	NA
"UGCAV012.55"	101104	21309079	1173	15040006	"COCHISE"	"Stream"	31.886117	-109.174022	672699	3529267	"12N"	5080	NA	NA
"UGCAV012.95"	101105	21309099	583	15040006	"COCHISE"	"Stream"	31.883937	-109.179547	672181	3529016	"12N"	5120	NA	NA
"UGCAV014.44"	100933	21309099	487	15040006	"COCHISE"	"Stream"	31.882606	-109.203901	669879	3528830	"12N"	5360	NA	NA
"UGCAV014.87"	101106	21309091	584	15040006	"COCHISE"	"Stream"	31.883083	-109.210947	669212	3528872	"12N"	5400	NA	NA
"UGCAV015.55"	101107	21309101	585	15040006	"COCHISE"	"Stream"	31.879456	-109.220672	668299	3528455	"12N"	5520	NA	NA
"UGCAV016.84"	101108	21309111	586	15040006	"COCHISE"	"Stream"	31.868939	-109.237119	666762	3527263	"12N"	5880	NA	NA
"UGCIM000.10"	106903	21309845	2192	15040006	"COCHISE"	"Stream"	31.8725	-109.236111	666851	3527660	"12N"	NA	NA	NA
"UGCIM000.33"	111456	21309845	61670	15040006	"COCHISE"	"Stream"	31.873025	-109.239703	666510	3527713	"12N"	NA	NA	NA
"UGCMB000.49"	101183	21351851	606	15040004	"GREENLEE"	"Stream"	33.725194	-109.047361	680914	3733399	"12N"	NA	NA	NA
"UGCMB001.83"	101182	21351829	605	15040004	"GREENLEE"	"Stream"	33.735222	-109.063889	679362	3734482	"12N"	NA	NA	NA
"UGCMB002.62"	101181	21351815	604	15040004	"GREENLEE"	"Stream"	33.735342	-109.072611	678553	3734480	"12N"	NA	NA	NA
"UGCMB003.71"	103151	21351807	1485	15040004	"GREENLEE"	"Stream"	33.738806	-109.088889	677038	3734836	"12N"	NA	NA	NA
"UGCMB004.23"	100522	21351809	303	15040004	"GREENLEE"	"Stream"	33.738803	-109.097157	676272	3734822	"12N"	6670	NA	NA
"UGCMB011.72"	103878	21352561	1725	15040004	"GREENLEE"	"Stream"	33.745833	-109.204167	666344	3735423	"12N"	NA	NA	NA
"UGCMB012.58"	103181	21352561	1501	15040004	"GREENLEE"	"Stream"	33.750306	-109.216	665239	3735900	"12N"	NA	NA	NA
"UGCOL003.48"	100523	21351793	304	15040004	"GREENLEE"	"Stream"	33.771535	-109.187393	667848	3738301	"12N"	7850	NA	NA
"UGDIX000.01"	103611	21356485	1627	15040004	"GREENLEE"	"Stream"	33.186667	-109.156944	671819	3673494	"12N"	NA	NA	NA
"UGDIX000.78"	103416	21356369	1578	15040004	"GREENLEE"	"Stream"	33.197194	-109.157917	671708	3674660	"12N"	4890	NA	NA
"UGEAG000.08"	100817	21327911	445	15040005	"GREENLEE"	"Stream"	32.960778	-109.406472	648934	3648066	"12N"	NA	NA	NA
"UGEAG010.12"	100806	21324613	437	15040005	"GREENLEE"	"Stream"	33.046639	-109.437278	645914	3657543	"12N"	3600	NA	NA
"UGEAG011.09"	106582	21324575	2164	15040005	"GREENLEE"	"Stream"	33.055417	-109.435806	646037	3658518	"12N"	3640	NA	NA
"UGEAG011.45"	105023	21324575	1963	15040005	"GREENLEE"	"Stream"	33.0571	-109.439636	645676	3658699	"12N"	NA	NA	NA
"UGEAG011.51"	104959	21324575	1955	15040005	"GREENLEE"	"Stream"	33.057639	-109.439861	645654	3658759	"12N"	NA	NA	NA
"UGEAG013.81"	100395	21324425	233	15040005	"GREENLEE"	"Stream"	33.065278	-109.444444	645214	3659599	"12N"	3720	NA	NA
"UGEAG014.65"	100931	21324425	486	15040005	"GREENLEE"	"Stream"	33.071667	-109.453333	644373	3660295	"12N"	NA	NA	NA
"UGEAG015.23"	106583	21324379	2165	15040005	"GREENLEE"	"Stream"	33.078444	-109.455806	644132	3661044	"12N"	3720	NA	NA
"UGEAG023.57"	103213	21323859	1511	15040005	"GREENLEE"	"Stream"	33.138472	-109.494139	640458	3667647	"12N"	NA	NA	NA
"UGEAG040.33"	100536	21322721	702	15040005	"GREENLEE"	"Stream"	33.294366	-109.494663	640160	3684932	"12N"	4645	NA	NA
"UGEAG049.82"	109682	21322001	2465	15040005	"GREENLEE"	"Stream"	33.400158	-109.486207	640777	3696674	"12N"	5020	NA	NA
"UGEAG056.85"	100535	21321687	701	15040005	"GREENLEE"	"Stream"	33.479513	-109.475693	641626	3705487	"12N"	5435	NA	NA
"UGEEG001.57"	110242	21317715	2528	15040005	"GREENLEE"	"Stream"	33.55103	-109.3322	654832	3713623	"12N"	7515	NA	NA
"UGEMC012.71"	100544	21308533	709	15040006	"COCHISE"	"Stream"	32.122396	-109.36784	653970	3555169	"12N"	4840	NA	NA
"UGETK011.80"	100545	21309839	314	15040006	"COCHISE"	"Stream"	31.90873	-109.253198	665169	3531650	"12N"	6520	NA	NA
"UGEWH015.76"	100541	21307243	313	15040006	"COCHISE"	"Stream"	32.000672	-109.275305	662916	3541810	"12N"	5280	NA	NA
"UGEWH015.90"	111455	21307243	61669	15040006	"COCHISE"	"Stream"	32.00226	-109.276718	662780	3541984	"12N"	NA	NA	NA
"UGFRY009.52"	100720	21331123	711	15040005	"GRAHAM"	"Stream"	32.74354	-109.839109	608761	3623452	"12N"	5800	NA	NA
"UGGLR378.51"	103298	21320545	1532	15040005	"GRAHAM"	"Stream"	33.207917	-110.321306	563252	3674542	"12N"	NA	NA	NA
"UGGLR386.01"	100737	21318983	1007	15040005	"GRAHAM"	"Stream"	33.185556	-110.22	572712	3672129	"12N"	NA	NA	NA
"UGGLR392.40"	104582	21319159	1903	15040005	"GRAHAM"	"Stream"	33.163083	-110.134278	580724	3669700	"12N"	NA	NA	NA
"UGGLR395.13"	104583	21319253	1904	15040005	"GRAHAM"	"Stream"	33.13525	-110.117167	582346	3666628	"12N"	NA	NA	NA
"UGGLR395.98"	104598	21320309	1905	15040005	"GRAHAM"	"Stream"	33.125528	-110.106472	583353	3665558	"12N"	NA	NA	NA
"UGGLR400.29"	104602	21319431	1906	15040005	"GRAHAM"	"Stream"	33.093611	-110.05675	588023	3662060	"12N"	NA	NA	NA
"UGGLR401.85"	103619	21319407	1635	15040005	"GRAHAM"	"Stream"	33.093889	-110.030833	590441	3662113	"12N"	2669	NA	NA
"UGGLR407.48"	104622	21325853	1907	15040005	"GRAHAM"	"Stream"	33.04875	-109.966611	596484	3657166	"12N"	NA	NA	NA
"UGGLR407.91"	103618	21325859	1634	15040005	"GRAHAM"	"Stream"	33.049778	-109.959444	597152	3657286	"12N"	NA	NA	NA
"UGGLR416.42"	103617	21327941	1633	15040005	"GRAHAM"	"Stream"	32.961667	-109.914722	601428	3647560	"12N"	NA	NA	NA
"UGGLR423.82"	103620	21331223	1636	15040005	"GRAHAM"	"Stream"	32.914722	-109.826667	609716	3642444	"12N"	NA	NA	NA
"UGGLR428.32"	104624	21340317	1908	15040005	"GRAHAM"	"Stream"	32.881722	-109.767972	615248	3638848	"12N"	NA	NA	NA
"UGGLR429.83"	104625	21328309	1909	15040005	"GRAHAM"	"Stream"	32.866639	-109.748639	617076	3637197	"12N"	NA	NA	NA
"UGGLR433.14"	103622	21328417	1638	15040005	"GRAHAM"	"Stream"	32.848056	-109.716111	620145	3635173	"12N"	NA	NA	NA
"UGGLR434.16"	103621	21331055	1637	15040005	"GRAHAM"	"Stream"	32.847222	-109.700278	621628	3635099	"12N"	NA	NA	NA
"UGGLR438.78"	103624	21331073	1640	15040005	"GRAHAM"	"Stream"	32.827222	-109.631111	628130	3632963	"12N"	NA	NA	NA
"UGGLR442.69"	103178	21331049	1498	15040005	"GRAHAM"	"Stream"	32.840972	-109.580472	632849	3634550	"12N"	NA	NA	NA
"UGGLR446.02"	109384	21328317	2438	15040005	"GRAHAM"	"Stream"	32.863228	-109.546928	635955	3637060	"12N"	3040	NA	NA
"UGGLR446.08"	103625	21331405	1641	15040005	"GRAHAM"	"Stream"	32.861389	-109.543056	636320	3636861	"12N"	NA	NA	NA
"UGGLR448.61"	100729	21328283	408	15040005	"GRAHAM"	"Stream"	32.8695	-109.51175	639237	3637801	"12N"	3059	NA	NA
"UGGLR451.46"	105039	21331021	1964	15040005	"GRAHAM"	"Stream"	32.882556	-109.480667	642124	3639290	"12N"	3140	NA	NA
"UGGLR452.01"	100815	21328209	444	15040005	"GREENLEE"	"Stream"	32.888889	-109.475667	642582	3639999	"12N"	3200	NA	NA
"UGGLR452.43"	100814	21328167	443	15040005	"GREENLEE"	"Stream"	32.893861	-109.478194	642338	3640547	"12N"	3200	NA	NA
"UGGLR453.87"	103626	21328151	1642	15040005	"GRAHAM"	"Stream"	32.905	-109.458889	644125	3641808	"12N"	NA	NA	NA
"UGGLR462.26"	100813	21327915	442	15040005	"GREENLEE"	"Stream"	32.959306	-109.409194	648682	3647899	"12N"	NA	NA	NA
"UGGLR462.60"	100812	21327909	1164	15040005	"GRAHAM"	"Stream"	32.960472	-109.403639	649200	3648036	"12N"	NA	NA	NA
"UGGLR465.03"	100811	21327827	441	15040005	"GREENLEE"	"Stream"	32.974722	-109.374028	651943	3649658	"12N"	3550	NA	NA
"UGGLR465.36"	100810	3077289	440	15040002	"GREENLEE"	"Stream"	32.975917	-109.368861	652424	3649798	"12N"	3550	NA	NA
"UGGLR466.91"	105459	3077313	2041	15040002	"GREENLEE"	"Stream"	32.973139	-109.350389	654155	3649517	"12N"	NA	NA	NA
"UGGLR467.02"	105458	3077313	2040	15040002	"GREENLEE"	"Stream"	32.972194	-109.35	654193	3649413	"12N"	NA	NA	NA
"UGGLR471.49"	100809	3077327	439	15040002	"GREENLEE"	"Stream"	32.965094	-109.308767	658060	3648687	"12N"	3336	NA	NA
"UGGLR485.91"	104960	3077697	1956	15040002	"GREENLEE"	"Stream"	32.880889	-109.200583	668331	3639518	"12N"	NA	NA	NA
"UGGLR486.65"	103156	3077713	1490	15040002	"GREENLEE"	"Stream"	32.870917	-109.197806	668610	3638416	"12N"	NA	NA	NA
"UGGLR498.51"	104637	3077957	1913	15040002	"GRAHAM"	"Stream"	32.744722	-109.136667	674577	3624523	"12N"	NA	NA	NA
"UGGLR501.45"	103587	3078075	1614	15040002	"GREENLEE"	"Stream"	32.724444	-109.099778	678074	3622336	"12N"	NA	NA	NA
"UGGLR505.96"	100808	945040609	438	15040002	"GREENLEE"	"Stream"	32.686919	-109.052775	682556	3618255	"12N"	NA	NA	NA
"UGGLR513.21"	103656	3082231	1658	15040002	"OUTSIDE AZ"	"Stream"	32.656111	-108.955833	691712	3615010	"12N"	NA	NA	NA
"UGGLR515.55"	105287	3082369	2012	15040002	"OUTSIDE AZ"	"Stream"	32.64125	-108.920833	695027	3613426	"12N"	NA	NA	NA
"UGGLR521.92"	100728	3082381	407	15040002	"OUTSIDE AZ"	"Stream"	32.648056	-108.845833	702048	3614321	"12N"	NA	NA	NA
"UGGRA000.82"	100560	21352165	321	15040004	"GRAHAM"	"Stream"	33.57825	-109.188548	668117	3716865	"12N"	5580	NA	NA
"UGKPK000.12"	100889	21352265	477	15040004	"GREENLEE"	"Stream"	33.53	-109.202778	666889	3711491	"12N"	NA	NA	NA
"UGKPK009.78"	103174	21352097	1494	15040004	"GREENLEE"	"Stream"	33.592333	-109.322	655705	3718218	"12N"	NA	NA	NA
"UGKPK011.18"	100888	21352579	476	15040004	"GREENLEE"	"Stream"	33.583611	-109.343056	653766	3717219	"12N"	8760	NA	NA
"UGLAN000.60"	100579	21352137	722	15040004	"GREENLEE"	"Stream"	33.586481	-109.129671	673565	3717875	"12N"	5725	NA	NA
"UGLAN002.47"	103215	21352185	1513	15040004	"GREENLEE"	"Stream"	33.563889	-109.111417	675305	3715400	"12N"	NA	NA	NA
"UGLEC002.83"	110262	21352595	2530	15040004	"GREENLEE"	"Stream"	33.52189	-109.3027	657624	3710436	"12N"	NA	NA	NA
"UGLIT002.62"	110243	21351677	2529	15040004	"APACHE"	"Stream"	33.85925	-109.0917	676530	3748188	"12N"	NA	NA	NA
"UGLSC000.12"	103942	21354985	1751	15040004	"GREENLEE"	"Stream"	33.459167	-109.180278	669116	3703673	"12N"	NA	NA	NA
"UGMRW011.38"	100590	21329173	726	15040005	"GRAHAM"	"Stream"	32.683818	-109.81244	611334	3616859	"12N"	5520	NA	NA
"UGNCV000.04"	101129	21309087	592	15040006	"COCHISE"	"Stream"	31.882861	-109.205444	669733	3528856	"12N"	NA	NA	NA
"UGNCV000.16"	110283	21309085	2533	15040006	"COCHISE"	"Stream"	31.88458	-109.20631	669648	3529045	"12N"	NA	NA	NA
"UGPIG002.47"	100619	21355881	733	15040004	"GREENLEE"	"Stream"	33.276311	-109.227989	665027	3683320	"12N"	4300	NA	NA
"UGPTW000.98"	103627	21328113	1643	15040005	"GRAHAM"	"Stream"	32.92	-109.868333	605814	3642986	"12N"	NA	NA	NA
"UGRAS005.11"	106504	21352243	2153	15040004	"GREENLEE"	"Stream"	33.538972	-109.278611	659830	3712367	"12N"	NA	NA	NA
"UGSCR005.92"	100385	21294883	232	15040007	"GRAHAM"	"Stream"	33.297	-110.454556	550782	3684346	"12N"	NA	NA	NA
"UGSCV000.11"	101109	21309113	587	15040006	"COCHISE"	"Stream"	31.883583	-109.1755	672564	3528983	"12N"	5100	NA	NA
"UGSCV002.56"	100639	21309129	359	15040006	"COCHISE"	"Stream"	31.853844	-109.192978	670966	3525659	"12N"	5520	NA	NA
"UGSCV002.80"	100640	21309139	745	15040006	"COCHISE"	"Stream"	31.851344	-109.195478	670734	3525378	"12N"	5560	NA	NA
"UGSFR000.06"	100818	21359215	446	15040004	"GREENLEE"	"Stream"	32.976825	-109.371897	652139	3649894	"12N"	3420	NA	NA
"UGSFR000.77"	103588	21359211	1615	15040004	"GREENLEE"	"Stream"	32.982778	-109.366667	652617	3650562	"12N"	NA	NA	NA
"UGSFR001.50"	105022	21359211	1962	15040004	"GREENLEE"	"Stream"	32.988597	-109.362858	652963	3651213	"12N"	NA	NA	NA
"UGSFR002.71"	105021	21359199	1961	15040004	"GREENLEE"	"Stream"	32.994475	-109.35	654154	3651883	"12N"	NA	NA	NA
"UGSFR005.27"	103589	21357915	1616	15040004	"GREENLEE"	"Stream"	33.008611	-109.328333	656154	3653483	"12N"	NA	NA	NA
"UGSFR006.08"	106562	21357915	2162	15040004	"GREENLEE"	"Stream"	33.011389	-109.318889	657031	3653805	"12N"	3200	NA	NA
"UGSFR006.42"	100382	21357921	230	15040004	"GREENLEE"	"Stream"	33.007917	-109.315694	657336	3653425	"12N"	3435	NA	NA
"UGSFR006.48"	100925	21357921	480	15040004	"GREENLEE"	"Stream"	33.007222	-109.315	657402	3653349	"12N"	NA	NA	NA
"UGSFR010.47"	100383	21357877	984	15040004	"GREENLEE"	"Stream"	33.0495	-109.295917	659109	3658065	"12N"	NA	NA	NA
"UGSFR010.94"	105020	21357869	1960	15040004	"GREENLEE"	"Stream"	33.054997	-109.297833	658920	3658672	"12N"	NA	NA	NA
"UGSFR011.16"	105019	21357859	1959	15040004	"GREENLEE"	"Stream"	33.057319	-109.300358	658680	3658925	"12N"	NA	NA	NA
"UGSFR011.68"	110548	21357859	2563	15040004	"GREENLEE"	"Stream"	33.064497	-109.301388	658571	3659720	"12N"	NA	NA	NA
"UGSFR012.54"	103604	21357857	1620	15040004	"GREENLEE"	"Stream"	33.070833	-109.298333	658845	3660427	"12N"	NA	NA	NA
"UGSFR012.85"	108882	21357851	2409	15040004	"GREENLEE"	"Stream"	33.074694	-109.300722	658615	3660851	"12N"	NA	NA	NA
"UGSFR013.42"	103605	21357963	1621	15040004	"GREENLEE"	"Stream"	33.080556	-109.305	658205	3661495	"12N"	NA	NA	NA
"UGSFR013.68"	105006	21357963	1958	15040004	"GREENLEE"	"Stream"	33.084217	-109.307547	657961	3661897	"12N"	NA	NA	NA
"UGSFR014.88"	103606	21357017	1622	15040004	"GREENLEE"	"Stream"	33.095556	-109.306667	658023	3663156	"12N"	NA	NA	NA
"UGSFR015.47"	111496	21356977	61756	15040004	"GREENLEE"	"Stream"	33.102594	-109.303789	658279	3663940	"12N"	NA	NA	NA
"UGSFR015.88"	111481	21356971	61711	15040004	"GREENLEE"	"Stream"	33.10564	-109.30019	341391	3664284	"12N"	NA	NA	NA
"UGSFR018.37"	110549	21357835	2564	15040004	"GREENLEE"	"Stream"	33.127064	-109.282976	660177	3666685	"12N"	NA	NA	NA
"UGSFR019.04"	100708	21357833	395	15040004	"GREENLEE"	"Stream"	33.132222	-109.283333	660134	3667257	"12N"	3600	NA	NA
"UGSFR019.63"	100642	21357821	743	15040004	"GREENLEE"	"Stream"	33.137424	-109.2791	660519	3667840	"12N"	3595	NA	NA
"UGSFR022.36"	103607	21357809	1623	15040004	"GREENLEE"	"Stream"	33.160833	-109.267778	661533	3670453	"12N"	NA	NA	NA
"UGSFR027.20"	103634	21357785	1650	15040004	"GREENLEE"	"Stream"	33.187222	-109.226111	665369	3673444	"12N"	NA	NA	NA
"UGSFR030.90"	103608	21357713	1624	15040004	"GREENLEE"	"Stream"	33.206111	-109.191944	668518	3675593	"12N"	NA	NA	NA
"UGSFR031.15"	103610	24951092	1626	15040004	"GREENLEE"	"Stream"	33.209722	-109.191667	668537	3675994	"12N"	NA	NA	NA
"UGSFR034.57"	100834	21356397	458	15040004	"GREENLEE"	"Stream"	33.200944	-109.149139	672519	3675090	"12N"	3980	NA	NA
"UGSFR035.60"	103609	21357783	1625	15040004	"GREENLEE"	"Stream"	33.198611	-109.139444	673427	3674847	"12N"	NA	NA	NA
"UGSFR144.95"	100641	21351687	1001	15040004	"N/A"	"Stream"	33.827969	-109.020768	683159	3744843	"12N"	7410	NA	NA
"UGSFR149.44"	103293	21351679	1527	15040004	"APACHE"	"Stream"	33.827778	-109.0825	677446	3744714	"12N"	NA	NA	NA
"UGSFR150.83"	111454	945040095	61663	15040004	"APACHE"	"Stream"	33.83187	-109.102887	675551	3745133	"12N"	NA	NA	NA
"UGSFR151.22"	100381	945040095	229	15040004	"APACHE"	"Stream"	33.832056	-109.109167	674969	3745143	"12N"	7960	NA	NA
"UGSFR153.55"	100384	945040095	231	15040004	"APACHE"	"Stream"	33.843667	-109.14175	671931	3746375	"12N"	NA	NA	NA
"UGSFR153.82"	101153	945040095	597	15040004	"APACHE"	"Stream"	33.8445	-109.146472	671492	3746460	"12N"	NA	NA	NA
"UGSFR154.45"	103253	945040095	1517	15040004	"APACHE"	"Stream"	33.851083	-109.151306	671032	3747182	"12N"	NA	NA	NA
"UGSFR156.46"	111453	21351645	61662	15040004	"APACHE"	"Stream"	33.865219	-109.180386	668313	3748702	"12N"	NA	NA	NA
"UGSTO003.44"	110302	21351635	2535	15040004	"APACHE"	"Stream"	33.86539	-109.06228	679239	3748920	"12N"	7745	NA	NA
"UGSTY000.05"	104107	21354853	1821	15040004	"GREENLEE"	"Stream"	33.483889	-109.205278	666745	3706374	"12N"	NA	NA	NA
"UGTKY000.05"	103294	21351649	1528	15040004	"APACHE"	"Stream"	33.860556	-109.167722	669494	3748205	"12N"	NA	NA	NA
"UGTKY000.54"	103295	21351649	1529	15040004	"APACHE"	"Stream"	33.866667	-109.166111	669631	3748886	"12N"	NA	NA	NA
"UGTRY000.18"	101180	21351805	603	15040004	"GREENLEE"	"Stream"	33.738167	-109.070694	678725	3734797	"12N"	NA	NA	NA
"UGTRY001.56"	106507	21351783	2156	15040004	"GREENLEE"	"Stream"	33.756139	-109.074722	678315	3736783	"12N"	6790	NA	NA
"UGUCA000.02"	110282	21309103	2532	15040006	"COCHISE"	"Stream"	31.87827	-109.22341	668042	3528319	"12N"	NA	NA	NA
"UGULS000.53"	110263	21354827	2531	15040004	"GREENLEE"	"Stream"	33.4963	-109.3175	656295	3707576	"12N"	NA	NA	NA
"VRALD007.86"	107002	20439248	2201	15060203	"MARICOPA"	"Stream"	33.903139	-111.510806	452774	3751534	"12N"	3842	NA	NA
"VRAMG000.76"	108723	20437116	2394	15060203	"GILA"	"Stream"	34.24375	-111.407806	462448	3789258	"12N"	NA	NA	NA
"VRAMG003.62"	108582	20437142	2377	15060203	"GILA"	"Stream"	34.234028	-111.370611	465869	3788167	"12N"	NA	NA	NA
"VRAMG003.83"	100712	20437142	396	15060203	"GILA"	"Stream"	34.234618	-111.36722	466181	3788231	"12N"	4760	NA	NA
"VRAPA000.03"	100189	20467340	104	15060201	"YAVAPAI"	"Stream"	34.920056	-112.845972	331378	3865733	"12N"	5232	NA	NA
"VRAPA001.11"	100714	20467340	398	15060201	"YAVAPAI"	"Stream"	34.913212	-112.862544	329850	3865002	"12N"	5240	NA	NA
"VRAPA002.31"	110633	20467340	2572	15060201	"YAVAPAI"	"Stream"	34.904225	-112.876939	328516	3864030	"12N"	5320	NA	NA
"VRAPA003.46"	100715	20467340	399	15060201	"YAVAPAI"	"Stream"	34.891935	-112.883768	327867	3862678	"12N"	5360	NA	NA
"VRAPA007.76"	100190	20467340	105	15060201	"YAVAPAI"	"Stream"	34.864389	-112.935167	323110	3859712	"12N"	6203	NA	NA
"VRASP000.03"	108623	20452690	2382	15060202	"YAVAPAI"	"Stream"	34.532139	-112.473639	364762	3822147	"12N"	NA	NA	NA
"VRASP000.37"	107545	20452690	2253	15060202	"YAVAPAI"	"Stream"	34.531511	-112.479394	364232	3822085	"12N"	NA	NA	NA
"VRASP000.93"	108622	20452690	2381	15060202	"YAVAPAI"	"Stream"	34.532556	-112.48825	363421	3822213	"12N"	NA	NA	NA
"VRASP001.61"	107546	20452690	2254	15060202	"YAVAPAI"	"Stream"	34.531639	-112.4995	362387	3822127	"12N"	NA	NA	NA
"VRASP002.70"	108604	20452690	2380	15060202	"YAVAPAI"	"Stream"	34.524167	-112.511361	361286	3821314	"12N"	NA	NA	NA
"VRASP004.39"	108602	20452112	2378	15060202	"YAVAPAI"	"Stream"	34.511278	-112.519972	360475	3819897	"12N"	NA	NA	NA
"VRASP005.07"	106183	20452112	2108	15060202	"YAVAPAI"	"Stream"	34.50225	-112.522028	360271	3818898	"12N"	6250	NA	NA
"VRASW001.64"	101596	20440076	855	15060203	"MARICOPA"	"Stream"	33.615	-111.704722	434628	3719692	"12N"	NA	NA	NA
"VRBAN000.06"	106186	20452096	2111	15060202	"YAVAPAI"	"Stream"	34.517138	-112.477055	364424	3820488	"12N"	5520	NA	NA
"VRBAN003.70"	107549	20455010	2257	15060202	"YAVAPAI"	"Stream"	34.490364	-112.441536	367642	3817472	"12N"	NA	NA	NA
"VRBEV000.04"	103809	20454258	1712	15060202	"YAVAPAI"	"Stream"	34.574444	-111.855278	421552	3826185	"12N"	NA	NA	NA
"VRBEV000.72"	100722	20454258	402	15060202	"YAVAPAI"	"Stream"	34.583056	-111.853083	421761	3827138	"12N"	3101	NA	NA
"VRBEV000.96"	102168	20454258	1106	15060202	"YAVAPAI"	"Stream"	34.586222	-111.855111	421578	3827490	"12N"	NA	NA	NA
"VRBEV001.78"	101346	20454258	661	15060202	"COCONINO"	"Stream"	34.591881	-111.845953	422423	3828111	"12N"	NA	NA	NA
"VRBEV004.46"	102167	20454224	1105	15060202	"YAVAPAI"	"Stream"	34.60196	-111.839381	423035	3829224	"12N"	NA	NA	NA
"VRBEV005.46"	100706	20454224	393	15060202	"YAVAPAI"	"Stream"	34.610972	-111.839417	423040	3830223	"12N"	3190	NA	NA
"VRBEV005.74"	101542	20454224	1012	15060202	"YAVAPAI"	"Stream"	34.607778	-111.836542	423301	3829867	"12N"	3180	NA	NA
"VRBEV007.68"	102166	20454224	1104	15060202	"YAVAPAI"	"Stream"	34.618777	-111.827784	424114	3831080	"12N"	NA	NA	NA
"VRBIT000.01"	100191	20451694	106	15060202	"YAVAPAI"	"Stream"	34.777389	-112.048667	404047	3848858	"12N"	3399	NA	NA
"VRBIT000.19"	100486	20451694	282	15060202	"YAVAPAI"	"Stream"	34.775556	-112.051667	403770	3848657	"12N"	NA	NA	NA
"VRBIT000.81"	100485	20451694	281	15060202	"YAVAPAI"	"Stream"	34.773056	-112.060917	402921	3848389	"12N"	NA	NA	NA
"VRBIT003.17"	100192	20452588	107	15060202	"YAVAPAI"	"Stream"	34.763139	-112.095778	399719	3847323	"12N"	4185	NA	NA
"VRBIT003.93"	100424	20452606	247	15060202	"YAVAPAI"	"Stream"	34.757359	-112.105995	398777	3846693	"12N"	4440	NA	NA
"VRBIT004.06"	100193	20452606	960	15060202	"YAVAPAI"	"Stream"	34.755722	-112.106667	398713	3846512	"12N"	NA	NA	NA
"VRBLA010.11"	100418	20451952	686	15060202	"YAVAPAI"	"Stream"	34.65414	-112.103399	398889	3835243	"12N"	6000	NA	NA
"VRBON002.71"	106922	20436606	2193	15060203	"GILA"	"Stream"	34.37825	-111.225583	479261	3804120	"12N"	5850	NA	NA
"VRBRA001.82"	107222	20436550	2219	15060203	"GILA"	"Stream"	34.395472	-111.337167	469008	3806058	"12N"	NA	NA	NA
"VRBTT000.06"	107550	20452688	2258	15060202	"YAVAPAI"	"Stream"	34.546786	-112.475858	364582	3823774	"12N"	NA	NA	NA
"VRBTT000.08"	111430	20452688	61597	15060202	"YAVAPAI"	"Stream"	34.54689	-112.47632	364540	3823787	"12N"	NA	NA	NA
"VRBTT000.16"	111429	20452688	61596	15060202	"YAVAPAI"	"Stream"	34.54585	-112.4771	364466	3823672	"12N"	NA	NA	NA
"VRBTT000.23"	111428	20452688	61595	15060202	"YAVAPAI"	"Stream"	34.54506	-112.477764	364404	3823586	"12N"	NA	NA	NA
"VRBTT000.26"	111427	20452688	61594	15060202	"YAVAPAI"	"Stream"	34.54482	-112.47827	364357	3823560	"12N"	NA	NA	NA
"VRBTT001.82"	108625	20452688	2384	15060202	"YAVAPAI"	"Stream"	34.538639	-112.500528	362305	3822904	"12N"	NA	NA	NA
"VRBTT005.70"	106189	20452688	2114	15060202	"YAVAPAI"	"Stream"	34.519306	-112.55	357732	3820829	"12N"	6480	NA	NA
"VRBWC001.43"	111462	20453342	61676	15060202	"COCONINO"	"Stream"	34.86755	-111.736944	432644	3858603	"12N"	NA	NA	NA
"VRCAM000.79"	106983	20439654	2198	15060203	"MARICOPA"	"Stream"	33.761389	-111.492639	454379	3735809	"12N"	2274	NA	NA
"VRCCW000.03"	109643	20453466	2462	15060202	"YAVAPAI"	"Stream"	34.82558	-111.81006	425923	3854000	"12N"	NA	NA	NA
"VRCCW000.56"	109626	20453448	2453	15060202	"YAVAPAI"	"Stream"	34.83286	-111.80837	426084	3854806	"12N"	NA	NA	NA
"VRCCW002.59"	109625	20453416	2452	15060202	"YAVAPAI"	"Stream"	34.85351	-111.80097	426779	3857091	"12N"	NA	NA	NA
"VRCIT000.37"	108726	20437228	2397	15060203	"GILA"	"Stream"	34.219361	-111.466333	457046	3786577	"12N"	NA	NA	NA
"VRCLV000.07"	103356	20435284	1548	15060203	"COCONINO"	"Stream"	34.550611	-111.402556	463066	3823283	"12N"	NA	NA	NA
"VRCLW002.11"	101519	20440092	811	15060203	"MARICOPA"	"Stream"	33.596111	-111.705	434588	3717598	"12N"	NA	NA	NA
"VRCMP019.06"	100760	20439290	1010	15060203	"MARICOPA"	"Stream"	33.878999	-111.803469	425695	3749030	"12N"	2960	NA	NA
"VRCYW001.22"	101595	20440094	854	15060203	"MARICOPA"	"Stream"	33.595	-111.704722	434613	3717474	"12N"	NA	NA	NA
"VRDBV013.22"	100498	20454522	1161	15060202	"YAVAPAI"	"Stream"	34.728917	-111.775417	429009	3843255	"12N"	NA	NA	NA
"VRDBV013.99"	100530	20453722	869	15060202	"YAVAPAI"	"Stream"	34.739588	-111.771862	429343	3844436	"12N"	3760	NA	NA
"VRDRY007.02"	101877	20453434	1192	15060202	"YAVAPAI"	"Stream"	34.846681	-111.868275	420620	3856384	"12N"	NA	NA	NA
"VRELL000.18"	100543	20436770	708	15060203	"GILA"	"Stream"	34.351838	-111.278407	474396	3801203	"12N"	5000	NA	NA
"VRELL006.30"	100502	20436790	293	15060203	"GILA"	"Stream"	34.345944	-111.192056	482336	3800531	"12N"	NA	NA	NA
"VRELL009.02"	100542	20436604	707	15060203	"GILA"	"Stream"	34.3789	-111.175537	483862	3804183	"12N"	6160	NA	NA
"VREVR000.86"	100551	20437010	706	15060203	"GILA"	"Stream"	34.285582	-111.661254	439139	3794019	"12N"	2480	NA	NA
"VREVR002.62"	100739	20437048	411	15060203	"GILA"	"Stream"	34.276389	-111.638889	441191	3792987	"12N"	NA	NA	NA
"VREVR015.34"	100550	20438326	316	15060203	"GILA"	"Stream"	34.222077	-111.492065	454677	3786889	"12N"	3320	NA	NA
"VREVR016.28"	100473	20437220	991	15060203	"GILA"	"Stream"	34.215306	-111.479861	455798	3786133	"12N"	NA	NA	NA
"VREVR023.23"	108724	20437144	2395	15060203	"GILA"	"Stream"	34.238278	-111.433694	460061	3788661	"12N"	3750	NA	NA
"VREVR023.39"	109482	20437144	2443	15060203	"GILA"	"Stream"	34.238611	-111.430917	460317	3788697	"12N"	NA	NA	NA
"VREVR023.59"	105441	20437144	2038	15060203	"GILA"	"Stream"	34.240861	-111.428917	460502	3788946	"12N"	3780	NA	NA
"VREVR027.67"	108722	20437076	2393	15060203	"GILA"	"Stream"	34.268778	-111.417889	461531	3792037	"12N"	NA	NA	NA
"VREVR031.25"	100549	20437038	705	15060203	"GILA"	"Stream"	34.286761	-111.385326	464536	3794019	"12N"	4280	NA	NA
"VREVR034.80"	100474	20436980	273	15060203	"GILA"	"Stream"	34.299278	-111.358389	467020	3795398	"12N"	4500	NA	NA
"VREVR043.98"	108562	20436834	2376	15060203	"GILA"	"Stream"	34.342361	-111.290139	473314	3800155	"12N"	NA	NA	NA
"VREVR044.96"	100548	20436776	704	15060203	"GILA"	"Stream"	34.352051	-111.284178	473865	3801228	"12N"	4920	NA	NA
"VREVR045.50"	100786	20436722	433	15060203	"GILA"	"Stream"	34.355803	-111.283083	473967	3801644	"12N"	5148	NA	NA
"VREVR045.91"	100547	20436722	315	15060203	"GILA"	"Stream"	34.361004	-111.280552	474202	3802220	"12N"	5120	NA	NA
"VREVR046.18"	108842	20436722	2407	15060203	"GILA"	"Stream"	34.364944	-111.281278	474136	3802657	"12N"	NA	NA	NA
"VREVR051.15"	100546	20438170	996	15060203	"GILA"	"Stream"	34.421111	-111.263293	475806	3808881	"12N"	5840	"reference"	2014
"VRFOS007.13"	103900	20438212	1732	15060203	"GILA"	"Stream"	34.386389	-111.66	439327	3805197	"12N"	NA	NA	NA
"VRFOS007.26"	102765	20438212	1397	15060203	"GILA"	"Stream"	34.387306	-111.656917	439611	3805297	"12N"	NA	NA	NA
"VRFOS007.36"	100785	20436536	432	15060203	"GILA"	"Stream"	34.387306	-111.655556	439737	3805296	"12N"	NA	NA	NA
"VRFOS009.26"	111497	20436512	61757	15060203	"YAVAPAI"	"Stream"	34.394567	-111.630149	442077	3806086	"12N"	NA	NA	NA
"VRFOS010.43"	102772	20438452	1402	15060203	"GILA"	"Stream"	34.403389	-111.61925	443085	3807058	"12N"	NA	NA	NA
"VRFOS010.48"	100499	20436512	291	15060203	"GILA"	"Stream"	34.403361	-111.6175	443246	3807054	"12N"	NA	NA	NA
"VRFOS010.73"	102764	20436464	1396	15060203	"GILA"	"Stream"	34.405194	-111.61275	443684	3807255	"12N"	NA	NA	NA
"VRFOS011.88"	105624	20436462	2059	15060203	"GILA"	"Stream"	34.416944	-111.603722	444521	3808553	"12N"	3980	NA	NA
"VRFOS013.98"	102766	20438452	1398	15060203	"YAVAPAI"	"Stream"	34.421278	-111.576667	447010	3809019	"12N"	NA	NA	NA
"VRFOS014.33"	106422	20436392	2146	15060203	"YAVAPAI"	"Stream"	34.424306	-111.573194	447331	3809353	"12N"	4360	"reference"	2014
"VRFOS015.22"	102852	20436384	1424	15060203	"YAVAPAI"	"Stream"	34.432083	-111.564083	448173	3810210	"12N"	NA	NA	NA
"VRFRY000.33"	101883	20450738	1018	15060202	"COCONINO"	"Stream"	35.061531	-111.720091	434339	3880104	"12N"	NA	NA	NA
"VRGAP000.92"	100557	20436432	320	15060203	"YAVAPAI"	"Stream"	34.414384	-111.795069	426935	3808390	"12N"	3080	NA	NA
"VRGOC000.60"	107563	20452102	2260	15060202	"YAVAPAI"	"Stream"	34.550158	-112.450061	366954	3824114	"12N"	NA	NA	NA
"VRGOC003.03"	107562	20452102	2259	15060202	"YAVAPAI"	"Stream"	34.518589	-112.443128	367541	3820604	"12N"	NA	NA	NA
"VRGRA000.13"	101557	20452540	830	15060202	"YAVAPAI"	"Stream"	34.861944	-112.432778	369033	3858670	"12N"	NA	NA	NA
"VRGRA023.85"	104925	20452002	1952	15060202	"YAVAPAI"	"Stream"	34.613806	-112.417806	370013	3831131	"12N"	NA	NA	NA
"VRGRA025.32"	102565	20452018	1332	15060202	"YAVAPAI"	"Stream"	34.596389	-112.415	370243	3829195	"12N"	NA	NA	NA
"VRGRA026.66"	111015	20452066	2628	15060202	"YAVAPAI"	"Stream"	34.579447	-112.428208	369006	3827334	"12N"	NA	NA	NA
"VRGRA027.35"	107522	20452066	2246	15060202	"YAVAPAI"	"Stream"	34.571683	-112.434726	368395	3826481	"12N"	5200	NA	NA
"VRGRA027.71"	111016	20452066	2629	15060202	"YAVAPAI"	"Stream"	34.568714	-112.438966	368002	3826157	"12N"	NA	NA	NA
"VRGRA028.21"	100489	20452066	285	15060202	"YAVAPAI"	"Stream"	34.563017	-112.443933	367537	3825532	"12N"	NA	NA	NA
"VRGRA028.60"	103902	20452072	1734	15060202	"YAVAPAI"	"Stream"	34.558197	-112.446933	367254	3825002	"12N"	NA	NA	NA
"VRGRA029.38"	101541	20452080	1185	15060202	"YAVAPAI"	"Stream"	34.553889	-112.458889	366150	3824539	"12N"	NA	NA	NA
"VRGRA029.64"	101580	20452080	848	15060202	"YAVAPAI"	"Stream"	34.551722	-112.4625	365815	3824304	"12N"	NA	NA	NA
"VRGRA029.97"	106184	20452080	2109	15060202	"YAVAPAI"	"Stream"	34.549889	-112.467639	365341	3824108	"12N"	5280	NA	NA
"VRGRA030.36"	111035	20452086	2631	15060202	"YAVAPAI"	"Stream"	34.545308	-112.471522	364977	3823605	"12N"	NA	NA	NA
"VRGRA030.48"	108624	20452086	2383	15060202	"YAVAPAI"	"Stream"	34.542028	-112.472306	364900	3823242	"12N"	NA	NA	NA
"VRGRA031.19"	107504	20452086	2245	15060202	"YAVAPAI"	"Stream"	34.534084	-112.471731	364940	3822360	"12N"	NA	NA	NA
"VRGRA031.98"	107503	20452096	2244	15060202	"YAVAPAI"	"Stream"	34.525199	-112.478951	364263	3821385	"12N"	NA	NA	NA
"VRGRA032.67"	104926	20452108	1953	15060202	"YAVAPAI"	"Stream"	34.516718	-112.477157	364414	3820442	"12N"	NA	NA	NA
"VRGRA033.51"	106185	20452114	2110	15060202	"YAVAPAI"	"Stream"	34.505278	-112.479167	364211	3819176	"12N"	5600	NA	NA
"VRGRA034.39"	107502	20455610	2243	15060202	"YAVAPAI"	"Stream"	34.495404	-112.486487	363523	3818090	"12N"	NA	NA	NA
"VRHOU003.48"	100761	20436940	1063	15060203	"YAVAPAI"	"Stream"	34.317479	-111.717913	433949	3797592	"12N"	2920	NA	NA
"VRLEC001.68"	111275	20449620	2667	15060202	"COCONINO"	"Stream"	35.050369	-112.052581	404007	3879135	"12N"	NA	NA	NA
"VRLIM001.14"	100585	20438952	333	15060203	"MARICOPA"	"Stream"	33.988293	-111.756022	430173	3761115	"12N"	2120	NA	NA
"VRMAI000.53"	111458	20436416	61672	15060203	"GILA"	"Stream"	34.424286	-111.268213	475355	3809234	"12N"	NA	NA	NA
"VRMAI000.78"	107223	20436416	2220	15060203	"GILA"	"Stream"	34.427611	-111.26925	475261	3809603	"12N"	NA	NA	NA
"VRMAN000.01"	107548	20452694	2256	15060202	"YAVAPAI"	"Stream"	34.525411	-112.479194	364241	3821408	"12N"	NA	NA	NA
"VRMAN001.03"	108642	20452694	2387	15060202	"YAVAPAI"	"Stream"	34.520806	-112.492389	363022	3820915	"12N"	NA	NA	NA
"VRMAN002.15"	107547	20452694	2255	15060202	"YAVAPAI"	"Stream"	34.517297	-112.508331	361553	3820548	"12N"	NA	NA	NA
"VRMIL000.22"	106187	20452082	2112	15060202	"YAVAPAI"	"Stream"	34.546667	-112.473806	364770	3823758	"12N"	5290	NA	NA
"VRMIL000.32"	107525	20452692	2249	15060202	"YAVAPAI"	"Stream"	34.547281	-112.475256	364638	3823828	"12N"	NA	NA	NA
"VRMIL000.77"	110502	20452692	2552	15060202	"YAVAPAI"	"Stream"	34.551803	-112.480647	364150	3824337	"12N"	NA	NA	NA
"VRMIL000.91"	111017	20452692	2630	15060202	"YAVAPAI"	"Stream"	34.552564	-112.483014	363935	3824425	"12N"	NA	NA	NA
"VRMIL001.28"	110503	20452692	2553	15060202	"YAVAPAI"	"Stream"	34.552703	-112.488233	363456	3824447	"12N"	NA	NA	NA
"VRMIL001.61"	110522	20452692	2556	15060202	"YAVAPAI"	"Stream"	34.548642	-112.491028	363193	3824001	"12N"	NA	NA	NA
"VRMIL001.71"	107524	20452692	2248	15060202	"YAVAPAI"	"Stream"	34.547733	-112.492105	363092	3823901	"12N"	NA	NA	NA
"VRMIL001.78"	110523	20452692	2557	15060202	"YAVAPAI"	"Stream"	34.547975	-112.493244	362988	3823930	"12N"	NA	NA	NA
"VRMIL002.14"	108626	20452692	2385	15060202	"YAVAPAI"	"Stream"	34.54875	-112.499306	362433	3824024	"12N"	NA	NA	NA
"VRMIL002.40"	110504	20452692	2554	15060202	"YAVAPAI"	"Stream"	34.549331	-112.503314	362067	3824094	"12N"	NA	NA	NA
"VRMIL002.51"	110524	20452692	2558	15060202	"YAVAPAI"	"Stream"	34.550211	-112.504814	361930	3824193	"12N"	NA	NA	NA
"VRMIL002.66"	108627	20452692	2386	15060202	"YAVAPAI"	"Stream"	34.550528	-112.507361	361697	3824232	"12N"	NA	NA	NA
"VRMIL002.98"	110505	20452692	2555	15060202	"YAVAPAI"	"Stream"	34.549403	-112.512217	361250	3824114	"12N"	NA	NA	NA
"VRMIL003.64"	107523	20452692	2247	15060202	"YAVAPAI"	"Stream"	34.551801	-112.521832	360371	3824393	"12N"	NA	NA	NA
"VRMIL006.07"	106188	20452692	2113	15060202	"YAVAPAI"	"Stream"	34.5335	-112.552556	357521	3822406	"12N"	6200	NA	NA
"VRMUN000.27"	100500	20453240	1213	15060202	"COCONINO"	"Stream"	34.911972	-111.722111	434035	3863519	"12N"	NA	NA	NA
"VRMUN006.17"	107262	20453202	2224	15060202	"COCONINO"	"Stream"	34.9325	-111.649444	440688	3865750	"12N"	NA	NA	NA
"VRMUN006.20"	100501	20453162	292	15060202	"COCONINO"	"Stream"	34.931972	-111.645167	441078	3865689	"12N"	NA	NA	NA
"VRMUN006.31"	107243	20453162	2223	15060202	"COCONINO"	"Stream"	34.933889	-111.647778	440841	3865903	"12N"	NA	NA	NA
"VRMUN006.42"	107242	20453162	2222	15060202	"COCONINO"	"Stream"	34.933889	-111.645833	441019	3865902	"12N"	NA	NA	NA
"VRNGC000.14"	107622	20452080	2266	15060202	"YAVAPAI"	"Stream"	34.55268	-112.465555	365537	3824414	"12N"	NA	NA	NA
"VRNGC000.75"	108603	20452080	2379	15060202	"YAVAPAI"	"Stream"	34.55491	-112.47251	364902	3824671	"12N"	NA	NA	NA
"VRNMI000.04"	110525	20452692	2559	15060202	"YAVAPAI"	"Stream"	34.554389	-112.485306	363727	3824630	"12N"	NA	NA	NA
"VRNMI000.28"	110526	20452692	2560	15060202	"YAVAPAI"	"Stream"	34.557706	-112.486625	363612	3825000	"12N"	NA	NA	NA
"VRNMI000.87"	110527	20452692	2561	15060202	"YAVAPAI"	"Stream"	34.563281	-112.491644	363160	3825625	"12N"	NA	NA	NA
"VROAK000.13"	109631	20453922	2458	15060202	"YAVAPAI"	"Stream"	34.67934	-111.94041	413851	3837886	"12N"	NA	NA	NA
"VROAK000.21"	100493	20453922	287	15060202	"YAVAPAI"	"Stream"	34.680028	-111.939056	413976	3837961	"12N"	NA	NA	NA
"VROAK002.26"	109630	20453858	2457	15060202	"YAVAPAI"	"Stream"	34.68954	-111.91574	416122	3838997	"12N"	NA	NA	NA
"VROAK002.96"	105439	20453858	2036	15060202	"YAVAPAI"	"Stream"	34.689083	-111.909028	416736	3838940	"12N"	3220	NA	NA
"VROAK008.90"	101881	20453762	959	15060202	"YAVAPAI"	"Stream"	34.718508	-111.916283	416101	3842210	"12N"	NA	NA	NA
"VROAK012.61"	109629	20453708	2456	15060202	"YAVAPAI"	"Stream"	34.7449	-111.9158	416172	3845136	"12N"	NA	NA	NA
"VROAK013.95"	101880	20454568	958	15060202	"YAVAPAI"	"Stream"	34.7449	-111.896417	417946	3845120	"12N"	3390	NA	NA
"VROAK016.70"	100613	20453670	731	15060202	"YAVAPAI"	"Stream"	34.759048	-111.893905	418190	3846687	"12N"	3460	NA	NA
"VROAK017.19"	110042	20454478	2496	15060202	"YAVAPAI"	"Stream"	34.764464	-111.890988	418462	3847285	"12N"	NA	NA	NA
"VROAK017.30"	101811	20454478	933	15060202	"YAVAPAI"	"Stream"	34.766667	-111.891111	418453	3847529	"12N"	NA	NA	NA
"VROAK017.49"	100614	20454478	732	15060202	"YAVAPAI"	"Stream"	34.767936	-111.893628	418224	3847672	"12N"	3480	NA	NA
"VROAK021.68"	104018	20453610	1789	15060202	"YAVAPAI"	"Stream"	34.792222	-111.8925	418351	3850365	"12N"	NA	NA	NA
"VROAK022.03"	111195	20453610	2650	15060202	"YAVAPAI"	"Stream"	34.796067	-111.887967	418770	3850787	"12N"	NA	NA	NA
"VROAK022.58"	101878	20453610	956	15060202	"YAVAPAI"	"Stream"	34.801344	-111.881019	419411	3851367	"12N"	NA	NA	NA
"VROAK027.60"	109627	20453516	2454	15060202	"YAVAPAI"	"Stream"	34.81655	-111.83798	423362	3853019	"12N"	NA	NA	NA
"VROAK028.24"	100612	20453508	730	15060202	"YAVAPAI"	"Stream"	34.812913	-111.8312	423978	3852611	"12N"	3840	NA	NA
"VROAK030.81"	104320	20453496	1878	15060202	"COCONINO"	"Stream"	34.8225	-111.815556	425418	3853662	"12N"	NA	NA	NA
"VROAK031.26"	111200	20453472	2655	15060202	"YAVAPAI"	"Stream"	34.825333	-111.808183	426095	3853971	"12N"	NA	NA	NA
"VROAK031.38"	100926	20453472	481	15060202	"COCONINO"	"Stream"	34.824444	-111.806389	426258	3853871	"12N"	4000	NA	NA
"VROAK031.52"	101874	20453472	953	15060202	"COCONINO"	"Stream"	34.824994	-111.803589	426515	3853930	"12N"	NA	NA	NA
"VROAK031.73"	111196	20453472	2651	15060202	"YAVAPAI"	"Stream"	34.823667	-111.800467	426799	3853781	"12N"	NA	NA	NA
"VROAK032.07"	104022	20453472	1793	15060202	"COCONINO"	"Stream"	34.825556	-111.796667	427148	3853987	"12N"	NA	NA	NA
"VROAK033.11"	111197	20453456	2652	15060202	"YAVAPAI"	"Stream"	34.8351	-111.787683	427978	3855039	"12N"	NA	NA	NA
"VROAK033.55"	111198	20453456	2653	15060202	"YAVAPAI"	"Stream"	34.840883	-111.784733	428253	3855679	"12N"	NA	NA	NA
"VROAK034.02"	100461	20453456	263	15060202	"COCONINO"	"Stream"	34.843152	-111.777641	428903	3855925	"12N"	4076	NA	NA
"VROAK035.78"	100771	20453378	425	15060202	"COCONINO"	"Stream"	34.861667	-111.761944	430354	3857967	"12N"	NA	NA	NA
"VROAK035.79"	100460	20453378	1241	15060202	"COCONINO"	"Stream"	34.861833	-111.761972	430351	3857986	"12N"	NA	NA	NA
"VROAK036.97"	100491	20454436	286	15060202	"COCONINO"	"Stream"	34.875028	-111.754611	431035	3859444	"12N"	NA	NA	NA
"VROAK037.39"	109633	20454436	2460	15060202	"COCONINO"	"Stream"	34.87845	-111.7492	431533	3859820	"12N"	NA	NA	NA
"VROAK037.85"	111376	20454436	2666	15060202	"COCONINO"	"Stream"	34.883883	-111.744083	432005	3860419	"12N"	NA	NA	NA
"VROAK037.96"	110422	20453306	2544	15060202	"COCONINO"	"Stream"	34.884397	-111.74235	432164	3860475	"12N"	NA	NA	NA
"VROAK038.09"	111375	20453306	2665	15060202	"COCONINO"	"Stream"	34.883717	-111.74005	432373	3860398	"12N"	NA	NA	NA
"VROAK038.52"	101875	20453306	954	15060202	"COCONINO"	"Stream"	34.886192	-111.734267	432904	3860668	"12N"	NA	NA	NA
"VROAK038.61"	100459	20453306	262	15060202	"COCONINO"	"Stream"	34.886189	-111.732709	433046	3860667	"12N"	4365	NA	NA
"VROAK038.67"	101876	20453306	955	15060202	"YAVAPAI"	"Stream"	34.886158	-111.731614	433146	3860663	"12N"	NA	NA	NA
"VROAK038.78"	105369	20453306	2020	15060202	"COCONINO"	"Stream"	34.887433	-111.730883	433214	3860804	"12N"	NA	NA	NA
"VROAK039.54"	103111	20453270	1482	15060202	"COCONINO"	"Stream"	34.897309	-111.731207	433192	3861899	"12N"	NA	NA	NA
"VROAK039.76"	109624	20453270	2451	15060202	"COCONINO"	"Stream"	34.89981	-111.7296	433341	3862175	"12N"	NA	NA	NA
"VROAK039.92"	101873	20453270	952	15060202	"COCONINO"	"Stream"	34.901944	-111.728117	433478	3862411	"12N"	NA	NA	NA
"VROAK040.48"	104019	20453270	1790	15060202	"YAVAPAI"	"Stream"	34.91	-111.728611	433440	3863305	"12N"	NA	NA	NA
"VROAK040.62"	105920	20453342	2087	15060202	"COCONINO"	"Stream"	34.878333	-111.726944	433566	3859792	"12N"	NA	NA	NA
"VROAK040.78"	105919	20453242	2086	15060202	"COCONINO"	"Stream"	34.913611	-111.728056	433493	3863705	"12N"	NA	NA	NA
"VROAK041.69"	101872	20453220	1191	15060202	"COCONINO"	"Stream"	34.924619	-111.734908	432876	3864930	"12N"	NA	NA	NA
"VROAK041.85"	104021	20453220	1792	15060202	"COCONINO"	"Stream"	34.926667	-111.734444	432920	3865157	"12N"	NA	NA	NA
"VROAK042.78"	101871	20454424	1212	15060202	"COCONINO"	"Stream"	34.935406	-111.743711	432081	3866132	"12N"	4840	NA	NA
"VROAK043.61"	109632	20454424	2459	15060202	"COCONINO"	"Stream"	34.9447	-111.75261	431276	3867169	"12N"	NA	NA	NA
"VROAK043.73"	100609	20454424	346	15060202	"COCONINO"	"Stream"	34.946349	-111.753229	431221	3867352	"12N"	4960	NA	NA
"VROAK043.79"	102692	20454424	1377	15060202	"COCONINO"	"Stream"	34.947066	-111.753893	431161	3867432	"12N"	NA	NA	NA
"VROAK043.81"	102693	20454424	1378	15060202	"COCONINO"	"Stream"	34.947264	-111.753893	431161	3867454	"12N"	NA	NA	NA
"VROAK043.83"	102694	20454424	1379	15060202	"COCONINO"	"Stream"	34.947514	-111.75406	431146	3867482	"12N"	NA	NA	NA
"VROAK043.86"	101870	20454424	951	15060202	"COCONINO"	"Stream"	34.943488	-111.751853	431344	3867034	"12N"	NA	NA	NA
"VROAK043.88"	102695	20454424	1380	15060202	"COCONINO"	"Stream"	34.948171	-111.754408	431115	3867555	"12N"	NA	NA	NA
"VROAK044.04"	101868	20454424	950	15060202	"COCONINO"	"Stream"	34.950306	-111.754861	431075	3867792	"12N"	NA	NA	NA
"VROAK044.46"	101869	20454424	1211	15060202	"COCONINO"	"Stream"	34.955997	-111.755575	431015	3868424	"12N"	NA	NA	NA
"VROAK044.98"	101867	20454424	1190	15060202	"COCONINO"	"Stream"	34.962911	-111.753858	431177	3869190	"12N"	NA	NA	NA
"VROAK045.64"	105370	20454424	2021	15060202	"COCONINO"	"Stream"	34.971111	-111.750719	431471	3870097	"12N"	5210	NA	NA
"VROAK046.10"	101866	20454424	949	15060202	"COCONINO"	"Stream"	34.973775	-111.746833	431828	3870389	"12N"	NA	NA	NA
"VROAK047.01"	100490	20453030	993	15060202	"COCONINO"	"Stream"	34.987667	-111.745833	431931	3871929	"12N"	NA	NA	NA
"VROAK047.96"	100608	20453030	345	15060202	"COCONINO"	"Stream"	34.992932	-111.736965	432744	3872507	"12N"	5400	NA	NA
"VROAK048.36"	104020	20453030	1791	15060202	"COCONINO"	"Stream"	34.998333	-111.739167	432548	3873108	"12N"	5390	NA	NA
"VROAK048.49"	111199	20450530	2654	15060202	"COCONINO"	"Stream"	35.000036	-111.739433	432525	3873297	"12N"	NA	NA	NA
"VROAK048.92"	101864	20450530	948	15060202	"COCONINO"	"Stream"	35.00475	-111.735417	432895	3873817	"12N"	5470	"reference"	2014
"VROAK049.18"	109623	20450530	2450	15060202	"COCONINO"	"Stream"	35.00777	-111.73713	432741	3874153	"12N"	NA	NA	NA
"VROAK049.20"	106502	20450530	2151	15060202	"COCONINO"	"Stream"	35.008056	-111.738889	432581	3874186	"12N"	NA	NA	NA
"VROAK049.31"	106503	20450530	2152	15060202	"COCONINO"	"Stream"	35.009111	-111.740167	432465	3874304	"12N"	NA	NA	NA
"VROAK049.65"	100607	20450530	729	15060202	"COCONINO"	"Stream"	35.014028	-111.738611	432611	3874848	"12N"	5550	NA	NA
"VROAK050.30"	101863	20450530	947	15060202	"COCONINO"	"Stream"	35.022917	-111.736611	432801	3875832	"12N"	NA	NA	NA
"VROAK050.42"	106702	20450740	2171	15060202	"COCONINO"	"Stream"	35.024694	-111.737083	432760	3876030	"12N"	NA	NA	NA
"VROAK050.55"	101882	20450740	1142	15060202	"COCONINO"	"Stream"	35.025012	-111.739296	432558	3876067	"12N"	NA	NA	NA
"VRPIE000.29"	100620	20437198	734	15060203	"GILA"	"Stream"	34.224331	-111.488519	455005	3787138	"12N"	3360	"reference"	2014
"VRPIE008.19"	108362	20436898	2364	15060203	"GILA"	"Stream"	34.319222	-111.457506	457909	3797646	"12N"	4375	NA	NA
"VRPIE016.49"	100621	20436506	348	15060203	"GILA"	"Stream"	34.421033	-111.4409	459486	3808929	"12N"	5760	"reference"	2014
"VRPIN001.31"	106984	20440612	2199	15060203	"MARICOPA"	"Stream"	33.772028	-111.490028	454626	3736987	"12N"	2266	NA	NA
"VRPMW000.06"	100495	20450458	289	15060202	"COCONINO"	"Stream"	35.024778	-111.735861	432871	3876038	"12N"	NA	NA	NA
"VRPSD001.63"	107224	20438144	2221	15060203	"COCONINO"	"Stream"	34.446972	-111.365417	466432	3811778	"12N"	NA	NA	NA
"VRRED004.17"	100626	20437340	735	15060203	"YAVAPAI"	"Stream"	34.169901	-111.769976	429036	3781262	"12N"	2560	NA	NA
"VRROK002.80"	107083	20439696	2208	15060203	"MARICOPA"	"Stream"	33.746044	-111.487389	454857	3734105	"12N"	2000	NA	NA
"VRROU002.93"	100631	20437452	354	15060203	"YAVAPAI"	"Stream"	34.139591	-111.84675	421932	3777957	"12N"	3300	"reference"	2014
"VRRRC000.03"	111184	20454550	2647	15060202	"YAVAPAI"	"Stream"	34.67265	-111.732535	432889	3836986	"12N"	NA	NA	NA
"VRSEC002.23"	111395	20453142	2658	15060202	"YAVAPAI"	"Stream"	34.94945	-111.825131	424658	3867748	"12N"	NA	NA	NA
"VRSHG000.13"	111036	20452076	2632	15060202	"YAVAPAI"	"Stream"	34.560981	-112.441603	367748	3825303	"12N"	NA	NA	NA
"VRSHG000.46"	111485	20452076	61715	15060202	"YAVAPAI"	"Stream"	34.559022	-112.436375	368224	3825079	"12N"	NA	NA	NA
"VRSHG000.77"	107564	20452076	2261	15060202	"YAVAPAI"	"Stream"	34.557306	-112.432197	368605	3824883	"12N"	NA	NA	NA
"VRSLW000.14"	109642	20453380	2461	15060202	"COCONINO"	"Stream"	34.860672	-111.763814	430182	3857858	"12N"	NA	NA	NA
"VRSLW002.57"	109644	20453380	2463	15060202	"YAVAPAI"	"Stream"	34.88472	-111.78317	428434	3860539	"12N"	NA	NA	NA
"VRSPE000.24"	107582	20452062	2262	15060202	"YAVAPAI"	"Stream"	34.568872	-112.537081	359001	3826308	"12N"	NA	NA	NA
"VRSPN000.01"	109628	20453708	2455	15060202	"YAVAPAI"	"Stream"	34.74411	-111.91482	416261	3845047	"12N"	NA	NA	NA
"VRSPN000.19"	100194	20454490	108	15060202	"YAVAPAI"	"Stream"	34.7455	-111.911889	416531	3845199	"12N"	3418	NA	NA
"VRSPN000.40"	109622	20454490	2449	15060202	"YAVAPAI"	"Stream"	34.74839	-111.91182	416540	3845520	"12N"	NA	NA	NA
"VRSPN000.78"	100195	20454490	435	15060202	"YAVAPAI"	"Stream"	34.750833	-111.912139	416513	3845791	"12N"	3480	NA	NA
"VRSPN001.89"	100196	20454490	109	15060202	"YAVAPAI"	"Stream"	34.762028	-111.918167	415973	3847037	"12N"	3565	NA	NA
"VRSPN002.04"	100650	20454490	1002	15060202	"YAVAPAI"	"Stream"	34.763653	-111.917123	416070	3847217	"12N"	3480	"reference"	2014
"VRSPN002.09"	101879	20454490	957	15060202	"YAVAPAI"	"Stream"	34.764194	-111.916261	416149	3847276	"12N"	NA	NA	NA
"VRSPN002.64"	100197	20454490	110	15060202	"YAVAPAI"	"Stream"	34.768167	-111.919	415903	3847719	"12N"	3601	NA	NA
"VRSPN002.92"	110735	20454490	2591	15060202	"YAVAPAI"	"Stream"	34.770833	-111.921433	415683	3848016	"12N"	3540	NA	NA
"VRSRW000.47"	110123	20468056	2518	15060201	"YAVAPAI"	"Stream"	34.822242	-112.872684	328735	3854929	"12N"	NA	NA	NA
"VRSTC000.10"	101923	20450742	1020	15060202	"COCONINO"	"Stream"	35.024911	-111.7411	432393	3876057	"12N"	NA	NA	NA
"VRSYE000.95"	108725	20436946	2396	15060203	"GILA"	"Stream"	34.311028	-111.367139	466220	3796704	"12N"	NA	NA	NA
"VRSYH000.25"	100656	20437564	748	15060203	"YAVAPAI"	"Stream"	34.079621	-111.701814	435249	3771206	"12N"	2080	NA	NA
"VRSYM016.44"	100657	20439720	366	15060203	"MARICOPA"	"Stream"	33.73796	-111.515829	452218	3733222	"12N"	2060	NA	NA
"VRSYM017.71"	100658	20440650	367	15060203	"MARICOPA"	"Stream"	33.748511	-111.508	452949	3734388	"12N"	2120	NA	NA
"VRSYM021.25"	100659	20439604	368	15060203	"MARICOPA"	"Stream"	33.788793	-111.506385	453121	3738853	"12N"	2280	NA	NA
"VRSYM022.45"	106402	20440606	2145	15060203	"MARICOPA"	"Stream"	33.797722	-111.489694	454671	3739836	"12N"	NA	NA	NA
"VRSYW000.05"	101558	20451460	831	15060202	"YAVAPAI"	"Stream"	34.863611	-112.077222	401537	3858447	"12N"	NA	NA	NA
"VRSYW000.77"	100198	20451460	111	15060202	"YAVAPAI"	"Stream"	34.869056	-112.069083	402287	3859043	"12N"	3625	NA	NA
"VRSYW001.72"	100199	20451390	866	15060202	"YAVAPAI"	"Stream"	34.882269	-112.0671	402484	3860507	"12N"	3625	"reference"	2014
"VRTAV000.09"	104111	20451704	1825	15060202	"YAVAPAI"	"Stream"	34.765833	-112.021944	406479	3847551	"12N"	NA	NA	NA
"VRTGL000.52"	100665	20437546	371	15060203	"YAVAPAI"	"Stream"	34.087594	-111.717377	433819	3772100	"12N"	2080	NA	NA
"VRTGL001.67"	100666	20437546	372	15060203	"YAVAPAI"	"Stream"	34.091703	-111.730841	432580	3772565	"12N"	2200	NA	NA
"VRTGL006.60"	111178	20437442	2641	15060203	"YAVAPAI"	"Stream"	34.13218	-111.77122	428889	3777081	"12N"	NA	NA	NA
"VRUBS001.35"	110779	20449408	2597	15060202	"COCONINO"	"Stream"	35.14603	-112.060359	403411	3889752	"12N"	6649	NA	NA
"VRUBS001.55"	110715	20468060	2590	15060202	"YAVAPAI"	"Stream"	34.804195	-112.773279	337792	3852762	"12N"	NA	NA	NA
"VRUBT000.31"	100221	20451692	125	15060202	"YAVAPAI"	"Stream"	34.774417	-112.066361	402425	3848545	"12N"	3628	NA	NA
"VRUBW000.64"	111463	20453342	61677	15060202	"COCONINO"	"Stream"	34.874214	-111.706944	435391	3859322	"12N"	NA	NA	NA
"VRUES000.33"	106803	20439102	2181	15060203	"MARICOPA"	"Stream"	33.938175	-111.463936	457125	3755398	"12N"	NA	NA	NA
"VRUGC000.26"	111077	20452080	2636	15060202	"YAVAPAI"	"Stream"	34.550985	-112.461179	365935	3824220	"12N"	NA	NA	NA
"VRUGC000.57"	111095	20452080	2637	15060202	"YAVAPAI"	"Stream"	34.546814	-112.461265	365921	3823758	"12N"	NA	NA	NA
"VRUMU000.13"	107282	20453162	2225	15060202	"COCONINO"	"Stream"	34.933889	-111.645833	441019	3865902	"12N"	NA	NA	NA
"VRUOA000.04"	106382	20450530	2143	15060202	"COCONINO"	"Stream"	35.004722	-111.734722	432959	3873813	"12N"	NA	NA	NA
"VRUPM000.01"	106383	20438440	2144	15060202	"COCONINO"	"Stream"	34.024444	-111.735833	432066	3765110	"12N"	NA	NA	NA
"VRUTA000.49"	108662	20452666	2388	15060202	"YAVAPAI"	"Stream"	34.591083	-112.472667	364946	3828683	"12N"	NA	NA	NA
"VRUUG000.10"	111076	20452080	2635	15060202	"YAVAPAI"	"Stream"	34.551091	-112.459034	366133	3824229	"12N"	NA	NA	NA
"VRUUG001.25"	111075	20452102	2634	15060202	"YAVAPAI"	"Stream"	34.536633	-112.456673	366326	3822623	"12N"	NA	NA	NA
"VRUWC000.71"	107602	20452030	2263	15060202	"YAVAPAI"	"Stream"	34.583347	-112.526236	360020	3827898	"12N"	NA	NA	NA
"VRUWL000.19"	107604	20452068	2265	15060202	"YAVAPAI"	"Stream"	34.584053	-112.419102	369848	3827833	"12N"	NA	NA	NA
"VRUWR000.47"	107603	20452060	2264	15060202	"YAVAPAI"	"Stream"	34.596498	-112.436679	368255	3829236	"12N"	NA	NA	NA
"VRUWV001.55"	110776	20468060	2594	15060201	"YAVAPAI"	"Stream"	34.804195	-112.773279	337792	3852762	"12N"	4840	NA	NA
"VRVER000.38"	102566	20440142	1333	15060203	"MARICOPA"	"Stream"	33.551111	-111.663889	438370	3712583	"12N"	NA	NA	NA
"VRVER002.73"	104148	945060121	1843	15060203	"MARICOPA"	"Stream"	33.581111	-111.670556	437773	3715913	"12N"	NA	NA	NA
"VRVER013.45"	101522	20439784	814	15060203	"MARICOPA"	"Stream"	33.71	-111.654722	439333	3730194	"12N"	NA	NA	NA
"VRVER022.53"	100741	20439500	413	15060203	"MARICOPA"	"Stream"	33.80825	-111.663611	438579	3741093	"12N"	NA	NA	NA
"VRVER024.22"	103133	20440586	1484	15060203	"MARICOPA"	"Stream"	33.813222	-111.639278	440835	3741630	"12N"	NA	NA	NA
"VRVER040.13"	100831	20440504	455	15060203	"MARICOPA"	"Stream"	33.944644	-111.682806	436903	3756228	"12N"	NA	NA	NA
"VRVER044.71"	102836	20438978	1419	15060203	"MARICOPA"	"Stream"	33.98175	-111.710611	434362	3760360	"12N"	NA	NA	NA
"VRVER053.21"	100740	20438416	412	15060203	"YAVAPAI"	"Stream"	34.073056	-111.716389	433899	3770488	"12N"	NA	NA	NA
"VRVER053.70"	100678	20438416	376	15060203	"YAVAPAI"	"Stream"	34.075837	-111.708958	434587	3770791	"12N"	2040	"reference"	2014
"VRVER054.62"	103408	20437544	1575	15060203	"YAVAPAI"	"Stream"	34.085611	-111.711083	434398	3771877	"12N"	NA	NA	NA
"VRVER054.92"	111477	20437562	61707	15060203	"YAVAPAI"	"Stream"	34.08104	-111.70724	434749	3771367	"12N"	NA	NA	NA
"VRVER070.22"	103176	20437274	1496	15060203	"GILA"	"Stream"	34.199	-111.690389	436393	3784436	"12N"	NA	NA	NA
"VRVER086.44"	104142	20436744	1837	15060203	"YAVAPAI"	"Stream"	34.348056	-111.696111	435978	3800968	"12N"	NA	NA	NA
"VRVER087.85"	104117	20436682	1828	15060203	"YAVAPAI"	"Stream"	34.362778	-111.714167	434329	3802612	"12N"	NA	NA	NA
"VRVER095.30"	104118	20436422	1829	15060203	"YAVAPAI"	"Stream"	34.414444	-111.781667	428166	3808387	"12N"	NA	NA	NA
"VRVER099.45"	100766	20436276	1163	15060203	"YAVAPAI"	"Stream"	34.448333	-111.79	427430	3812151	"12N"	NA	NA	NA
"VRVER101.15"	104145	20436238	1840	15060203	"YAVAPAI"	"Stream"	34.463611	-111.787222	427698	3813843	"12N"	NA	NA	NA
"VRVER103.19"	106122	20436214	2102	15060203	"YAVAPAI"	"Stream"	34.473056	-111.800833	426456	3814900	"12N"	NA	NA	NA
"VRVER103.60"	100477	20436214	992	15060203	"YAVAPAI"	"Stream"	34.478972	-111.80025	426515	3815556	"12N"	2960	NA	NA
"VRVER103.73"	100677	20436214	375	15060203	"YAVAPAI"	"Stream"	34.480721	-111.799454	426590	3815749	"12N"	2940	NA	NA
"VRVER104.30"	110043	20436214	2497	15060203	"YAVAPAI"	"Stream"	34.479749	-111.812649	425377	3815651	"12N"	NA	NA	NA
"VRVER105.51"	104141	20436170	1836	15060203	"YAVAPAI"	"Stream"	34.486944	-111.817778	424913	3816453	"12N"	NA	NA	NA
"VRVER105.81"	110044	20436170	2498	15060203	"YAVAPAI"	"Stream"	34.498082	-111.815982	425088	3817687	"12N"	NA	NA	NA
"VRVER106.50"	104140	20436170	1835	15060203	"YAVAPAI"	"Stream"	34.5	-111.819722	424746	3817902	"12N"	NA	NA	NA
"VRVER107.53"	100750	20435378	419	15060203	"YAVAPAI"	"Stream"	34.504167	-111.829444	423857	3818371	"12N"	NA	NA	NA
"VRVER107.68"	100723	20435378	403	15060203	"YAVAPAI"	"Stream"	34.506917	-111.837417	423128	3818682	"12N"	3000	NA	NA
"VRVER108.49"	100476	20435332	275	15060203	"YAVAPAI"	"Stream"	34.515556	-111.838611	423026	3819641	"12N"	NA	NA	NA
"VRVER108.95"	104120	20435298	1831	15060203	"YAVAPAI"	"Stream"	34.523333	-111.835278	423339	3820501	"12N"	NA	NA	NA
"VRVER109.21"	104147	20435298	1842	15060203	"YAVAPAI"	"Stream"	34.526667	-111.837778	423113	3820873	"12N"	NA	NA	NA
"VRVER109.58"	104143	20435298	1838	15060203	"YAVAPAI"	"Stream"	34.5275	-111.844167	422527	3820970	"12N"	NA	NA	NA
"VRVER110.77"	104138	20435342	1833	15060203	"YAVAPAI"	"Stream"	34.53	-111.865	420618	3821264	"12N"	NA	NA	NA
"VRVER112.19"	104137	20435214	1832	15060203	"YAVAPAI"	"Stream"	34.544167	-111.863056	420809	3822833	"12N"	NA	NA	NA
"VRVER112.88"	104139	20435214	1834	15060203	"YAVAPAI"	"Stream"	34.549722	-111.852222	421809	3823441	"12N"	NA	NA	NA
"VRVER112.98"	106101	20435214	2099	15060203	"YAVAPAI"	"Stream"	34.551361	-111.851417	421884	3823622	"12N"	NA	NA	NA
"VRVER113.33"	104150	20435214	1845	15060203	"YAVAPAI"	"Stream"	34.555278	-111.849444	422069	3824055	"12N"	NA	NA	NA
"VRVER114.19"	104146	20454286	1841	15060202	"YAVAPAI"	"Stream"	34.566667	-111.845278	422462	3825314	"12N"	NA	NA	NA
"VRVER114.53"	110062	20454272	2499	15060202	"YAVAPAI"	"Stream"	34.573636	-111.85404	421664	3826094	"12N"	NA	NA	NA
"VRVER114.78"	104157	20454272	1846	15060202	"YAVAPAI"	"Stream"	34.573333	-111.850556	421984	3826058	"12N"	NA	NA	NA
"VRVER115.29"	110063	20454254	2500	15060202	"YAVAPAI"	"Stream"	34.575302	-111.866541	420519	3826288	"12N"	NA	NA	NA
"VRVER115.33"	104144	20454268	1839	15060202	"YAVAPAI"	"Stream"	34.573093	-111.857301	421365	3826036	"12N"	NA	NA	NA
"VRVER116.65"	111470	20454268	61698	15060202	"YAVAPAI"	"Stream"	34.573275	-111.855919	421492	3826055	"12N"	NA	NA	NA
"VRVER117.07"	100484	20454256	280	15060202	"YAVAPAI"	"Stream"	34.586944	-111.878278	419454	3827589	"12N"	NA	NA	NA
"VRVER117.46"	104149	20454248	1844	15060202	"YAVAPAI"	"Stream"	34.589722	-111.884722	418866	3827902	"12N"	NA	NA	NA
"VRVER118.26"	110064	20454226	2501	15060202	"YAVAPAI"	"Stream"	34.607246	-111.877653	419531	3829840	"12N"	NA	NA	NA
"VRVER118.73"	111469	20454256	61697	15060202	"YAVAPAI"	"Stream"	34.586628	-111.880358	419263	3827555	"12N"	NA	NA	NA
"VRVER120.80"	110065	20454176	2502	15060202	"YAVAPAI"	"Stream"	34.622778	-111.899722	417523	3831580	"12N"	NA	NA	NA
"VRVER121.49"	100718	20454176	400	15060202	"YAVAPAI"	"Stream"	34.625306	-111.899972	417502	3831860	"12N"	3195	NA	NA
"VRVER121.99"	104119	20454136	1830	15060202	"YAVAPAI"	"Stream"	34.631389	-111.896944	417786	3832532	"12N"	NA	NA	NA
"VRVER123.65"	110066	20454094	2503	15060202	"YAVAPAI"	"Stream"	34.638356	-111.92571	415156	3833329	"12N"	NA	NA	NA
"VRVER124.79"	104160	20454076	1849	15060202	"YAVAPAI"	"Stream"	34.645278	-111.932778	414515	3834102	"12N"	NA	NA	NA
"VRVER127.02"	100481	20453966	754	15060202	"YAVAPAI"	"Stream"	34.675232	-111.939479	413932	3837430	"12N"	3053	NA	NA
"VRVER127.47"	110067	20453946	2504	15060202	"YAVAPAI"	"Stream"	34.673911	-111.947933	413156	3837291	"12N"	NA	NA	NA
"VRVER128.44"	111449	20453966	61624	15060202	"YAVAPAI"	"Stream"	34.675125	-111.939219	413956	3837418	"12N"	NA	NA	NA
"VRVER128.63"	103180	20453946	1500	15060202	"YAVAPAI"	"Stream"	34.679306	-111.953472	412655	3837894	"12N"	NA	NA	NA
"VRVER128.70"	111448	20453922	61623	15060202	"YAVAPAI"	"Stream"	34.678119	-111.941419	413757	3837752	"12N"	NA	NA	NA
"VRVER128.89"	111447	20453946	61622	15060202	"YAVAPAI"	"Stream"	34.679528	-111.944219	413502	3837910	"12N"	NA	NA	NA
"VRVER128.90"	110068	20453876	2505	15060202	"YAVAPAI"	"Stream"	34.685022	-111.963767	411718	3838537	"12N"	NA	NA	NA
"VRVER129.75"	109182	20453842	2423	15060202	"YAVAPAI"	"Stream"	34.690389	-111.96575	411542	3839134	"12N"	NA	NA	NA
"VRVER130.84"	110069	20453842	2506	15060202	"YAVAPAI"	"Stream"	34.699466	-111.961822	411911	3840137	"12N"	NA	NA	NA
"VRVER131.23"	111446	20453876	61621	15060202	"YAVAPAI"	"Stream"	34.689661	-111.965769	411539	3839053	"12N"	NA	NA	NA
"VRVER132.59"	100483	20453806	279	15060202	"YAVAPAI"	"Stream"	34.707639	-111.975556	410662	3841055	"12N"	NA	NA	NA
"VRVER132.62"	110070	20453784	2507	15060202	"YAVAPAI"	"Stream"	34.70891	-111.985156	409784	3841205	"12N"	NA	NA	NA
"VRVER134.74"	110071	20453756	2508	15060202	"YAVAPAI"	"Stream"	34.734465	-112.000712	408388	3844053	"12N"	NA	NA	NA
"VRVER135.01"	110072	20454480	2509	15060202	"YAVAPAI"	"Stream"	34.73891	-111.999323	408520	3844544	"12N"	NA	NA	NA
"VRVER135.71"	111445	20453756	61620	15060202	"YAVAPAI"	"Stream"	34.720711	-111.990594	409299	3842518	"12N"	NA	NA	NA
"VRVER135.78"	101828	20453756	934	15060202	"YAVAPAI"	"Stream"	34.721667	-111.990556	409304	3842624	"12N"	NA	NA	NA
"VRVER135.98"	110166	20453756	2524	15060202	"YAVAPAI"	"Stream"	34.724188	-111.992101	409165	3842905	"12N"	NA	NA	NA
"VRVER136.05"	110103	20451742	2514	15060202	"YAVAPAI"	"Stream"	34.751132	-112.001546	408330	3845902	"12N"	NA	NA	NA
"VRVER136.21"	111475	20453756	61704	15060202	"YAVAPAI"	"Stream"	34.727222	-111.993333	409055	3843243	"12N"	NA	NA	NA
"VRVER136.57"	110073	20452620	2510	15060202	"YAVAPAI"	"Stream"	34.749465	-112.009324	407616	3845724	"12N"	NA	NA	NA
"VRVER136.60"	110074	20452620	2511	15060202	"YAVAPAI"	"Stream"	34.749465	-112.009879	407565	3845725	"12N"	NA	NA	NA
"VRVER136.79"	111450	20453756	61625	15060202	"YAVAPAI"	"Stream"	34.732694	-111.999583	408489	3843855	"12N"	NA	NA	NA
"VRVER136.93"	110104	20452618	2515	15060202	"YAVAPAI"	"Stream"	34.751132	-112.016268	406982	3845915	"12N"	NA	NA	NA
"VRVER137.53"	101545	20452618	820	15060202	"YAVAPAI"	"Stream"	34.751389	-112.0175	406870	3845945	"12N"	3280	NA	NA
"VRVER137.75"	101544	20452618	819	15060202	"YAVAPAI"	"Stream"	34.75	-112.021111	406538	3845794	"12N"	3320	NA	NA
"VRVER137.80"	100482	20452618	753	15060202	"YAVAPAI"	"Stream"	34.749889	-112.021972	406459	3845783	"12N"	3280	NA	NA
"VRVER138.38"	111444	20451742	61619	15060202	"YAVAPAI"	"Stream"	34.751161	-112.001225	408359	3845905	"12N"	NA	NA	NA
"VRVER139.37"	110105	20451706	2516	15060202	"YAVAPAI"	"Stream"	34.766132	-112.02738	405982	3847589	"12N"	NA	NA	NA
"VRVER139.89"	111443	20452616	61618	15060202	"YAVAPAI"	"Stream"	34.752117	-112.024578	406223	3846032	"12N"	NA	NA	NA
"VRVER139.99"	101546	20451706	1013	15060202	"YAVAPAI"	"Stream"	34.765833	-112.030278	405717	3847559	"12N"	NA	NA	NA
"VRVER140.64"	101547	20451706	821	15060202	"YAVAPAI"	"Stream"	34.767222	-112.040833	404752	3847723	"12N"	3350	NA	NA
"VRVER140.76"	101548	20451706	822	15060202	"YAVAPAI"	"Stream"	34.769444	-112.041111	404729	3847969	"12N"	NA	NA	NA
"VRVER140.94"	101549	20451698	823	15060202	"YAVAPAI"	"Stream"	34.771667	-112.044444	404427	3848219	"12N"	NA	NA	NA
"VRVER141.04"	110165	20451684	2523	15060202	"YAVAPAI"	"Stream"	34.777778	-112.048889	404027	3848901	"12N"	NA	NA	NA
"VRVER141.70"	101550	20451662	824	15060202	"YAVAPAI"	"Stream"	34.780556	-112.049444	403980	3849210	"12N"	NA	NA	NA
"VRVER141.75"	111442	20451706	61617	15060202	"YAVAPAI"	"Stream"	34.765122	-112.028908	405841	3847479	"12N"	NA	NA	NA
"VRVER142.16"	101551	20451662	1014	15060202	"YAVAPAI"	"Stream"	34.786389	-112.051667	403783	3849859	"12N"	NA	NA	NA
"VRVER142.43"	111441	20451706	61616	15060202	"YAVAPAI"	"Stream"	34.767042	-112.039694	404856	3847702	"12N"	NA	NA	NA
"VRVER142.73"	110122	20451662	2517	15060202	"YAVAPAI"	"Stream"	34.79502	-112.059326	403092	3850823	"12N"	NA	NA	NA
"VRVER142.88"	111440	20451698	61615	15060202	"YAVAPAI"	"Stream"	34.771936	-112.04425	404445	3848249	"12N"	NA	NA	NA
"VRVER143.29"	101552	20451662	825	15060202	"YAVAPAI"	"Stream"	34.795556	-112.058333	403184	3850882	"12N"	NA	NA	NA
"VRVER143.52"	111439	20451684	61614	15060202	"YAVAPAI"	"Stream"	34.779878	-112.049322	403990	3849134	"12N"	NA	NA	NA
"VRVER143.79"	111438	20451662	61613	15060202	"YAVAPAI"	"Stream"	34.783247	-112.049903	403941	3849509	"12N"	NA	NA	NA
"VRVER144.71"	111437	20451662	61612	15060202	"YAVAPAI"	"Stream"	34.790744	-112.060756	402957	3850350	"12N"	NA	NA	NA
"VRVER145.23"	111436	20451662	61611	15060202	"YAVAPAI"	"Stream"	34.796719	-112.057269	403282	3851010	"12N"	NA	NA	NA
"VRVER145.93"	106079	20452568	2098	15060202	"YAVAPAI"	"Stream"	34.808778	-112.056	403413	3852346	"12N"	NA	NA	NA
"VRVER146.91"	111435	20451616	61610	15060202	"YAVAPAI"	"Stream"	34.802242	-112.043936	404509	3851609	"12N"	NA	NA	NA
"VRVER146.91"	101553	20451586	826	15060202	"YAVAPAI"	"Stream"	34.821944	-112.064722	402630	3853814	"12N"	NA	NA	NA
"VRVER147.16"	111434	20452568	61609	15060202	"YAVAPAI"	"Stream"	34.801933	-112.048014	404135	3851579	"12N"	NA	NA	NA
"VRVER147.23"	101554	20451552	827	15060202	"YAVAPAI"	"Stream"	34.825556	-112.064444	402660	3854215	"12N"	NA	NA	NA
"VRVER148.22"	110142	20451524	2519	15060202	"YAVAPAI"	"Stream"	34.834464	-112.049049	404078	3855188	"12N"	NA	NA	NA
"VRVER149.10"	111433	20451552	61608	15060202	"YAVAPAI"	"Stream"	34.823942	-112.065458	402565	3854037	"12N"	NA	NA	NA
"VRVER150.52"	100478	20452548	276	15060202	"YAVAPAI"	"Stream"	34.851139	-112.064083	402723	3857051	"12N"	NA	NA	NA
"VRVER150.65"	100738	20452548	410	15060202	"YAVAPAI"	"Stream"	34.851389	-112.066111	402538	3857081	"12N"	NA	NA	NA
"VRVER151.95"	101555	20451480	828	15060202	"YAVAPAI"	"Stream"	34.857778	-112.073333	401885	3857797	"12N"	NA	NA	NA
"VRVER152.73"	101559	20451466	832	15060202	"YAVAPAI"	"Stream"	34.864444	-112.083306	400982	3858546	"12N"	NA	NA	NA
"VRVER154.07"	104319	20451468	1877	15060202	"YAVAPAI"	"Stream"	34.8675	-112.101667	399307	3858903	"12N"	NA	NA	NA
"VRVER154.70"	101562	20451430	834	15060202	"YAVAPAI"	"Stream"	34.870833	-112.111111	398448	3859282	"12N"	NA	NA	NA
"VRVER155.91"	104161	20452532	1850	15060202	"YAVAPAI"	"Stream"	34.875556	-112.131111	396626	3859826	"12N"	NA	NA	NA
"VRVER157.28"	110163	20451344	2521	15060202	"YAVAPAI"	"Stream"	34.890019	-112.139608	395868	3861439	"12N"	NA	NA	NA
"VRVER159.89"	101565	20451414	1186	15060202	"YAVAPAI"	"Stream"	34.879167	-112.158056	394168	3860255	"12N"	NA	NA	NA
"VRVER162.32"	101567	20451412	838	15060202	"YAVAPAI"	"Stream"	34.892778	-112.173333	392789	3861781	"12N"	NA	NA	NA
"VRVER162.65"	104158	20451412	1847	15060202	"YAVAPAI"	"Stream"	34.895556	-112.178333	392336	3862094	"12N"	NA	NA	NA
"VRVER163.19"	101569	20451412	840	15060202	"YAVAPAI"	"Stream"	34.898889	-112.184167	391807	3862470	"12N"	NA	NA	NA
"VRVER164.63"	100487	20451326	283	15060202	"YAVAPAI"	"Stream"	34.895223	-112.205446	389858	3862087	"12N"	3820	NA	NA
"VRVER165.07"	100672	20451324	755	15060202	"YAVAPAI"	"Stream"	34.89368	-112.212215	389238	3861923	"12N"	3820	"reference"	2014
"VRVER165.13"	101568	20451324	839	15060202	"YAVAPAI"	"Stream"	34.893889	-112.213333	389136	3861947	"12N"	NA	NA	NA
"VRVER169.04"	101570	20451276	841	15060202	"YAVAPAI"	"Stream"	34.906944	-112.257222	385143	3863445	"12N"	NA	NA	NA
"VRVER170.62"	105438	20451276	2035	15060202	"YAVAPAI"	"Stream"	34.915167	-112.273	383714	3864375	"12N"	NA	NA	NA
"VRVER170.92"	101572	20451276	843	15060202	"YAVAPAI"	"Stream"	34.9175	-112.276111	383433	3864637	"12N"	NA	NA	NA
"VRVER171.11"	101571	20451320	842	15060202	"YAVAPAI"	"Stream"	34.916944	-112.279167	383153	3864579	"12N"	NA	NA	NA
"VRVER174.73"	101563	20451392	835	15060202	"YAVAPAI"	"Stream"	34.877778	-112.288611	382234	3860247	"12N"	NA	NA	NA
"VRVER175.01"	101564	20451418	836	15060202	"YAVAPAI"	"Stream"	34.8775	-112.293611	381777	3860222	"12N"	NA	NA	NA
"VRVER177.42"	101566	20451366	837	15060202	"YAVAPAI"	"Stream"	34.880722	-112.320278	379344	3860611	"12N"	NA	NA	NA
"VRVER179.25"	100488	20452528	284	15060202	"YAVAPAI"	"Stream"	34.894472	-112.342944	377293	3862163	"12N"	4100	NA	NA
"VRVER180.99"	102173	20451380	1111	15060202	"YAVAPAI"	"Stream"	34.878611	-112.357222	375965	3860422	"12N"	NA	NA	NA
"VRVER181.03"	102172	20451380	1110	15060202	"YAVAPAI"	"Stream"	34.878333	-112.357778	375913	3860392	"12N"	NA	NA	NA
"VRVER182.14"	102089	20451380	1062	15060202	"YAVAPAI"	"Stream"	34.884061	-112.371466	374671	3861044	"12N"	NA	NA	NA
"VRVER185.21"	100764	20451432	865	15060202	"YAVAPAI"	"Stream"	34.867489	-112.401836	371870	3859244	"12N"	4200	NA	NA
"VRVER186.67"	104159	20451434	1848	15060202	"YAVAPAI"	"Stream"	34.866944	-112.4225	369980	3859211	"12N"	NA	NA	NA
"VRVER187.15"	101556	20451448	829	15060202	"YAVAPAI"	"Stream"	34.865167	-112.429417	369345	3859023	"12N"	NA	NA	NA
"VRWAL017.56"	110164	20467152	2522	15060201	"YAVAPAI"	"Stream"	34.928629	-112.817126	334031	3866636	"12N"	NA	NA	NA
"VRWAL018.59"	100930	20467196	485	15060201	"YAVAPAI"	"Stream"	34.92225	-112.842417	331707	3865970	"12N"	NA	NA	NA
"VRWAL018.97"	100681	20467206	756	15060201	"YAVAPAI"	"Stream"	34.920087	-112.848513	331146	3865741	"12N"	5160	NA	NA
"VRWBV002.97"	105440	20454156	2037	15060202	"YAVAPAI"	"Stream"	34.626417	-111.798944	426764	3831906	"12N"	3350	NA	NA
"VRWBV003.48"	104202	20454132	1861	15060202	"YAVAPAI"	"Stream"	34.631111	-111.793889	427232	3832422	"12N"	NA	NA	NA
"VRWBV006.50"	101543	20454068	818	15060202	"YAVAPAI"	"Stream"	34.648333	-111.751111	431167	3834302	"12N"	NA	NA	NA
"VRWBV006.54"	100685	20454550	378	15060202	"YAVAPAI"	"Stream"	34.648846	-111.75073	431203	3834359	"12N"	3520	NA	NA
"VRWBV009.31"	100684	20454582	761	15060202	"YAVAPAI"	"Stream"	34.667383	-111.716122	434389	3836391	"12N"	3760	NA	NA
"VRWBV012.35"	100497	20454544	290	15060202	"YAVAPAI"	"Stream"	34.674472	-111.672083	438429	3837150	"12N"	4020	"reference"	2014
"VRWBV012.56"	102468	20454544	1282	15060202	"YAVAPAI"	"Stream"	34.673921	-111.670166	438604	3837087	"12N"	4025	"reference"	2014
"VRWCL000.10"	104199	20435376	1858	15060203	"YAVAPAI"	"Stream"	34.505278	-111.828333	423960	3818494	"12N"	NA	NA	NA
"VRWCL001.16"	100200	20435376	436	15060203	"YAVAPAI"	"Stream"	34.515889	-111.817083	425002	3819662	"12N"	3097.6	NA	NA
"VRWCL002.30"	104180	20435304	1855	15060203	"YAVAPAI"	"Stream"	34.522222	-111.800833	426500	3820353	"12N"	NA	NA	NA
"VRWCL003.23"	103172	20435320	1492	15060203	"YAVAPAI"	"Stream"	34.5205	-111.785556	427900	3820151	"12N"	NA	NA	NA
"VRWCL003.82"	100475	20435352	274	15060203	"YAVAPAI"	"Stream"	34.519167	-111.775278	428842	3819995	"12N"	NA	NA	NA
"VRWCL004.09"	105130	20435352	1984	15060203	"YAVAPAI"	"Stream"	34.517778	-111.771111	429224	3819838	"12N"	NA	NA	NA
"VRWCL004.72"	100201	20435352	961	15060203	"YAVAPAI"	"Stream"	34.514167	-111.763222	429945	3819433	"12N"	3310.6	NA	NA
"VRWCL005.10"	100689	20435606	379	15060203	"YAVAPAI"	"Stream"	34.514176	-111.756645	430549	3819429	"12N"	3260	NA	NA
"VRWCL005.53"	100202	20435606	112	15060203	"YAVAPAI"	"Stream"	34.516583	-111.750417	431122	3819692	"12N"	3341.6	NA	NA
"VRWCL005.80"	104197	20435606	1856	15060203	"YAVAPAI"	"Stream"	34.515278	-111.746944	431440	3819545	"12N"	NA	NA	NA
"VRWCL009.24"	100203	20435308	113	15060203	"YAVAPAI"	"Stream"	34.534333	-111.714833	434402	3821636	"12N"	3617	NA	NA
"VRWCL009.56"	104198	20435308	1857	15060203	"YAVAPAI"	"Stream"	34.536389	-111.710833	434771	3821862	"12N"	NA	NA	NA
"VRWCL010.66"	100749	20435246	418	15060203	"YAVAPAI"	"Stream"	34.538611	-111.694167	436302	3822098	"12N"	3630	NA	NA
"VRWCL011.16"	100204	20435258	864	15060203	"YAVAPAI"	"Stream"	34.538417	-111.685361	437110	3822070	"12N"	3660	"reference"	2014
"VRWCL023.36"	100687	20435278	758	15060203	"COCONINO"	"Stream"	34.561008	-111.525876	451758	3824488	"12N"	5000	NA	NA
"VRWCL036.37"	100205	20435194	114	15060203	"COCONINO"	"Stream"	34.553139	-111.407528	462611	3823565	"12N"	5985	"reference"	2014
"VRWEB008.17"	111459	20436564	61673	15060203	"GILA"	"Stream"	34.38905	-111.35736	467150	3805352	"12N"	NA	NA	NA
"VRWEB009.13"	100690	20436502	380	15060203	"GILA"	"Stream"	34.399335	-111.364853	466465	3806495	"12N"	5380	NA	NA
"VRWEB010.36"	110815	20438172	2599	15060203	"GILA"	"Stream"	34.412359	-111.373253	465698	3807942	"12N"	5608	NA	NA
"VRWET001.42"	100777	20437386	426	15060203	"GILA"	"Stream"	34.160833	-111.693056	436118	3780206	"12N"	NA	NA	NA
"VRWIL003.31"	107542	20452656	2250	15060202	"YAVAPAI"	"Stream"	34.598689	-112.460542	366071	3829510	"12N"	NA	NA	NA
"VRWIL004.32"	107543	20452028	2251	15060202	"YAVAPAI"	"Stream"	34.595286	-112.475669	364678	3829153	"12N"	NA	NA	NA
"VRWIL007.25"	107544	20452664	2252	15060202	"YAVAPAI"	"Stream"	34.579872	-112.515411	361007	3827497	"12N"	NA	NA	NA
"VRWLK000.99"	108382	20454078	2365	15060202	"COCONINO"	"Stream"	34.648472	-111.721528	433878	3834298	"12N"	3720	NA	NA
"VRWOK000.10"	101865	20453032	1210	15060202	"COCONINO"	"Stream"	34.987728	-111.746575	431863	3871937	"12N"	NA	NA	NA
"VRWOK000.14"	100494	20453032	288	15060202	"COCONINO"	"Stream"	34.988361	-111.7485	431688	3872008	"12N"	NA	NA	NA
"VRWOK000.82"	100693	20453032	1005	15060202	"COCONINO"	"Stream"	34.996528	-111.749694	431586	3872915	"12N"	5310	NA	NA
